"season","opponent","data","player","solo","ast","tot","tfl_yds","tfl","sack_yds","sacks","ff","fr_yds","fumbl","int","int_1","brup","blkd","qh","team","game_id"
2009,"Chapman University","defense","Steve Downs","6","1","7","-/-","-","-/-","-","1","1-0","-/-","-","-","-","-","-","home",7492
2009,"Chapman University","defense","Peter Antone","7","-","7","1.0/6","1.0","-/-","-","-","0-0","-/-","-","-","-","-","-","home",7492
2009,"Chapman University","defense","TEAM","5","-","5","-/-","-","-/-","-","-","0-1","1/-","-","-","-","-","-","home",7492
2009,"Chapman University","defense","Collin Hoyer","3","1","4","-/-","-","-/-","-","-","0-0","-/-","-","-","1","-","-","home",7492
2009,"Chapman University","defense","Brian Kaltenecker","4","-","4","1.0/1","1.0","-/-","-","-","0-1","1/-","-","-","-","-","-","home",7492
2009,"Chapman University","defense","Kevin Anderson","3","1","4","-/-","-","-/-","-","-","0-0","-/-","-","-","-","-","-","home",7492
2009,"Chapman University","defense","Mike Arakelian","3","1","4","-/-","-","-/-","-","-","0-0","-/-","-","-","-","-","-","home",7492
2009,"Chapman University","defense","Jake Fey","2","1","3","-/-","-","-/-","-","-","0-0","-/-","-","-","-","-","-","home",7492
2009,"Chapman University","defense","Michael Mehlhaff","3","-","3","-/-","-","-/-","-","-","0-0","-/-","-","-","-","-","-","home",7492
2009,"Chapman University","defense","Kellen Matsuno","3","-","3","-/-","-","-/-","-","-","0-0","-/-","-","-","-","-","-","home",7492
2009,"Chapman University","defense","Jason Oregel","2","1","3","-/-","-","-/-","-","-","0-0","-/-","-","-","-","-","-","home",7492
2009,"Chapman University","defense","Danny Jones","2","-","2","-/-","-","-/-","-","-","0-0","-/-","-","-","-","-","-","home",7492
2009,"Chapman University","defense","Erick Mueller","1","1","2","-/-","-","-/-","-","-","0-0","-/-","-","-","-","-","-","home",7492
2009,"Chapman University","defense","Willie Robbins","2","-","2","1.0/4","1.0","-/-","-","1","1-0","-/-","-","-","-","-","-","home",7492
2009,"Chapman University","defense","Nick Nugwynne","1","-","1","-/-","-","-/-","-","-","0-0","-/-","1-4","1","-","-","-","home",7492
2009,"Chapman University","defense","Tyler Halstead","1","-","1","-/-","-","-/-","-","-","0-0","-/-","-","-","-","-","-","home",7492
2009,"Chapman University","defense","Andrew Carcova","-","1","1","-/-","-","-/-","-","-","0-1","1/-","-","-","-","-","-","home",7492
2009,"Chapman University","defense","Jordan Pavlisin","1","-","1","-/-","-","-/-","-","-","0-0","-/-","-","-","-","-","-","home",7492
2009,"Chapman University","defense","Richard Phillips","1","-","1","-/-","-","-/-","-","-","0-0","-/-","-","-","-","-","-","home",7492
2009,"Chapman University","defense","Stephen Sales","1","-","1","-/-","-","-/-","-","-","0-0","-/-","-","-","-","-","-","home",7492
2009,"Chapman University","defense","Rymer","5","1","6","-/-","-","-/-","-","-","0-0","-/-","-","-","1","-","-","away",7492
2009,"Chapman University","defense","Atwater","4","1","5","1.0/2","1.0","-/-","-","-","0-0","-/-","-","-","-","-","-","away",7492
2009,"Chapman University","defense","Morris","4","-","4","3.0/4","3.0","-/-","-","-","0-0","-/-","-","-","-","-","-","away",7492
2009,"Chapman University","defense","Laredo","3","1","4","-/-","-","-/-","-","-","0-0","-/-","-","-","-","-","-","away",7492
2009,"Chapman University","defense","Marcoot","4","-","4","-/-","-","-/-","-","-","0-0","-/-","-","-","-","-","-","away",7492
2009,"Chapman University","defense","Tognoni","3","-","3","2.0/2","2.0","-/-","-","-","0-0","-/-","2-63","2","1","-","-","away",7492
2009,"Chapman University","defense","Park","3","-","3","-/-","-","-/-","-","-","0-0","-/-","-","-","-","-","-","away",7492
2009,"Chapman University","defense","Salzman","2","1","3","-/-","-","-/-","-","-","0-0","-/-","-","-","-","-","-","away",7492
2009,"Chapman University","defense","Mills","3","-","3","2.0/3","2.0","-/-","-","-","0-0","-/-","-","-","-","-","-","away",7492
2009,"Chapman University","defense","TEAM","3","-","3","-/-","-","-/-","-","-","0-0","-/-","-","-","-","-","-","away",7492
2009,"Chapman University","defense","Weyerhauser","2","-","2","1.0/1","1.0","-/-","-","-","0-0","-/-","-","-","-","-","-","away",7492
2009,"Chapman University","defense","Olson","2","-","2","-/-","-","-/-","-","-","0-0","-/-","-","-","-","-","-","away",7492
2009,"Chapman University","defense","Chiang","2","-","2","1.0/5","1.0","-/-","-","-","0-0","-/-","-","-","1","-","-","away",7492
2009,"Chapman University","defense","Picciotto","-","1","1","-/-","-","-/-","-","-","0-0","-/-","-","-","-","-","-","away",7492
2009,"Chapman University","defense","Jiwanlal","1","-","1","-/-","-","-/-","-","-","0-0","-/-","-","-","-","-","-","away",7492
2009,"Chapman University","defense","Hansen","-","1","1","-/-","-","-/-","-","-","0-0","-/-","-","-","-","-","-","away",7492
2009,"Chapman University","defense","Patoc","1","-","1","-/-","-","-/-","-","-","0-0","-/-","-","-","1","-","-","away",7492
2009,"Chapman University","defense","Gorshteyn","1","-","1","-/-","-","-/-","-","-","0-0","-/-","-","-","-","-","-","away",7492
2009,"Chapman University","defense","Andrew","1","-","1","1.0/1","1.0","-/-","-","-","0-0","-/-","-","-","-","-","-","away",7492
2009,"Chapman University","defense","E. Yingling","1","-","1","-/-","-","-/-","-","-","0-0","-/-","-","-","-","-","-","away",7492
2009,"Occidental College","defense","Dan Picciotto","9","6","15","2.0/17","2.0","1.5/15","1.5","-","0-1","1/20","-","-","-","-","-","home",7488
2009,"Occidental College","defense","Brock Olson","4","5","9","-/-","-","-/-","-","-","0-0","-/-","1-2","1","1","-","-","home",7488
2009,"Occidental College","defense","Jake Weyerhauser","4","3","7","-/-","-","-/-","-","-","0-0","-/-","-","-","-","-","-","home",7488
2009,"Occidental College","defense","Patrick Atwater","-","5","5","-/-","-","-/-","-","-","0-0","-/-","-","-","-","-","-","home",7488
2009,"Occidental College","defense","Nate Jiwanlal","4","-","4","-/-","-","-/-","-","-","0-0","-/-","-","-","-","-","-","home",7488
2009,"Occidental College","defense","Daniel Andrew","2","2","4","-/-","-","-/-","-","-","0-0","-/-","-","-","-","-","-","home",7488
2009,"Occidental College","defense","Dane Rymer","1","2","3","0.5/2","0.5","-/-","-","-","0-0","-/-","-","-","2","-","-","home",7488
2009,"Occidental College","defense","Sae Bin Park","-","3","3","-/-","-","-/-","-","-","0-0","-/-","-","-","-","-","-","home",7488
2009,"Occidental College","defense","Rory Baird","2","1","3","1.5/1","1.5","-/-","-","-","0-0","-/-","-","-","-","-","-","home",7488
2009,"Occidental College","defense","Matt Laredo","2","-","2","1.0/1","1.0","-/-","-","-","0-0","-/-","-","-","-","-","-","home",7488
2009,"Occidental College","defense","Ben Salzman","2","-","2","-/-","-","-/-","-","-","0-0","-/-","-","-","-","-","-","home",7488
2009,"Occidental College","defense","Grigoriy Gorshteyn","-","2","2","0.5/1","0.5","-/-","-","-","0-0","-/-","-","-","-","-","-","home",7488
2009,"Occidental College","defense","Ed Mills","-","2","2","1.0/5","1.0","0.5/4","0.5","-","0-0","-/-","-","-","-","-","-","home",7488
2009,"Occidental College","defense","Alex Curtis","1","-","1","-/-","-","-/-","-","-","0-0","-/-","-","-","-","-","-","home",7488
2009,"Occidental College","defense","Adam Morris","1","-","1","-/-","-","-/-","-","-","0-0","-/-","-","-","-","-","-","home",7488
2009,"Occidental College","defense","Kyle Hansen","1","-","1","-/-","-","-/-","-","-","0-0","-/-","-","-","-","-","-","home",7488
2009,"Occidental College","defense","Charles Sarosy","1","-","1","-/-","-","-/-","-","-","0-0","-/-","-","-","-","-","-","home",7488
2009,"Occidental College","defense","Jackie Coburn","1","-","1","-/-","-","-/-","-","-","0-0","-/-","-","-","-","-","-","home",7488
2009,"Occidental College","defense","Dylan Marcoot","-","1","1","0.5/1","0.5","-/-","-","-","0-0","-/-","-","-","-","-","-","home",7488
2009,"Occidental College","defense","Peter Schock","-","1","1","-/-","-","-/-","-","-","0-0","-/-","-","-","-","-","-","home",7488
2009,"Occidental College","defense","Eric Yingling","-","1","1","-/-","-","-/-","-","-","0-0","-/-","-","-","-","-","1","home",7488
2009,"Occidental College","defense","Zac Perkins","4","4","8","-/-","-","-/-","-","-","0-0","-/-","-","-","-","-","-","away",7488
2009,"Occidental College","defense","Josh Beck","5","3","8","2.0/11","2.0","-/-","-","-","0-0","-/-","-","-","-","-","-","away",7488
2009,"Occidental College","defense","Kyle Spaulding","4","2","6","0.5/2","0.5","0.5/2","0.5","-","0-0","-/-","-","-","-","-","-","away",7488
2009,"Occidental College","defense","Greg Holsworth","2","4","6","-/-","-","-/-","-","-","0-0","-/-","-","-","-","-","-","away",7488
2009,"Occidental College","defense","Alex Wertheimer","3","2","5","1.5/6","1.5","0.5/2","0.5","-","0-1","1/-","-","-","-","-","-","away",7488
2009,"Occidental College","defense","Jesse Fischer","2","2","4","-/-","-","-/-","-","-","0-0","-/-","-","-","-","-","-","away",7488
2009,"Occidental College","defense","Jim Hildensperger","3","1","4","1.0/8","1.0","1.0/8","1.0","-","0-0","-/-","-","-","-","-","1","away",7488
2009,"Occidental College","defense","Jordan Washington","3","-","3","-/-","-","-/-","-","-","0-0","-/-","-","-","-","-","-","away",7488
2009,"Occidental College","defense","Aaron Stanton","2","1","3","-/-","-","-/-","-","-","0-0","-/-","-","-","-","-","-","away",7488
2009,"Occidental College","defense","Nate Proulx","2","-","2","-/-","-","-/-","-","-","0-0","-/-","-","-","-","-","-","away",7488
2009,"Occidental College","defense","Dillon Tucker","2","-","2","-/-","-","-/-","-","-","0-0","-/-","1-2","1","-","-","-","away",7488
2009,"Occidental College","defense","Ryan Rodriguez","-","1","1","-/-","-","-/-","-","-","0-0","-/-","-","-","-","-","-","away",7488
2009,"Occidental College","defense","Ayrton Bates","1","-","1","-/-","-","-/-","-","-","0-0","-/-","-","-","1","-","-","away",7488
2009,"Occidental College","defense","Kyle Kazarian","-","1","1","-/-","-","-/-","-","-","0-0","-/-","-","-","-","-","-","away",7488
2009,"Occidental College","defense","Trace Wallace","1","-","1","-/-","-","-/-","-","-","0-0","-/-","-","-","-","-","-","away",7488
2009,"Occidental College","defense","Adam DiBenedetto","-","1","1","-/-","-","-/-","-","-","0-0","-/-","-","-","-","-","-","away",7488
2009,"Occidental College","defense","Mike Jorgenson","1","-","1","-/-","-","-/-","-","-","0-0","-/-","-","-","-","-","-","away",7488
2009,"Occidental College","defense","Cory Suess","1","-","1","-/-","-","-/-","-","-","0-0","-/-","-","-","-","-","-","away",7488
2009,"Occidental College","defense","Schuyler Ross","1","-","1","-/-","-","-/-","-","-","0-0","-/-","-","-","-","-","-","away",7488
2009,"Occidental College","defense","Tommy Andre","1","-","1","-/-","-","-/-","-","-","0-0","-/-","-","-","-","-","-","away",7488
2009,"Occidental College","defense","Jordan Inabnit","-","-","-","-/-","-","-/-","-","-","0-0","-/-","-","-","-","1","-","away",7488
2009,"Occidental College","defense","Robert Michel","-","-","-","-/-","-","-/-","-","-","0-0","-/-","1-29","1","-","-","-","away",7488
2009,"Pomona-Pitzer","defense","Dane Rymer","4","4","8","-/-","-","-/-","-","-","0-0","-/-","-","-","-","-","1","home",7494
2009,"Pomona-Pitzer","defense","Adam Morris","3","4","7","0.5/4","0.5","-/-","-","-","0-0","-/-","-","-","1","-","1","home",7494
2009,"Pomona-Pitzer","defense","Brock Olson","6","1","7","1.5/4","1.5","-/-","-","-","0-0","-/-","2-14","2","-","-","-","home",7494
2009,"Pomona-Pitzer","defense","Patrick Atwater","4","3","7","1.0/3","1.0","-/-","-","-","0-0","-/-","-","-","-","-","-","home",7494
2009,"Pomona-Pitzer","defense","Corbin Tognoni","3","3","6","-/-","-","-/-","-","-","0-0","-/-","-","-","1","-","-","home",7494
2009,"Pomona-Pitzer","defense","Dan Picciotto","2","3","5","1.5/9","1.5","-/-","-","-","0-0","-/-","1-0","1","-","-","-","home",7494
2009,"Pomona-Pitzer","defense","Dylan Marcoot","1","3","4","1.5/6","1.5","-/-","-","-","0-0","-/-","-","-","-","-","-","home",7494
2009,"Pomona-Pitzer","defense","Kyle Hansen","2","1","3","-/-","-","-/-","-","-","0-0","-/-","-","-","-","-","-","home",7494
2009,"Pomona-Pitzer","defense","Landon Patoc","3","-","3","-/-","-","-/-","-","-","0-0","-/-","-","-","3","-","-","home",7494
2009,"Pomona-Pitzer","defense","Ed Mills","2","1","3","-/-","-","-/-","-","-","0-0","-/-","-","-","-","-","1","home",7494
2009,"Pomona-Pitzer","defense","Daniel Andrew","-","3","3","-/-","-","-/-","-","-","0-0","-/-","-","-","-","-","-","home",7494
2009,"Pomona-Pitzer","defense","David Henningsen","2","-","2","-/-","-","-/-","-","-","0-0","-/-","-","-","-","-","-","home",7494
2009,"Pomona-Pitzer","defense","D.J. Lillard","1","-","1","-/-","-","-/-","-","-","0-0","-/-","-","-","-","-","-","home",7494
2009,"Pomona-Pitzer","defense","Corey Bickler","-","1","1","-/-","-","-/-","-","-","0-0","-/-","-","-","-","-","-","home",7494
2009,"Pomona-Pitzer","defense","Charles Sarosy","1","-","1","-/-","-","-/-","-","-","0-0","-/-","-","-","-","-","-","home",7494
2009,"Pomona-Pitzer","defense","Jackie Coburn","1","-","1","1.0/4","1.0","-/-","-","-","0-0","-/-","-","-","-","-","-","home",7494
2009,"Pomona-Pitzer","defense","Sae Bin Park","-","1","1","-/-","-","-/-","-","-","0-0","-/-","-","-","-","-","-","home",7494
2009,"Pomona-Pitzer","defense","Matt Laredo","-","1","1","-/-","-","-/-","-","-","0-0","-/-","-","-","-","-","-","home",7494
2009,"Pomona-Pitzer","defense","Ben Salzman","-","1","1","-/-","-","-/-","-","-","0-0","-/-","-","-","-","-","-","home",7494
2009,"Pomona-Pitzer","defense","Eric Yingling","-","-","-","-/-","-","-/-","-","-","0-0","-/-","-","-","-","-","1","home",7494
2009,"Pomona-Pitzer","defense","Ross Tanaka","10","3","13","2.5/17","2.5","2.0/17","2.0","-","0-0","-/-","-","-","-","-","-","away",7494
2009,"Pomona-Pitzer","defense","Jacob Rollins","4","5","9","-/-","-","-/-","-","-","0-1","1/30","-","-","1","-","-","away",7494
2009,"Pomona-Pitzer","defense","Matt Jevsevar","2","7","9","1.5/10","1.5","1.0/9","1.0","-","0-0","-/-","-","-","-","-","-","away",7494
2009,"Pomona-Pitzer","defense","Max Reed","5","3","8","2.0/2","2.0","-/-","-","-","0-0","-/-","-","-","-","-","-","away",7494
2009,"Pomona-Pitzer","defense","Bryan Opritza","3","5","8","1.0/2","1.0","-/-","-","-","0-0","-/-","-","-","-","-","-","away",7494
2009,"Pomona-Pitzer","defense","Bobby Montalvo","1","3","4","-/-","-","-/-","-","-","0-0","-/-","1-50","1","1","-","-","away",7494
2009,"Pomona-Pitzer","defense","Charles Sander","3","1","4","-/-","-","-/-","-","-","0-1","1/-","-","-","-","-","-","away",7494
2009,"Pomona-Pitzer","defense","Joshua Rothman","2","1","3","-/-","-","-/-","-","-","0-0","-/-","-","-","-","-","-","away",7494
2009,"Pomona-Pitzer","defense","S. Harrison","-","3","3","-/-","-","-/-","-","-","0-0","-/-","-","-","-","-","-","away",7494
2009,"Pomona-Pitzer","defense","Alpha Anders","1","2","3","-/-","-","-/-","-","-","0-0","-/-","-","-","-","-","-","away",7494
2009,"Pomona-Pitzer","defense","Sam Littleton","2","-","2","2.0/21","2.0","1.0/8","1.0","-","0-0","-/-","-","-","-","1","-","away",7494
2009,"Pomona-Pitzer","defense","Thomas Fenster","1","1","2","-/-","-","-/-","-","-","0-0","-/-","-","-","-","-","-","away",7494
2009,"Pomona-Pitzer","defense","Jacob Kaplan","2","-","2","-/-","-","-/-","-","-","0-0","-/-","-","-","-","-","-","away",7494
2009,"Pomona-Pitzer","defense","Colin Regan","1","-","1","-/-","-","-/-","-","-","0-0","-/-","-","-","-","-","-","away",7494
2009,"Pomona-Pitzer","defense","Joseph Dixon","1","-","1","-/-","-","-/-","-","-","0-0","-/-","-","-","-","-","-","away",7494
2009,"Pomona-Pitzer","defense","Justin Meng","1","-","1","-/-","-","-/-","-","-","0-0","-/-","-","-","-","-","-","away",7494
2009,"Pomona-Pitzer","defense","Jimmy Lieber","1","-","1","-/-","-","-/-","-","-","0-0","-/-","-","-","-","-","-","away",7494
2009,"Pomona-Pitzer","defense","Donald Hamnett","1","-","1","-/-","-","-/-","-","-","0-0","-/-","-","-","-","-","-","away",7494
2009,"Pomona-Pitzer","defense","Kareem Smedley","-","-","-","-/-","-","-/-","-","-","0-0","-/-","-","-","-","1","-","away",7494
2009,"University of Puget Sound","defense","Dan Picciotto","6","7","13","2.5/15","2.5","1.0/4","1.0","-","0-0","-/-","-","-","-","-","-","home",7487
2009,"University of Puget Sound","defense","Sae Bin Park","4","3","7","-/-","-","-/-","-","-","0-0","-/-","-","-","-","-","-","home",7487
2009,"University of Puget Sound","defense","Brock Olson","4","2","6","-/-","-","-/-","-","-","0-0","-/-","-","-","1","-","-","home",7487
2009,"University of Puget Sound","defense","Patrick Atwater","2","3","5","1.0/4","1.0","-/-","-","-","0-0","-/-","-","-","-","-","-","home",7487
2009,"University of Puget Sound","defense","Jake Weyerhauser","3","1","4","-/-","-","-/-","-","-","0-0","-/-","-","-","-","-","-","home",7487
2009,"University of Puget Sound","defense","Dane Rymer","2","1","3","-/-","-","-/-","-","-","0-0","-/-","-","-","-","-","-","home",7487
2009,"University of Puget Sound","defense","Landon Patoc","2","1","3","-/-","-","-/-","-","-","0-0","-/-","-","-","2","-","-","home",7487
2009,"University of Puget Sound","defense","Ed Mills","2","1","3","1.0/16","1.0","1.0/16","1.0","-","0-0","-/-","-","-","-","-","-","home",7487
2009,"University of Puget Sound","defense","Rory Baird","1","2","3","0.5/3","0.5","-/-","-","-","0-0","-/-","-","-","-","-","-","home",7487
2009,"University of Puget Sound","defense","Daniel Andrew","1","2","3","0.5/2","0.5","-/-","-","-","0-0","-/-","-","-","-","-","-","home",7487
2009,"University of Puget Sound","defense","Corbin Tognoni","1","1","2","-/-","-","-/-","-","-","0-0","-/-","-","-","-","-","-","home",7487
2009,"University of Puget Sound","defense","Nate Jiwanlal","1","1","2","-/-","-","-/-","-","-","0-0","-/-","-","-","-","-","-","home",7487
2009,"University of Puget Sound","defense","Jackie Coburn","1","1","2","-/-","-","-/-","-","-","0-0","-/-","-","-","-","-","-","home",7487
2009,"University of Puget Sound","defense","Adam Morris","-","1","1","0.5/1","0.5","-/-","-","-","0-0","-/-","-","-","-","-","-","home",7487
2009,"University of Puget Sound","defense","Eric Yingling","-","1","1","-/-","-","-/-","-","-","0-0","-/-","-","-","-","-","-","home",7487
2009,"University of Puget Sound","defense","Vlasak, Tyler","8","12","20","1.0/1","1.0","-/-","-","-","0-0","-/-","-","-","-","-","-","away",7487
2009,"University of Puget Sound","defense","Thomas, Phillip","5","7","12","0.5/2","0.5","-/-","-","1","1-0","-/-","-","-","-","-","-","away",7487
2009,"University of Puget Sound","defense","Field-Eaton, Sean","1","7","8","0.5/1","0.5","-/-","-","-","0-0","-/-","-","-","-","-","-","away",7487
2009,"University of Puget Sound","defense","Vericella, Nick","4","4","8","0.5/1","0.5","-/-","-","-","0-0","-/-","-","-","-","-","-","away",7487
2009,"University of Puget Sound","defense","Dunn, Cory","3","4","7","0.5/2","0.5","-/-","-","-","0-1","1/-","-","-","-","-","-","away",7487
2009,"University of Puget Sound","defense","Milner, Damarkus","1","6","7","-/-","-","-/-","-","-","0-0","-/-","-","-","-","-","-","away",7487
2009,"University of Puget Sound","defense","Beck, Trevor","-","6","6","-/-","-","-/-","-","-","0-0","-/-","-","-","-","-","-","away",7487
2009,"University of Puget Sound","defense","Coberly, Casey","3","3","6","2.0/5","2.0","-/-","-","1","1-0","-/-","-","-","-","-","-","away",7487
2009,"University of Puget Sound","defense","Sobotka, James","-","3","3","-/-","-","-/-","-","-","0-0","-/-","-","-","-","-","-","away",7487
2009,"University of Puget Sound","defense","Speetjens, Frank","1","2","3","-/-","-","-/-","-","-","0-0","-/-","-","-","-","-","-","away",7487
2009,"University of Puget Sound","defense","Walker, Brian","2","1","3","-/-","-","-/-","-","-","0-0","-/-","-","-","-","-","-","away",7487
2009,"University of Puget Sound","defense","Kniffin, Adam","1","-","1","-/-","-","-/-","-","-","0-0","-/-","-","-","-","-","-","away",7487
2009,"University of Puget Sound","defense","Wacker, Niko","1","-","1","-/-","-","-/-","-","-","0-0","-/-","-","-","-","-","-","away",7487
2009,"University of Puget Sound","defense","Kyobe, Nasser","1","-","1","-/-","-","-/-","-","-","0-0","-/-","-","-","-","-","-","away",7487
2009,"University of Puget Sound","defense","Palmer, Greg","-","1","1","-/-","-","-/-","-","-","0-0","-/-","-","-","-","-","-","away",7487
2009,"University of Puget Sound","defense","Abdelrasuel, Nasser","-","-","-","-/-","-","-/-","-","-","0-0","-/-","-","-","1","-","-","away",7487
2009,"University of Puget Sound","defense","TEAM","-","-","-","-/-","-","-/-","-","-","0-1","1/-","-","-","-","-","-","away",7487
2009,"University of Redlands","defense","Brock Olson","2","6","8","-/-","-","-/-","-","-","0-0","-/-","-","-","1","1","-","home",7491
2009,"University of Redlands","defense","Matt Laredo","3","4","7","1.0/2","1.0","-/-","-","1","1-0","-/-","-","-","-","-","-","home",7491
2009,"University of Redlands","defense","Jake Weyerhauser","3","3","6","-/-","-","-/-","-","-","0-0","-/-","-","-","-","-","-","home",7491
2009,"University of Redlands","defense","Corbin Tognoni","4","2","6","1.0/1","1.0","-/-","-","-","0-0","-/-","-","-","-","-","-","home",7491
2009,"University of Redlands","defense","Nate Jiwanlal","2","4","6","-/-","-","-/-","-","-","0-0","-/-","-","-","-","-","-","home",7491
2009,"University of Redlands","defense","Patrick Atwater","1","5","6","1.0/6","1.0","1.0/6","1.0","-","0-0","-/-","-","-","-","-","-","home",7491
2009,"University of Redlands","defense","Sae Bin Park","1","5","6","-/-","-","-/-","-","-","0-0","-/-","-","-","-","-","-","home",7491
2009,"University of Redlands","defense","Adam Morris","2","3","5","-/-","-","-/-","-","-","0-0","-/-","-","-","-","-","-","home",7491
2009,"University of Redlands","defense","Dane Rymer","2","3","5","-/-","-","-/-","-","-","0-0","-/-","1-8","1","-","-","-","home",7491
2009,"University of Redlands","defense","Kyle Hansen","2","2","4","1.0/13","1.0","-/-","-","-","0-0","-/-","-","-","-","-","-","home",7491
2009,"University of Redlands","defense","Dan Picciotto","2","1","3","-/-","-","-/-","-","-","0-0","-/-","-","-","-","-","-","home",7491
2009,"University of Redlands","defense","Jackie Coburn","1","2","3","-/-","-","-/-","-","-","0-0","-/-","-","-","-","-","-","home",7491
2009,"University of Redlands","defense","David Henningsen","2","1","3","-/-","-","-/-","-","-","0-0","-/-","-","-","-","-","-","home",7491
2009,"University of Redlands","defense","Dylan Marcoot","3","-","3","1.0/2","1.0","-/-","-","-","0-0","-/-","-","-","-","-","-","home",7491
2009,"University of Redlands","defense","Grigoriy Gorshteyn","-","3","3","-/-","-","-/-","-","-","0-0","-/-","-","-","1","-","-","home",7491
2009,"University of Redlands","defense","Chet Corcos","2","-","2","-/-","-","-/-","-","-","0-0","-/-","-","-","-","-","-","home",7491
2009,"University of Redlands","defense","Daniel Andrew","1","1","2","1.0/5","1.0","1.0/5","1.0","-","0-0","-/-","-","-","-","-","-","home",7491
2009,"University of Redlands","defense","Mike Hirokawa","1","-","1","-/-","-","-/-","-","-","0-0","-/-","-","-","-","-","-","home",7491
2009,"University of Redlands","defense","Landon Patoc","-","1","1","-/-","-","-/-","-","-","0-0","-/-","1-40","1","3","-","-","home",7491
2009,"University of Redlands","defense","Ben Salzman","-","1","1","-/-","-","-/-","-","-","0-0","-/-","-","-","-","-","-","home",7491
2009,"University of Redlands","defense","Ed Mills","-","1","1","-/-","-","-/-","-","-","0-0","-/-","-","-","-","-","1","home",7491
2009,"University of Redlands","defense","Eric Yingling","-","-","-","-/-","-","-/-","-","-","0-0","-/-","-","-","-","-","1","home",7491
2009,"University of Redlands","defense","TEAM","-","-","-","-/-","-","-/-","-","-","0-1","1/-","-","-","-","-","-","home",7491
2009,"University of Redlands","defense","Josh Herrera","7","5","12","-/-","-","-/-","-","-","0-1","1/-","-","-","-","-","-","away",7491
2009,"University of Redlands","defense","Ian Sluss","4","4","8","2.5/9","2.5","2.0/8","2.0","-","0-0","-/-","-","-","-","-","-","away",7491
2009,"University of Redlands","defense","Mike Nicolini","3","3","6","2.0/15","2.0","1.0/9","1.0","-","0-0","-/-","-","-","-","-","-","away",7491
2009,"University of Redlands","defense","Mack Gordon","4","1","5","-/-","-","-/-","-","-","0-0","-/-","-","-","-","-","-","away",7491
2009,"University of Redlands","defense","Richard Dye II","1","3","4","-/-","-","-/-","-","-","0-0","-/-","1-4","1","-","-","-","away",7491
2009,"University of Redlands","defense","Josh Cunningham","2","2","4","-/-","-","-/-","-","-","0-0","-/-","-","-","-","-","-","away",7491
2009,"University of Redlands","defense","Vince DiPiero","1","2","3","-/-","-","-/-","-","-","0-0","-/-","-","-","-","-","-","away",7491
2009,"University of Redlands","defense","Scott Garner","1","2","3","-/-","-","-/-","-","-","0-1","1/-","-","-","-","-","-","away",7491
2009,"University of Redlands","defense","Mitchell Crocco","-","3","3","-/-","-","-/-","-","-","0-0","-/-","-","-","-","-","-","away",7491
2009,"University of Redlands","defense","Vince Aiello","-","2","2","-/-","-","-/-","-","-","0-0","-/-","-","-","-","-","-","away",7491
2009,"University of Redlands","defense","Steve Pope-Rolewski","1","1","2","-/-","-","-/-","-","-","0-0","-/-","-","-","-","-","-","away",7491
2009,"University of Redlands","defense","Jordan Garcia","-","2","2","1.0/2","1.0","-/-","-","-","0-0","-/-","-","-","-","-","-","away",7491
2009,"University of Redlands","defense","Spencer Minshew","1","1","2","0.5/2","0.5","-/-","-","-","0-0","-/-","-","-","-","-","-","away",7491
2009,"University of Redlands","defense","Evan Reuter","1","-","1","-/-","-","-/-","-","-","0-0","-/-","-","-","-","-","-","away",7491
2009,"University of Redlands","defense","Sean Scott","-","1","1","-/-","-","-/-","-","-","0-0","-/-","-","-","-","-","-","away",7491
2009,"University of Redlands","defense","Michael Polvere","1","-","1","-/-","-","-/-","-","1","1-1","1/-","-","-","-","-","-","away",7491
2009,"University of Redlands","defense","Jared Fink","1","-","1","1.0/1","1.0","-/-","-","-","0-0","-/-","-","-","-","-","-","away",7491
2009,"University of Redlands","defense","Matthew Collins","-","1","1","-/-","-","-/-","-","-","0-0","-/-","-","-","-","-","-","away",7491
2009,"University of Redlands","defense","Eddie Thomas","-","1","1","-/-","-","-/-","-","-","0-0","-/-","-","-","-","-","-","away",7491
2009,"University of Redlands","defense","Randall Crim","1","-","1","-/-","-","-/-","-","-","0-0","-/-","-","-","-","-","-","away",7491
2009,"University of Redlands","defense","Eric Schroeder","1","-","1","-/-","-","-/-","-","-","0-0","-/-","-","-","-","-","-","away",7491
2009,"University of Redlands","defense","Matt Mohr","1","-","1","-/-","-","-/-","-","-","0-0","-/-","-","-","-","-","-","away",7491
2009,"University of Redlands","defense","Daniel Allen","1","-","1","-/-","-","-/-","-","-","0-0","-/-","-","-","-","-","-","away",7491
2009,"Whittier College","defense","J. Cato","5","4","9","1.0/7","1.0","-/-","-","-","0-0","-/-","-","-","-","-","-","home",7493
2009,"Whittier College","defense","J. Lomeli","5","3","8","-/-","-","-/-","-","-","0-1","1/-","-","-","-","-","-","home",7493
2009,"Whittier College","defense","C. Syfers","3","5","8","-/-","-","-/-","-","1","1-0","-/-","-","-","-","-","-","home",7493
2009,"Whittier College","defense","T. Schilling","3","4","7","2.5/9","2.5","1.0/7","1.0","-","0-0","-/-","-","-","-","-","-","home",7493
2009,"Whittier College","defense","G. Salinas","3","3","6","-/-","-","-/-","-","-","0-0","-/-","-","-","-","-","-","home",7493
2009,"Whittier College","defense","A. Alonzo","5","1","6","1.0/14","1.0","1.0/14","1.0","2","2-0","-/-","-","-","-","-","-","home",7493
2009,"Whittier College","defense","R. Kirkpatrick","2","4","6","1.5/8","1.5","1.0/7","1.0","-","0-1","1/-","-","-","-","-","-","home",7493
2009,"Whittier College","defense","D. Cordova","1","3","4","-/-","-","-/-","-","-","0-0","-/-","-","-","-","-","-","home",7493
2009,"Whittier College","defense","B. Seitz","3","1","4","1.0/7","1.0","-/-","-","-","0-0","-/-","-","-","-","-","-","home",7493
2009,"Whittier College","defense","J. Porotesano","2","2","4","-/-","-","-/-","-","-","0-0","-/-","-","-","-","-","-","home",7493
2009,"Whittier College","defense","B. Johnson","2","1","3","-/-","-","-/-","-","-","0-1","1/-","-","-","-","-","-","home",7493
2009,"Whittier College","defense","J. Martinez","1","2","3","-/-","-","-/-","-","-","0-0","-/-","-","-","-","-","-","home",7493
2009,"Whittier College","defense","E. Newton","1","1","2","1.0/8","1.0","-/-","-","-","0-0","-/-","-","-","-","-","-","home",7493
2009,"Whittier College","defense","S. Sheets","-","2","2","-/-","-","-/-","-","-","0-0","-/-","-","-","-","-","-","home",7493
2009,"Whittier College","defense","R. Reynaga","1","-","1","-/-","-","-/-","-","-","0-0","-/-","-","-","-","-","-","home",7493
2009,"Whittier College","defense","C. Sears","-","1","1","-/-","-","-/-","-","-","0-0","-/-","-","-","-","-","-","home",7493
2009,"Whittier College","defense","T. Driskell","-","1","1","-/-","-","-/-","-","-","0-0","-/-","-","-","-","-","-","home",7493
2009,"Whittier College","defense","Tognoni","6","2","8","-/-","-","-/-","-","-","0-0","-/-","-","-","-","-","-","away",7493
2009,"Whittier College","defense","Picciotto","6","2","8","1.0/1","1.0","-/-","-","-","0-0","-/-","-","-","1","-","-","away",7493
2009,"Whittier College","defense","Morris","4","4","8","2.0/5","2.0","-/-","-","-","0-0","-/-","-","-","-","-","-","away",7493
2009,"Whittier College","defense","Olson","2","6","8","-/-","-","-/-","-","-","0-0","-/-","-","-","-","-","-","away",7493
2009,"Whittier College","defense","Atwater","3","4","7","1.0/1","1.0","-/-","-","-","0-0","-/-","-","-","-","-","-","away",7493
2009,"Whittier College","defense","Patoc","2","4","6","-/-","-","-/-","-","-","0-0","-/-","-","-","-","-","-","away",7493
2009,"Whittier College","defense","Mills","1","3","4","0.5/-","0.5","-/-","-","-","0-0","-/-","-","-","-","-","1","away",7493
2009,"Whittier College","defense","Rymer","-","3","3","0.5/-","0.5","-/-","-","-","0-0","-/-","-","-","-","-","-","away",7493
2009,"Whittier College","defense","Marcoot","1","1","2","-/-","-","-/-","-","-","0-0","-/-","-","-","-","-","-","away",7493
2009,"Whittier College","defense","Nottke","-","2","2","0.5/1","0.5","-/-","-","-","0-0","-/-","-","-","-","-","-","away",7493
2009,"Whittier College","defense","Gorshteyn","-","2","2","0.5/1","0.5","-/-","-","-","0-0","-/-","-","-","-","-","-","away",7493
2009,"Whittier College","defense","Hirokawa","1","-","1","-/-","-","-/-","-","-","0-0","-/-","-","-","-","-","-","away",7493
2009,"Whittier College","defense","Jiwanlal","-","1","1","-/-","-","-/-","-","-","0-0","-/-","-","-","-","1","-","away",7493
2009,"Whittier College","defense","Hansen","-","1","1","-/-","-","-/-","-","-","0-0","-/-","-","-","-","-","-","away",7493
2009,"Whittier College","defense","Henningsen","-","1","1","-/-","-","-/-","-","-","0-0","-/-","-","-","-","-","-","away",7493
2009,"Whittier College","defense","StorrieLombardi","-","1","1","-/-","-","-/-","-","-","0-0","-/-","-","-","-","-","-","away",7493
2009,"Whittier College","defense","Laredo","-","1","1","-/-","-","-/-","-","-","0-0","-/-","-","-","1","-","-","away",7493
2009,"Whittier College","defense","Salzman","-","1","1","-/-","-","-/-","-","-","0-0","-/-","-","-","-","-","-","away",7493
2009,"Whittier College","defense","E. Yingling","-","1","1","-/-","-","-/-","-","-","0-0","-/-","-","-","-","-","-","away",7493
2010,"Cal Lutheran University","defense","Ben Salzman","5","8","13","0.5/1","0.5","-/-","-","-","0-0","-/-","-","-","-","-","-","home",709
2010,"Cal Lutheran University","defense","Matt Laredo","5","3","8","1.0/1","1.0","-/-","-","-","0-0","-/-","-","-","-","-","-","home",709
2010,"Cal Lutheran University","defense","Blake Kos","5","2","7","-/-","-","-/-","-","-","0-0","-/-","-","-","-","-","-","home",709
2010,"Cal Lutheran University","defense","Adam Morris","5","1","6","1.0/1","1.0","-/-","-","-","0-0","-/-","-","-","-","-","-","home",709
2010,"Cal Lutheran University","defense","Joey Liekweg","3","3","6","-/-","-","-/-","-","-","0-2","2/-","-","-","-","-","-","home",709
2010,"Cal Lutheran University","defense","David Spiller","4","2","6","-/-","-","-/-","-","-","0-0","-/-","-","-","-","-","-","home",709
2010,"Cal Lutheran University","defense","Elijah Chiang","4","-","4","1.0/2","1.0","-/-","-","-","0-0","-/-","-","-","1","-","-","home",709
2010,"Cal Lutheran University","defense","Kyle Hansen","2","2","4","-/-","-","-/-","-","-","0-0","-/-","-","-","1","-","-","home",709
2010,"Cal Lutheran University","defense","Sae Bin Park","3","-","3","-/-","-","-/-","-","1","1-0","-/-","-","-","-","-","-","home",709
2010,"Cal Lutheran University","defense","Dylan Marcoot","1","2","3","0.5/2","0.5","-/-","-","-","0-0","-/-","-","-","-","-","-","home",709
2010,"Cal Lutheran University","defense","Ed Mills","-","3","3","-/-","-","-/-","-","-","0-0","-/-","-","-","-","-","-","home",709
2010,"Cal Lutheran University","defense","Scott Yingling","2","-","2","1.0/2","1.0","-/-","-","-","0-0","-/-","-","-","-","-","-","home",709
2010,"Cal Lutheran University","defense","Rory Baird","1","1","2","-/-","-","-/-","-","-","0-0","-/-","-","-","-","-","-","home",709
2010,"Cal Lutheran University","defense","Jake Weyerhaeuser","1","-","1","-/-","-","-/-","-","1","1-0","-/-","-","-","-","-","-","home",709
2010,"Cal Lutheran University","defense","Jack Lamb","1","-","1","-/-","-","-/-","-","-","0-0","-/-","-","-","-","-","-","home",709
2010,"Cal Lutheran University","defense","Ryan Baker","1","-","1","-/-","-","-/-","-","-","0-0","-/-","-","-","-","-","-","home",709
2010,"Cal Lutheran University","defense","Erick Janicki","-","1","1","-/-","-","-/-","-","-","0-0","-/-","-","-","-","-","-","home",709
2010,"Cal Lutheran University","defense","Cameron Conley","-","1","1","-/-","-","-/-","-","-","0-0","-/-","-","-","-","-","-","home",709
2010,"Cal Lutheran University","defense","Peter Schock","-","1","1","-/-","-","-/-","-","-","0-0","-/-","-","-","-","-","-","home",709
2010,"Cal Lutheran University","defense","Michael Mavredakis","-","-","-","-/-","-","-/-","-","-","0-1","1/-","-","-","-","-","-","home",709
2010,"Cal Lutheran University","defense","Jacob Norlock","6","8","14","-/-","-","-/-","-","-","0-0","-/-","-","-","-","-","-","away",709
2010,"Cal Lutheran University","defense","Matt O'Brien","4","8","12","-/-","-","-/-","-","-","0-0","-/-","-","-","-","-","-","away",709
2010,"Cal Lutheran University","defense","Jordan Barta","2","7","9","1.5/2","1.5","-/-","-","-","0-0","-/-","-","-","-","-","-","away",709
2010,"Cal Lutheran University","defense","Jeff Miller","4","4","8","1.5/6","1.5","1.0/5","1.0","-","0-0","-/-","-","-","-","-","-","away",709
2010,"Cal Lutheran University","defense","Christopher Cabrera","3","3","6","-/-","-","-/-","-","-","0-0","-/-","-","-","-","-","-","away",709
2010,"Cal Lutheran University","defense","Rian Younker","1","4","5","1.0/4","1.0","-/-","-","1","1-1","1/-","-","-","-","-","-","away",709
2010,"Cal Lutheran University","defense","JD Austin","3","1","4","-/-","-","-/-","-","-","0-0","-/-","-","-","-","-","-","away",709
2010,"Cal Lutheran University","defense","Brett Lewis","2","2","4","-/-","-","-/-","-","-","0-0","-/-","-","-","-","-","-","away",709
2010,"Cal Lutheran University","defense","Patrick Knox","1","2","3","1.0/4","1.0","-/-","-","-","0-0","-/-","-","-","-","-","-","away",709
2010,"Cal Lutheran University","defense","Michael Azhocar","2","1","3","-/-","-","-/-","-","-","0-0","-/-","-","-","-","-","-","away",709
2010,"Cal Lutheran University","defense","Sean Post","1","2","3","-/-","-","-/-","-","-","0-0","-/-","-","-","-","-","-","away",709
2010,"Cal Lutheran University","defense","Jon Swan","1","1","2","-/-","-","-/-","-","-","0-0","-/-","-","-","-","-","-","away",709
2010,"Cal Lutheran University","defense","Tim Cozine","-","1","1","-/-","-","-/-","-","-","0-0","-/-","-","-","-","-","-","away",709
2010,"Cal Lutheran University","defense","Steven Keezer","-","1","1","-/-","-","-/-","-","-","0-0","-/-","-","-","-","-","-","away",709
2010,"Cal Lutheran University","defense","Max Eller","-","1","1","-/-","-","-/-","-","-","0-0","-/-","-","-","-","-","-","away",709
2010,"Cal Lutheran University","defense","Broc Galbreth","-","1","1","-/-","-","-/-","-","-","0-0","-/-","-","-","1","-","-","away",709
2010,"Cal Lutheran University","defense","Francisco Coronado","-","1","1","-/-","-","-/-","-","-","0-0","-/-","-","-","-","-","-","away",709
2010,"Cal Lutheran University","defense","James Emma","1","-","1","-/-","-","-/-","-","-","0-0","-/-","-","-","-","-","-","away",709
2010,"Chapman University","defense","Tognoni","3","7","10","1.5/3","1.5","-/-","-","-","0-0","-/-","-","-","-","-","-","home",706
2010,"Chapman University","defense","Mills","1","7","8","1.5/4","1.5","0.5/2","0.5","-","0-0","-/-","-","-","-","-","-","home",706
2010,"Chapman University","defense","Laredo","5","2","7","2.0/3","2.0","-/-","-","1","1-0","-/-","-","-","-","-","-","home",706
2010,"Chapman University","defense","Morris","1","4","5","-/-","-","-/-","-","-","0-0","-/-","-","-","-","-","-","home",706
2010,"Chapman University","defense","Kos","2","3","5","-/-","-","-/-","-","-","0-0","-/-","-","-","-","-","-","home",706
2010,"Chapman University","defense","Hansen","3","1","4","-/-","-","-/-","-","-","0-1","1/-","-","-","1","-","-","home",706
2010,"Chapman University","defense","Salzman","-","4","4","-/-","-","-/-","-","-","0-0","-/-","-","-","-","-","-","home",706
2010,"Chapman University","defense","Marcoot","1","3","4","1.5/4","1.5","0.5/3","0.5","-","0-1","1/-","-","-","-","-","-","home",706
2010,"Chapman University","defense","Schock","-","4","4","0.5/1","0.5","-/-","-","-","0-0","-/-","-","-","-","-","-","home",706
2010,"Chapman University","defense","Jiwanlal","1","2","3","-/-","-","-/-","-","-","0-0","-/-","-","-","-","-","-","home",706
2010,"Chapman University","defense","S. Park","-","3","3","-/-","-","-/-","-","-","0-0","-/-","-","-","-","-","-","home",706
2010,"Chapman University","defense","Weyerhaeuser","-","2","2","-/-","-","-/-","-","-","0-0","-/-","-","-","-","-","-","home",706
2010,"Chapman University","defense","S. Yingling","1","1","2","0.5/2","0.5","-/-","-","-","0-0","-/-","-","-","1","-","-","home",706
2010,"Chapman University","defense","Spiller","1","1","2","-/-","-","-/-","-","-","0-0","-/-","-","-","1","-","-","home",706
2010,"Chapman University","defense","Chiang","1","-","1","-/-","-","-/-","-","-","0-0","-/-","1-22","1","-","-","-","home",706
2010,"Chapman University","defense","Otis","1","-","1","-/-","-","-/-","-","-","0-0","-/-","-","-","-","-","-","home",706
2010,"Chapman University","defense","Henningsen","1","-","1","-/-","-","-/-","-","-","0-0","-/-","-","-","-","-","-","home",706
2010,"Chapman University","defense","Kalin","-","1","1","-/-","-","-/-","-","-","0-0","-/-","-","-","-","-","-","home",706
2010,"Chapman University","defense","Janicki","-","1","1","0.5/3","0.5","-/-","-","-","0-0","-/-","1-0","1","-","-","-","home",706
2010,"Chapman University","defense","Mike Mehlhaff","6","4","10","0.5/-","0.5","-/-","-","-","0-0","-/-","-","-","-","-","-","away",706
2010,"Chapman University","defense","Jon Loynes","5","4","9","-/-","-","-/-","-","-","0-0","-/-","-","-","1","-","-","away",706
2010,"Chapman University","defense","Erick Mueller","6","3","9","-/-","-","-/-","-","-","0-0","-/-","-","-","-","-","-","away",706
2010,"Chapman University","defense","Peter Antone","5","2","7","0.5/1","0.5","-/-","-","-","0-0","-/-","-","-","1","-","-","away",706
2010,"Chapman University","defense","Andrew Carcova","2","4","6","-/-","-","-/-","-","-","0-0","-/-","-","-","-","-","-","away",706
2010,"Chapman University","defense","Kellen Matsuno","5","1","6","0.5/-","0.5","-/-","-","-","0-0","-/-","-","-","-","-","-","away",706
2010,"Chapman University","defense","Wade Minshew","3","3","6","-/-","-","-/-","-","-","0-0","-/-","-","-","-","-","-","away",706
2010,"Chapman University","defense","Bob Burton","3","3","6","1.0/2","1.0","-/-","-","-","0-0","-/-","-","-","-","1","3","away",706
2010,"Chapman University","defense","Jake Fey","1","3","4","-/-","-","-/-","-","-","0-0","-/-","-","-","1","-","-","away",706
2010,"Chapman University","defense","Mika Nickel","1","3","4","-/-","-","-/-","-","-","0-0","-/-","-","-","-","-","-","away",706
2010,"Chapman University","defense","Kevin Anderson","1","3","4","1.5/1","1.5","-/-","-","-","0-0","-/-","-","-","-","-","-","away",706
2010,"Chapman University","defense","Brian Kalteneck","2","1","3","1.0/5","1.0","-/-","-","-","0-0","-/-","-","-","-","-","-","away",706
2010,"Chapman University","defense","Kevin Kobliska","1","1","2","-/-","-","-/-","-","-","0-0","-/-","-","-","-","-","-","away",706
2010,"Chapman University","defense","Ross Campbell","2","-","2","-/-","-","-/-","-","-","0-0","-/-","-","-","-","-","-","away",706
2010,"Chapman University","defense","B. Vanderwiel","1","-","1","-/-","-","-/-","-","-","0-0","-/-","-","-","-","-","-","away",706
2010,"Chapman University","defense","Nick Nugwynne","-","1","1","-/-","-","-/-","-","-","0-0","-/-","-","-","-","-","-","away",706
2010,"Chapman University","defense","Jonathan Orr","1","-","1","-/-","-","-/-","-","-","0-0","-/-","-","-","-","-","-","away",706
2010,"Chapman University","defense","R. Phillips","-","-","-","-/-","-","-/-","-","-","0-0","-/-","-","-","-","-","1","away",706
2010,"Chapman University","defense","Elliot Cooley","-","-","-","-/-","-","-/-","-","-","0-0","-/-","-","-","-","-","1","away",706
2010,"Lewis and Clark College","defense","Ben Salzman","5","4","9","2.0/11","2.0","1.0/6","1.0","-","0-0","-/-","-","-","-","-","-","home",703
2010,"Lewis and Clark College","defense","Corbin Tognoni","1","4","5","-/-","-","-/-","-","-","0-0","-/-","-","-","-","1","-","home",703
2010,"Lewis and Clark College","defense","Jackie Coburn","4","1","5","1.0/1","1.0","-/-","-","-","0-0","-/-","-","-","-","-","-","home",703
2010,"Lewis and Clark College","defense","Joey Liekweg","2","3","5","-/-","-","-/-","-","-","0-0","-/-","-","-","-","-","-","home",703
2010,"Lewis and Clark College","defense","Sae Bin Park","1","4","5","1.0/1","1.0","-/-","-","-","0-0","-/-","-","-","-","-","-","home",703
2010,"Lewis and Clark College","defense","Nate Jiwanlal","4","-","4","-/-","-","-/-","-","-","0-0","-/-","-","-","-","-","-","home",703
2010,"Lewis and Clark College","defense","Adam Morris","1","3","4","1.0/23","1.0","-/-","-","-","0-0","-/-","-","-","1","-","-","home",703
2010,"Lewis and Clark College","defense","Dylan Marcoot","1","3","4","-/-","-","-/-","-","-","0-0","-/-","-","-","-","-","-","home",703
2010,"Lewis and Clark College","defense","Kyle Hansen","1","2","3","-/-","-","-/-","-","-","0-0","-/-","1-41","1","-","-","-","home",703
2010,"Lewis and Clark College","defense","Evan Otis","-","3","3","-/-","-","-/-","-","-","0-0","-/-","-","-","-","-","-","home",703
2010,"Lewis and Clark College","defense","David Spiller","1","2","3","-/-","-","-/-","-","-","0-0","-/-","1-75","1","1","-","-","home",703
2010,"Lewis and Clark College","defense","Corey Bickler","1","2","3","-/-","-","-/-","-","-","0-0","-/-","-","-","-","-","-","home",703
2010,"Lewis and Clark College","defense","Ryan Baker","2","1","3","-/-","-","-/-","-","-","0-0","-/-","-","-","-","-","-","home",703
2010,"Lewis and Clark College","defense","Erick Janicki","2","1","3","1.0/3","1.0","-/-","-","-","0-0","-/-","-","-","-","-","-","home",703
2010,"Lewis and Clark College","defense","John Medin","-","3","3","-/-","-","-/-","-","-","0-0","-/-","-","-","-","-","-","home",703
2010,"Lewis and Clark College","defense","Scott Yingling","1","1","2","-/-","-","-/-","-","-","0-0","-/-","-","-","-","-","-","home",703
2010,"Lewis and Clark College","defense","Matt Laredo","1","1","2","1.5/12","1.5","1.0/12","1.0","-","0-0","-/-","-","-","-","1","-","home",703
2010,"Lewis and Clark College","defense","Rory Baird","1","1","2","1.5/2","1.5","-/-","-","-","0-0","-/-","-","-","-","-","-","home",703
2010,"Lewis and Clark College","defense","Peter Schock","1","1","2","-/-","-","-/-","-","-","0-0","-/-","-","-","-","-","-","home",703
2010,"Lewis and Clark College","defense","Jake Weyerhaeuser","1","-","1","-/-","-","-/-","-","-","0-0","-/-","-","-","-","-","-","home",703
2010,"Lewis and Clark College","defense","Andrew Runde","-","1","1","-/-","-","-/-","-","-","0-0","-/-","-","-","-","-","-","home",703
2010,"Lewis and Clark College","defense","Chet Corcos","1","-","1","-/-","-","-/-","-","-","0-0","-/-","-","-","-","-","-","home",703
2010,"Lewis and Clark College","defense","Ivan Gutierrez","-","1","1","-/-","-","-/-","-","-","0-0","-/-","-","-","-","-","-","home",703
2010,"Lewis and Clark College","defense","Sam Bennett","-","1","1","-/-","-","-/-","-","-","0-0","-/-","-","-","-","-","-","home",703
2010,"Lewis and Clark College","defense","Ugo Nwasike","-","1","1","0.5/-","0.5","-/-","-","-","0-0","-/-","-","-","-","-","-","home",703
2010,"Lewis and Clark College","defense","Alex Cameron","1","-","1","-/-","-","-/-","-","-","0-0","-/-","-","-","-","-","-","home",703
2010,"Lewis and Clark College","defense","Robert Daily","-","1","1","0.5/1","0.5","-/-","-","-","0-0","-/-","-","-","-","-","-","home",703
2010,"Lewis and Clark College","defense","Cameron Conley","-","1","1","-/-","-","-/-","-","-","0-0","-/-","-","-","-","-","-","home",703
2010,"Lewis and Clark College","defense","Blake Kos","-","-","-","-/-","-","-/-","-","-","0-0","-/-","-","-","1","-","-","home",703
2010,"Lewis and Clark College","defense","TEAM","-","-","-","-/-","-","-/-","-","-","0-0","-/-","-","-","-","-","-","home",703
2010,"Lewis and Clark College","defense","Curtin, Dan","3","7","10","-/-","-","-/-","-","-","0-0","-/-","-","-","-","-","-","away",703
2010,"Lewis and Clark College","defense","Kelly, Chris","5","3","8","0.5/1","0.5","-/-","-","-","0-0","-/-","-","-","-","-","-","away",703
2010,"Lewis and Clark College","defense","Lettunich, Matt","4","3","7","-/-","-","-/-","-","-","0-0","-/-","-","-","-","-","-","away",703
2010,"Lewis and Clark College","defense","Krause, Chuck","2","5","7","0.5/1","0.5","-/-","-","-","0-0","-/-","-","-","-","-","-","away",703
2010,"Lewis and Clark College","defense","Suarez, Disan","1","5","6","-/-","-","-/-","-","-","0-1","1/-","-","-","-","-","-","away",703
2010,"Lewis and Clark College","defense","Mitchell, Riley","1","5","6","0.5/2","0.5","-/-","-","-","0-1","1/-","-","-","-","-","-","away",703
2010,"Lewis and Clark College","defense","Berokoff, John","2","3","5","-/-","-","-/-","-","-","0-0","-/-","-","-","-","-","-","away",703
2010,"Lewis and Clark College","defense","Rodriguez, Juby","-","4","4","-/-","-","-/-","-","-","0-0","-/-","-","-","-","-","-","away",703
2010,"Lewis and Clark College","defense","Laron, Evaristo","1","3","4","-/-","-","-/-","-","-","0-0","-/-","-","-","-","-","-","away",703
2010,"Lewis and Clark College","defense","Kinney, Nathan","-","4","4","-/-","-","-/-","-","-","0-0","-/-","-","-","-","-","-","away",703
2010,"Lewis and Clark College","defense","Mora, Troy","2","1","3","-/-","-","-/-","-","-","0-0","-/-","-","-","-","-","-","away",703
2010,"Lewis and Clark College","defense","Peden, Kade","1","1","2","0.5/1","0.5","-/-","-","-","0-0","-/-","-","-","-","-","-","away",703
2010,"Lewis and Clark College","defense","VandenEkart, Evy","1","1","2","-/-","-","-/-","-","-","0-0","-/-","-","-","-","-","-","away",703
2010,"Lewis and Clark College","defense","Kelly, Shawn","1","1","2","-/-","-","-/-","-","-","0-0","-/-","-","-","-","-","-","away",703
2010,"Lewis and Clark College","defense","Fabrick, Justin","1","1","2","-/-","-","-/-","-","-","0-0","-/-","-","-","-","-","-","away",703
2010,"Lewis and Clark College","defense","Kotzian, Logan","1","-","1","-/-","-","-/-","-","-","0-0","-/-","-","-","-","-","-","away",703
2010,"Lewis and Clark College","defense","Hubbard, Drew","1","-","1","-/-","-","-/-","-","-","0-0","-/-","-","-","-","-","-","away",703
2010,"Lewis and Clark College","defense","Curry, Lamar","-","1","1","-/-","-","-/-","-","-","0-0","-/-","1-0","1","-","-","-","away",703
2010,"Lewis and Clark College","defense","Carpenter, Kevin","-","1","1","-/-","-","-/-","-","-","0-0","-/-","-","-","-","-","-","away",703
2010,"Lewis and Clark College","defense","Baker, Devon","1","-","1","-/-","-","-/-","-","-","0-0","-/-","-","-","-","-","-","away",703
2010,"Lewis and Clark College","defense","Blair, Angus","-","1","1","-/-","-","-/-","-","-","0-0","-/-","-","-","-","-","-","away",703
2010,"Occidental College","defense","Kyle Spaulding","4","9","13","1.0/2","1.0","0.5/-","0.5","-","0-1","1/-","-","-","-","-","-","home",710
2010,"Occidental College","defense","Nate Proulx","4","6","10","0.5/-","0.5","0.5/-","0.5","-","0-0","-/-","-","-","-","-","-","home",710
2010,"Occidental College","defense","Kevin May","2","7","9","-/-","-","-/-","-","1","1-0","-/-","-","-","-","-","-","home",710
2010,"Occidental College","defense","Greg Holsworth","2","5","7","-/-","-","-/-","-","-","0-0","-/-","-","-","-","-","-","home",710
2010,"Occidental College","defense","Dillon Tucker","2","5","7","-/-","-","-/-","-","-","0-0","-/-","-","-","-","-","-","home",710
2010,"Occidental College","defense","Brandon Ortega","1","6","7","-/-","-","-/-","-","-","0-0","-/-","-","-","-","1","-","home",710
2010,"Occidental College","defense","Greg Fryan","1","6","7","-/-","-","-/-","-","-","0-0","-/-","-","-","-","-","-","home",710
2010,"Occidental College","defense","Ayrton Bates","3","2","5","0.5/1","0.5","-/-","-","-","0-0","-/-","-","-","1","-","-","home",710
2010,"Occidental College","defense","Casey Shibuya","-","4","4","-/-","-","-/-","-","-","0-0","-/-","-","-","-","-","-","home",710
2010,"Occidental College","defense","Jim Hildensperger","1","3","4","-/-","-","-/-","-","-","0-0","-/-","-","-","-","-","1","home",710
2010,"Occidental College","defense","Nick Saraceni","1","2","3","-/-","-","-/-","-","-","0-0","-/-","-","-","-","-","-","home",710
2010,"Occidental College","defense","Carter Norfleet","2","1","3","-/-","-","-/-","-","-","0-0","-/-","-","-","-","-","-","home",710
2010,"Occidental College","defense","Cody Remmick","1","1","2","-/-","-","-/-","-","-","0-0","-/-","-","-","-","-","-","home",710
2010,"Occidental College","defense","Adam DiBenedetto","1","1","2","-/-","-","-/-","-","-","0-0","-/-","-","-","-","-","-","home",710
2010,"Occidental College","defense","Matthew Tuckness","-","1","1","-/-","-","-/-","-","-","0-0","-/-","-","-","-","-","-","home",710
2010,"Occidental College","defense","Jordan Lance","1","-","1","-/-","-","-/-","-","-","0-0","-/-","-","-","-","-","-","home",710
2010,"Occidental College","defense","Parker Ainsworth","-","1","1","-/-","-","-/-","-","-","0-0","-/-","-","-","-","-","-","home",710
2010,"Occidental College","defense","Dalton Spinas","1","-","1","-/-","-","-/-","-","-","0-0","-/-","-","-","-","-","-","home",710
2010,"Occidental College","defense","Joshua Mun","1","-","1","-/-","-","-/-","-","-","0-0","-/-","-","-","-","-","-","home",710
2010,"Occidental College","defense","Morris","4","8","12","-/-","-","-/-","-","-","0-0","-/-","-","-","1","-","-","away",710
2010,"Occidental College","defense","Salzman","5","7","12","1.0/7","1.0","1.0/7","1.0","-","0-0","-/-","1-6","1","-","-","-","away",710
2010,"Occidental College","defense","Liekweg","5","5","10","-/-","-","-/-","-","-","0-0","-/-","-","-","-","-","-","away",710
2010,"Occidental College","defense","Laredo","2","7","9","0.5/2","0.5","0.5/2","0.5","-","0-0","-/-","1-0","1","-","-","-","away",710
2010,"Occidental College","defense","Hansen","3","5","8","-/-","-","-/-","-","-","0-0","-/-","-","-","2","-","-","away",710
2010,"Occidental College","defense","Kos","3","2","5","-/-","-","-/-","-","-","0-0","-/-","-","-","-","-","-","away",710
2010,"Occidental College","defense","S. Yingling","-","4","4","-/-","-","-/-","-","-","0-0","-/-","-","-","1","-","-","away",710
2010,"Occidental College","defense","Baird","1","3","4","-/-","-","-/-","-","-","0-0","-/-","-","-","-","-","-","away",710
2010,"Occidental College","defense","Spiller","1","2","3","-/-","-","-/-","-","-","0-0","-/-","-","-","3","-","-","away",710
2010,"Occidental College","defense","Mills","1","2","3","1.0/6","1.0","1.0/6","1.0","-","0-0","-/-","-","-","-","-","-","away",710
2010,"Occidental College","defense","Weyerhaeuser","1","1","2","-/-","-","-/-","-","-","0-0","-/-","-","-","-","-","-","away",710
2010,"Occidental College","defense","Coburn","2","-","2","-/-","-","-/-","-","-","0-0","-/-","-","-","-","-","-","away",710
2010,"Occidental College","defense","Otis","1","1","2","-/-","-","-/-","-","-","0-0","-/-","-","-","-","-","-","away",710
2010,"Occidental College","defense","Janicki","2","-","2","1.0/6","1.0","1.0/6","1.0","-","0-0","-/-","-","-","-","-","-","away",710
2010,"Occidental College","defense","S. Park","1","1","2","-/-","-","-/-","-","-","0-0","-/-","-","-","-","-","-","away",710
2010,"Occidental College","defense","Marcoot","1","1","2","1.0/8","1.0","1.0/8","1.0","-","0-0","-/-","-","-","-","-","-","away",710
2010,"Occidental College","defense","Bennett","1","1","2","-/-","-","-/-","-","-","0-0","-/-","-","-","-","-","-","away",710
2010,"Occidental College","defense","Schock","1","1","2","0.5/3","0.5","0.5/3","0.5","-","0-0","-/-","-","-","-","-","-","away",710
2010,"Occidental College","defense","Chiang","-","1","1","-/-","-","-/-","-","-","0-0","-/-","-","-","-","-","-","away",710
2010,"Occidental College","defense","Bielas","-","1","1","-/-","-","-/-","-","-","0-0","-/-","-","-","-","-","-","away",710
2010,"Occidental College","defense","Runde","-","1","1","-/-","-","-/-","-","-","0-0","-/-","-","-","-","-","-","away",710
2010,"Univ. of La Verne","defense","Corbin Tognoni","4","4","8","-/-","-","-/-","-","1","1-1","1/-","-","-","2","-","-","home",705
2010,"Univ. of La Verne","defense","Adam Morris","4","4","8","0.5/2","0.5","0.5/2","0.5","-","0-0","-/-","-","-","3","-","-","home",705
2010,"Univ. of La Verne","defense","Matt Laredo","3","4","7","0.5/1","0.5","-/-","-","-","0-0","-/-","-","-","1","-","-","home",705
2010,"Univ. of La Verne","defense","Kyle Hansen","3","3","6","-/-","-","-/-","-","-","0-0","-/-","-","-","-","-","-","home",705
2010,"Univ. of La Verne","defense","Blake Kos","4","2","6","-/-","-","-/-","-","-","0-0","-/-","1-18","1","1","-","-","home",705
2010,"Univ. of La Verne","defense","Ben Salzman","2","4","6","0.5/1","0.5","-/-","-","-","0-0","-/-","-","-","1","-","-","home",705
2010,"Univ. of La Verne","defense","Elijah Chiang","3","-","3","1.0/3","1.0","1.0/3","1.0","-","0-0","-/-","-","-","3","-","-","home",705
2010,"Univ. of La Verne","defense","Nate Jiwanlal","2","1","3","-/-","-","-/-","-","-","0-0","-/-","-","-","-","-","-","home",705
2010,"Univ. of La Verne","defense","David Spiller","1","2","3","-/-","-","-/-","-","-","0-0","-/-","-","-","1","-","-","home",705
2010,"Univ. of La Verne","defense","Jake Weyerhaeuser","2","-","2","-/-","-","-/-","-","-","0-0","-/-","-","-","-","-","-","home",705
2010,"Univ. of La Verne","defense","Dylan Marcoot","2","-","2","-/-","-","-/-","-","-","0-0","-/-","-","-","-","-","-","home",705
2010,"Univ. of La Verne","defense","Ed Mills","-","2","2","0.5/1","0.5","0.5/1","0.5","-","0-0","-/-","-","-","-","-","-","home",705
2010,"Univ. of La Verne","defense","Jack Lamb","1","-","1","-/-","-","-/-","-","-","0-0","-/-","-","-","-","-","-","home",705
2010,"Univ. of La Verne","defense","Scott Yingling","1","-","1","-/-","-","-/-","-","-","0-0","-/-","-","-","-","-","-","home",705
2010,"Univ. of La Verne","defense","Erick Janicki","-","1","1","-/-","-","-/-","-","-","0-0","-/-","-","-","-","-","-","home",705
2010,"Univ. of La Verne","defense","Sae Bin Park","-","1","1","-/-","-","-/-","-","-","0-0","-/-","-","-","-","-","-","home",705
2010,"Univ. of La Verne","defense","Matt Pautler","-","1","1","-/-","-","-/-","-","-","0-0","-/-","-","-","-","-","-","home",705
2010,"Univ. of La Verne","defense","Ross Sevy","-","1","1","-/-","-","-/-","-","-","0-0","-/-","-","-","-","-","-","home",705
2010,"Univ. of La Verne","defense","Eric Yingling","1","-","1","1.0/3","1.0","-/-","-","-","0-0","-/-","-","-","-","-","-","home",705
2010,"Univ. of La Verne","defense","Jackie Coburn","-","-","-","-/-","-","-/-","-","-","0-0","-/-","-","-","2","-","-","home",705
2010,"Univ. of La Verne","defense","Daniel Brown","3","8","11","2.0/9","2.0","1.0/6","1.0","-","0-1","1/-","-","-","-","-","-","away",705
2010,"Univ. of La Verne","defense","Fillip Marcelin","3","7","10","0.5/1","0.5","-/-","-","-","0-0","-/-","-","-","-","-","-","away",705
2010,"Univ. of La Verne","defense","Matthew Miller","3","4","7","0.5/3","0.5","-/-","-","-","0-0","-/-","-","-","-","-","-","away",705
2010,"Univ. of La Verne","defense","Kenny Poston","1","6","7","1.0/1","1.0","-/-","-","-","0-0","-/-","-","-","-","-","-","away",705
2010,"Univ. of La Verne","defense","Jorge Villagomez","2","5","7","0.5/3","0.5","-/-","-","-","0-0","-/-","-","-","-","-","-","away",705
2010,"Univ. of La Verne","defense","Donald Mull","2","3","5","-/-","-","-/-","-","-","0-0","-/-","1-16","1","1","-","-","away",705
2010,"Univ. of La Verne","defense","Wardell Campbell","-","5","5","0.5/1","0.5","-/-","-","-","0-0","-/-","-","-","-","-","-","away",705
2010,"Univ. of La Verne","defense","Paul Koloa","1","4","5","-/-","-","-/-","-","-","0-0","-/-","-","-","-","-","-","away",705
2010,"Univ. of La Verne","defense","Rich Richardson","1","3","4","-/-","-","-/-","-","-","0-0","-/-","-","-","-","1","-","away",705
2010,"Univ. of La Verne","defense","Derek Walker","2","2","4","-/-","-","-/-","-","-","0-0","-/-","-","-","-","-","-","away",705
2010,"Univ. of La Verne","defense","Ryan Baranek","2","1","3","-/-","-","-/-","-","-","0-0","-/-","1-33","1","-","-","-","away",705
2010,"Univ. of La Verne","defense","Edgar Rodriguez","1","1","2","-/-","-","-/-","-","-","0-0","-/-","-","-","-","-","-","away",705
2010,"Univ. of La Verne","defense","Alex Barrios","1","1","2","1.0/2","1.0","-/-","-","-","0-0","-/-","-","-","-","-","-","away",705
2010,"Univ. of La Verne","defense","Matt Griffin","1","-","1","-/-","-","-/-","-","1","1-0","-/-","-","-","-","-","-","away",705
2010,"Univ. of La Verne","defense","Kenneth Piguee","-","1","1","-/-","-","-/-","-","-","0-0","-/-","-","-","-","-","-","away",705
2010,"Univ. of La Verne","defense","Paul Robertson","-","1","1","-/-","-","-/-","-","-","0-0","-/-","-","-","-","-","-","away",705
2010,"Univ. of La Verne","defense","Chad Lucas","1","-","1","-/-","-","-/-","-","-","0-0","-/-","-","-","-","-","-","away",705
2010,"Univ. of La Verne","defense","Donnie Gomez","-","1","1","-/-","-","-/-","-","-","0-0","-/-","-","-","-","-","-","away",705
2010,"Univ. of La Verne","defense","Kyle Appleford","-","1","1","-/-","-","-/-","-","-","0-0","-/-","-","-","-","-","-","away",705
2010,"Univ. of La Verne","defense","Pui Lok Choi","-","-","-","-/-","-","-/-","-","-","0-0","-/-","-","-","-","1","-","away",705
2010,"University of Redlands","defense","Brett Hutter","6","3","9","1.0/5","1.0","1.0/5","1.0","-","0-0","-/-","-","-","-","1","1","home",707
2010,"University of Redlands","defense","Josh Herrera","3","5","8","-/-","-","-/-","-","-","0-0","-/-","-","-","-","-","-","home",707
2010,"University of Redlands","defense","Jordan Garcia","4","4","8","0.5/1","0.5","-/-","-","-","0-1","1/-","-","-","-","-","-","home",707
2010,"University of Redlands","defense","Rudy Vidales","4","3","7","-/-","-","-/-","-","-","0-0","-/-","-","-","-","-","-","home",707
2010,"University of Redlands","defense","Justin Butler","6","1","7","-/-","-","-/-","-","-","0-0","-/-","-","-","-","-","-","home",707
2010,"University of Redlands","defense","Mike Nicolini","1","5","6","0.5/2","0.5","-/-","-","-","0-0","-/-","-","-","1","-","-","home",707
2010,"University of Redlands","defense","Tony Santini","3","1","4","-/-","-","-/-","-","1","1-0","-/-","-","-","-","-","1","home",707
2010,"University of Redlands","defense","Spencer Minshew","4","-","4","1.0/3","1.0","-/-","-","1","1-0","-/-","-","-","-","-","-","home",707
2010,"University of Redlands","defense","Richard Dye II","2","1","3","1.0/10","1.0","-/-","-","-","0-1","1/43","-","-","1","-","-","home",707
2010,"University of Redlands","defense","Randall Crim","2","1","3","-/-","-","-/-","-","-","0-0","-/-","-","-","-","-","1","home",707
2010,"University of Redlands","defense","Alexander Ouji","2","-","2","-/-","-","-/-","-","-","0-0","-/-","-","-","-","-","1","home",707
2010,"University of Redlands","defense","TEAM","2","-","2","-/-","-","-/-","-","1","1-0","-/-","-","-","-","-","-","home",707
2010,"University of Redlands","defense","Evan Reuter","1","-","1","-/-","-","-/-","-","-","0-0","-/-","-","-","-","-","-","home",707
2010,"University of Redlands","defense","Taylor Irwin","1","-","1","-/-","-","-/-","-","-","0-0","-/-","-","-","-","-","-","home",707
2010,"University of Redlands","defense","Jessie Hobbs","1","-","1","-/-","-","-/-","-","-","0-0","-/-","-","-","-","-","-","home",707
2010,"University of Redlands","defense","Steve Pope-Rolewski","1","-","1","-/-","-","-/-","-","-","0-0","-/-","-","-","-","-","-","home",707
2010,"University of Redlands","defense","Sean Woods","1","-","1","-/-","-","-/-","-","-","0-0","-/-","-","-","-","-","-","home",707
2010,"University of Redlands","defense","Vince Aiello","-","-","-","-/-","-","-/-","-","-","0-0","-/-","-","-","3","-","-","home",707
2010,"University of Redlands","defense","Brandon Morris","-","-","-","-/-","-","-/-","-","-","0-0","-/-","-","-","1","-","-","home",707
2010,"University of Redlands","defense","Kevin Reyes","-","-","-","-/-","-","-/-","-","-","0-0","-/-","-","-","-","-","1","home",707
2010,"University of Redlands","defense","Ben Salzman","5","3","8","1.0/1","1.0","-/-","-","-","0-1","1/-","-","-","-","-","1","away",707
2010,"University of Redlands","defense","David Spiller","4","3","7","0.5/3","0.5","-/-","-","1","1-0","-/-","-","-","1","-","-","away",707
2010,"University of Redlands","defense","Elijah Chiang","2","4","6","1.0/2","1.0","-/-","-","-","0-0","-/-","-","-","-","-","1","away",707
2010,"University of Redlands","defense","Nate Jiwanlal","2","4","6","-/-","-","-/-","-","-","0-0","-/-","1--10","1","-","-","-","away",707
2010,"University of Redlands","defense","Jackie Coburn","2","2","4","-/-","-","-/-","-","-","0-0","-/-","-","-","-","-","-","away",707
2010,"University of Redlands","defense","Adam Morris","1","3","4","-/-","-","-/-","-","-","0-0","-/-","1-35","1","-","-","-","away",707
2010,"University of Redlands","defense","Kyle Hansen","1","3","4","-/-","-","-/-","-","-","0-0","-/-","-","-","1","-","-","away",707
2010,"University of Redlands","defense","Blake Kos","1","3","4","-/-","-","-/-","-","-","0-0","-/-","-","-","-","-","-","away",707
2010,"University of Redlands","defense","Corbin Tognoni","2","1","3","-/-","-","-/-","-","-","0-0","-/-","-","-","-","-","-","away",707
2010,"University of Redlands","defense","Dylan Marcoot","2","1","3","1.0/1","1.0","-/-","-","-","0-0","-/-","-","-","-","-","-","away",707
2010,"University of Redlands","defense","Rory Baird","-","3","3","0.5/1","0.5","-/-","-","-","0-0","-/-","-","-","-","-","-","away",707
2010,"University of Redlands","defense","Jake Weyerhaeuser","1","1","2","-/-","-","-/-","-","-","0-0","-/-","-","-","-","-","-","away",707
2010,"University of Redlands","defense","Erick Janicki","1","1","2","0.5/1","0.5","-/-","-","-","0-0","-/-","-","-","-","-","-","away",707
2010,"University of Redlands","defense","Matt Laredo","1","1","2","-/-","-","-/-","-","-","0-0","-/-","-","-","-","-","-","away",707
2010,"University of Redlands","defense","Ed Mills","1","1","2","0.5/2","0.5","-/-","-","-","0-0","-/-","-","-","-","-","2","away",707
2010,"University of Redlands","defense","Peter Kimmey","-","1","1","-/-","-","-/-","-","-","0-0","-/-","-","-","-","-","-","away",707
2010,"University of Redlands","defense","Scott Yingling","-","1","1","-/-","-","-/-","-","-","0-0","-/-","-","-","1","-","-","away",707
2010,"University of Redlands","defense","Joey Liekweg","1","-","1","-/-","-","-/-","-","-","0-0","-/-","-","-","-","-","-","away",707
2010,"University of Redlands","defense","Ryan Baker","-","1","1","-/-","-","-/-","-","-","0-0","-/-","-","-","-","-","-","away",707
2010,"University of Redlands","defense","Sam Jolly","-","1","1","-/-","-","-/-","-","-","0-0","-/-","-","-","-","-","-","away",707
2010,"University of Redlands","defense","Ross Sevy","-","1","1","-/-","-","-/-","-","-","0-0","-/-","-","-","-","-","-","away",707
2010,"University of Redlands","defense","Alex Curtis","-","1","1","-/-","-","-/-","-","-","0-0","-/-","-","-","-","-","-","away",707
2010,"University of Redlands","defense","TEAM","1","-","1","-/-","-","-/-","-","1","1-0","-/-","-","-","-","-","-","away",707
2010,"University of Redlands","defense","Eric Yingling","-","-","-","-/-","-","-/-","-","-","0-0","-/-","-","-","-","-","1","away",707
2010,"Whittier College","defense","Elijah Chiang","4","3","7","-/-","-","-/-","-","1","1-0","-/-","-","-","1","-","-","home",708
2010,"Whittier College","defense","Blake Kos","4","3","7","-/-","-","-/-","-","-","0-0","-/-","-","-","-","-","-","home",708
2010,"Whittier College","defense","Adam Morris","3","2","5","0.5/1","0.5","0.5/1","0.5","-","0-0","-/-","1-38","1","-","-","-","home",708
2010,"Whittier College","defense","Matt Laredo","4","1","5","0.5/1","0.5","-/-","-","-","0-1","1/-","-","-","-","-","-","home",708
2010,"Whittier College","defense","Ben Salzman","4","1","5","2.0/8","2.0","1.0/1","1.0","-","0-0","-/-","-","-","-","-","-","home",708
2010,"Whittier College","defense","Ed Mills","3","2","5","1.5/7","1.5","1.5/7","1.5","-","0-0","-/-","-","-","-","-","1","home",708
2010,"Whittier College","defense","Scott Yingling","2","1","3","-/-","-","-/-","-","-","0-1","1/-","-","-","-","-","-","home",708
2010,"Whittier College","defense","Joey Liekweg","2","1","3","-/-","-","-/-","-","-","0-0","-/-","-","-","1","-","-","home",708
2010,"Whittier College","defense","Kyle Hansen","2","1","3","0.5/1","0.5","-/-","-","-","0-0","-/-","-","-","1","-","-","home",708
2010,"Whittier College","defense","Sam Corcos","1","1","2","-/-","-","-/-","-","-","0-0","-/-","-","-","-","-","-","home",708
2010,"Whittier College","defense","Sae Bin Park","1","1","2","0.5/4","0.5","0.5/4","0.5","-","0-0","-/-","-","-","-","-","-","home",708
2010,"Whittier College","defense","Eric Yingling","-","2","2","-/-","-","-/-","-","-","0-0","-/-","-","-","-","-","-","home",708
2010,"Whittier College","defense","Nate Jiwanlal","1","-","1","-/-","-","-/-","-","-","0-0","-/-","-","-","-","-","-","home",708
2010,"Whittier College","defense","David Henningsen","1","-","1","-/-","-","-/-","-","-","0-0","-/-","-","-","-","-","-","home",708
2010,"Whittier College","defense","Matt Pautler","1","-","1","-/-","-","-/-","-","-","0-0","-/-","-","-","-","-","-","home",708
2010,"Whittier College","defense","Rory Baird","-","1","1","0.5/3","0.5","0.5/3","0.5","-","0-0","-/-","-","-","-","-","-","home",708
2010,"Whittier College","defense","Travis Driskell","4","7","11","-/-","-","-/-","-","-","0-0","-/-","-","-","-","-","-","away",708
2010,"Whittier College","defense","Aaron Alonzo","3","7","10","-/-","-","-/-","-","-","0-0","-/-","-","-","-","1","-","away",708
2010,"Whittier College","defense","John O'Malley","7","3","10","-/-","-","-/-","-","-","0-0","-/-","-","-","-","-","-","away",708
2010,"Whittier College","defense","Jared Cato","3","6","9","2.0/3","2.0","-/-","-","-","0-0","-/-","-","-","-","-","-","away",708
2010,"Whittier College","defense","Shane Sheets","2","5","7","0.5/1","0.5","-/-","-","-","0-0","-/-","-","-","-","-","-","away",708
2010,"Whittier College","defense","Ryan Kirkpatrick","5","1","6","2.0/2","2.0","-/-","-","-","0-0","-/-","-","-","-","-","-","away",708
2010,"Whittier College","defense","Richard Hopkins","1","4","5","-/-","-","-/-","-","-","0-0","-/-","-","-","-","-","-","away",708
2010,"Whittier College","defense","Karsten Tindal","1","2","3","0.5/1","0.5","-/-","-","-","0-0","-/-","-","-","-","-","-","away",708
2010,"Whittier College","defense","Tyson Schilling","3","-","3","-/-","-","-/-","-","-","0-0","-/-","-","-","-","-","-","away",708
2010,"Whittier College","defense","Alex Mitchell","-","2","2","-/-","-","-/-","-","-","0-0","-/-","-","-","-","-","-","away",708
2010,"Whittier College","defense","Robert Reynaga","2","-","2","-/-","-","-/-","-","-","0-0","-/-","-","-","-","-","-","away",708
2010,"Whittier College","defense","Brad Seitz","2","-","2","-/-","-","-/-","-","-","0-0","-/-","-","-","-","-","-","away",708
2010,"Whittier College","defense","Luis Amaya","-","1","1","-/-","-","-/-","-","-","0-0","-/-","-","-","-","-","-","away",708
2010,"Whittier College","defense","Andy Villalpando","1","-","1","-/-","-","-/-","-","-","0-0","-/-","-","-","-","-","-","away",708
2010,"Whittier College","defense","Jacob Former","-","1","1","-/-","-","-/-","-","-","0-0","-/-","-","-","-","-","-","away",708
2010,"Whittier College","defense","Thomas Hawkes","1","-","1","-/-","-","-/-","-","-","0-0","-/-","-","-","-","-","-","away",708
2010,"Whittier College","defense","James Oliver","-","1","1","-/-","-","-/-","-","-","0-0","-/-","-","-","-","-","-","away",708
2010,"Whittier College","defense","Anthony Bennett","-","-","-","-/-","-","-/-","-","-","0-0","-/-","1-31","1","-","-","-","away",708
2011,"Cal Lutheran University","defense","Loren Powers","2","4","6","0.5/1","0.5","-/-","-","1","1-0","-/-","-","-","-","-","1","home",7501
2011,"Cal Lutheran University","defense","Rian Younker","3","2","5","1.0/5","1.0","1.0/5","1.0","-","0-0","-/-","-","-","-","-","-","home",7501
2011,"Cal Lutheran University","defense","Tim Cozine","3","1","4","-/-","-","-/-","-","-","0-0","-/-","-","-","1","-","-","home",7501
2011,"Cal Lutheran University","defense","Chris Cabrera","2","2","4","1.0/4","1.0","1.0/4","1.0","-","0-0","-/-","-","-","-","-","2","home",7501
2011,"Cal Lutheran University","defense","Jacob Norlock","3","1","4","1.0/2","1.0","-/-","-","-","0-0","-/-","-","-","-","-","1","home",7501
2011,"Cal Lutheran University","defense","Tanner Hix","3","1","4","-/-","-","-/-","-","-","0-0","-/-","-","-","-","-","-","home",7501
2011,"Cal Lutheran University","defense","Chris Carr","2","2","4","1.5/2","1.5","-/-","-","-","0-0","-/-","-","-","-","-","1","home",7501
2011,"Cal Lutheran University","defense","Caius Radu","3","-","3","-/-","-","-/-","-","-","0-0","-/-","-","-","-","-","-","home",7501
2011,"Cal Lutheran University","defense","Broc Galbreth","2","1","3","-/-","-","-/-","-","-","0-0","-/-","-","-","1","-","-","home",7501
2011,"Cal Lutheran University","defense","Danny Valdez","3","-","3","1.0/2","1.0","-/-","-","-","0-0","-/-","-","-","-","-","-","home",7501
2011,"Cal Lutheran University","defense","Daniel Azhocar","1","1","2","-/-","-","-/-","-","-","0-0","-/-","-","-","-","-","-","home",7501
2011,"Cal Lutheran University","defense","Dennis Clay","1","1","2","-/-","-","-/-","-","-","0-0","-/-","-","-","-","-","-","home",7501
2011,"Cal Lutheran University","defense","Luis Villavicencio","1","1","2","-/-","-","-/-","-","-","0-0","-/-","-","-","1","-","-","home",7501
2011,"Cal Lutheran University","defense","Anthony Goodman","2","-","2","-/-","-","-/-","-","-","0-0","-/-","-","-","-","-","-","home",7501
2011,"Cal Lutheran University","defense","Anthony Monroe","2","-","2","1.0/2","1.0","-/-","-","1","1-0","-/-","-","-","-","-","-","home",7501
2011,"Cal Lutheran University","defense","Jake Laudenslayer","1","-","1","-/-","-","-/-","-","-","0-0","-/-","-","-","-","-","-","home",7501
2011,"Cal Lutheran University","defense","Justin HaulcyBateman","1","-","1","-/-","-","-/-","-","-","0-0","-/-","-","-","-","-","-","home",7501
2011,"Cal Lutheran University","defense","Steven Keezer","-","1","1","-/-","-","-/-","-","-","0-0","-/-","-","-","-","-","-","home",7501
2011,"Cal Lutheran University","defense","Mike Aguon","1","-","1","-/-","-","-/-","-","-","0-0","-/-","-","-","-","-","-","home",7501
2011,"Cal Lutheran University","defense","Patrick Knox","1","-","1","-/-","-","-/-","-","-","0-0","-/-","-","-","-","-","-","home",7501
2011,"Cal Lutheran University","defense","Niko Valenzuela","1","-","1","-/-","-","-/-","-","-","0-0","-/-","-","-","-","-","-","home",7501
2011,"Cal Lutheran University","defense","Zach Flagg","-","1","1","-/-","-","-/-","-","-","0-0","-/-","-","-","-","-","-","home",7501
2011,"Cal Lutheran University","defense","Noah Lyche","-","1","1","-/-","-","-/-","-","-","0-0","-/-","-","-","-","-","-","home",7501
2011,"Cal Lutheran University","defense","TEAM","1","-","1","-/-","-","-/-","-","-","0-0","-/-","-","-","-","-","-","home",7501
2011,"Cal Lutheran University","defense","Andrew Rothans","-","-","-","-/-","-","-/-","-","-","0-0","-/-","-","-","1","-","-","home",7501
2011,"Cal Lutheran University","defense","Steve Brazil","-","-","-","-/-","-","-/-","-","-","0-0","-/-","-","-","-","1","-","home",7501
2011,"Cal Lutheran University","defense","Max Winsberg","7","3","10","-/-","-","-/-","-","-","0-0","-/-","-","-","-","-","-","away",7501
2011,"Cal Lutheran University","defense","Joey Liekweg","4","2","6","-/-","-","-/-","-","-","0-0","-/-","-","-","-","-","-","away",7501
2011,"Cal Lutheran University","defense","Matthew Laredo","5","-","5","1.0/2","1.0","-/-","-","-","0-0","-/-","1-7","1","-","-","-","away",7501
2011,"Cal Lutheran University","defense","Elijah Chiang","3","1","4","-/-","-","-/-","-","-","0-0","-/-","-","-","-","-","-","away",7501
2011,"Cal Lutheran University","defense","Corbin Tognoni","3","1","4","-/-","-","-/-","-","-","0-0","-/-","-","-","-","-","-","away",7501
2011,"Cal Lutheran University","defense","Nick Nasse","4","-","4","-/-","-","-/-","-","-","0-0","-/-","-","-","-","-","-","away",7501
2011,"Cal Lutheran University","defense","Kyle Hansen","2","1","3","-/-","-","-/-","-","-","0-0","-/-","-","-","-","-","-","away",7501
2011,"Cal Lutheran University","defense","Chris Fang","3","-","3","-/-","-","-/-","-","-","0-0","-/-","-","-","-","-","-","away",7501
2011,"Cal Lutheran University","defense","Sae Bin Park","3","-","3","1.0/1","1.0","1.0/1","1.0","-","0-0","-/-","-","-","-","-","-","away",7501
2011,"Cal Lutheran University","defense","Ben Salzman","2","1","3","-/-","-","-/-","-","-","0-0","-/-","-","-","-","-","-","away",7501
2011,"Cal Lutheran University","defense","Eddie Mills","2","1","3","-/-","-","-/-","-","-","0-0","-/-","-","-","-","-","1","away",7501
2011,"Cal Lutheran University","defense","Michael Connell","2","-","2","-/-","-","-/-","-","-","0-0","-/-","-","-","-","-","-","away",7501
2011,"Cal Lutheran University","defense","Matt Howell","2","-","2","-/-","-","-/-","-","-","0-0","-/-","-","-","-","-","-","away",7501
2011,"Cal Lutheran University","defense","Cameron Conley","1","1","2","1.0/1","1.0","-/-","-","-","0-0","-/-","-","-","-","-","-","away",7501
2011,"Cal Lutheran University","defense","Daniel Andrew","2","-","2","1.0/1","1.0","1.0/1","1.0","-","0-0","-/-","-","-","-","-","-","away",7501
2011,"Cal Lutheran University","defense","Jackie Coburn","1","-","1","-/-","-","-/-","-","-","0-0","-/-","-","-","-","-","1","away",7501
2011,"Cal Lutheran University","defense","Ivan Gutierrez","1","-","1","-/-","-","-/-","-","-","0-0","-/-","-","-","-","-","-","away",7501
2011,"Cal Lutheran University","defense","Bryan Turkel","1","-","1","-/-","-","-/-","-","-","0-0","-/-","-","-","-","-","-","away",7501
2011,"Cal Lutheran University","defense","Connor O'Boyle","-","1","1","-/-","-","-/-","-","-","0-0","-/-","-","-","-","-","-","away",7501
2011,"Cal Lutheran University","defense","Chet Corcos","1","-","1","-/-","-","-/-","-","-","0-0","-/-","-","-","-","-","-","away",7501
2011,"Cal Lutheran University","defense","Alex Chang","1","-","1","-/-","-","-/-","-","-","0-0","-/-","-","-","-","-","-","away",7501
2011,"Cal Lutheran University","defense","Brett Collins","1","-","1","-/-","-","-/-","-","-","0-0","-/-","-","-","-","-","-","away",7501
2011,"Chapman University","defense","Mehlhaff","2","7","9","-/-","-","-/-","-","-","0-0","-/-","-","-","-","-","-","home",7498
2011,"Chapman University","defense","Matsuno","4","5","9","1.0/-","1.0","-/-","-","-","0-0","-/-","-","-","-","-","-","home",7498
2011,"Chapman University","defense","Irvin","5","2","7","-/-","-","-/-","-","-","0-0","-/-","-","-","2","-","-","home",7498
2011,"Chapman University","defense","Ferraro","4","2","6","1.0/1","1.0","-/-","-","-","0-0","-/-","-","-","-","1","1","home",7498
2011,"Chapman University","defense","Minshew","2","4","6","-/-","-","-/-","-","-","0-0","-/-","-","-","-","-","1","home",7498
2011,"Chapman University","defense","Chapple","2","2","4","-/-","-","-/-","-","-","0-0","-/-","-","-","1","-","-","home",7498
2011,"Chapman University","defense","Cutter","2","2","4","-/-","-","-/-","-","-","0-0","-/-","-","-","-","-","-","home",7498
2011,"Chapman University","defense","Hanna","-","4","4","1.0/2","1.0","-/-","-","-","0-0","-/-","-","-","-","-","-","home",7498
2011,"Chapman University","defense","Anderson","3","1","4","1.0/4","1.0","-/-","-","-","0-0","-/-","-","-","-","-","-","home",7498
2011,"Chapman University","defense","Jacobi","3","-","3","-/-","-","-/-","-","-","0-0","-/-","-","-","-","-","-","home",7498
2011,"Chapman University","defense","Campbell","-","3","3","0.5/1","0.5","-/-","-","-","0-0","-/-","-","-","-","-","-","home",7498
2011,"Chapman University","defense","Cooley","3","-","3","1.0/4","1.0","-/-","-","-","0-0","-/-","-","-","-","-","-","home",7498
2011,"Chapman University","defense","Williams","2","-","2","-/-","-","-/-","-","-","0-0","-/-","-","-","-","-","-","home",7498
2011,"Chapman University","defense","White","2","-","2","-/-","-","-/-","-","-","0-0","-/-","-","-","-","-","-","home",7498
2011,"Chapman University","defense","Pesonen","-","2","2","-/-","-","-/-","-","-","0-0","-/-","-","-","-","-","-","home",7498
2011,"Chapman University","defense","Sales","2","-","2","-/-","-","-/-","-","-","0-0","-/-","-","-","-","-","-","home",7498
2011,"Chapman University","defense","Ashtiani","1","-","1","-/-","-","-/-","-","-","0-0","-/-","-","-","-","-","-","home",7498
2011,"Chapman University","defense","Scanlan","1","-","1","-/-","-","-/-","-","-","0-0","-/-","-","-","-","-","-","home",7498
2011,"Chapman University","defense","Salzman","8","2","10","-/-","-","-/-","-","-","0-0","-/-","-","-","1","-","-","away",7498
2011,"Chapman University","defense","Laredo","6","2","8","-/-","-","-/-","-","-","0-0","-/-","-","-","-","-","-","away",7498
2011,"Chapman University","defense","TEAM","6","-","6","-/-","-","-/-","-","-","0-0","-/-","-","-","1","-","-","away",7498
2011,"Chapman University","defense","Tognoni","3","1","4","-/-","-","-/-","-","-","0-0","-/-","-","-","1","-","-","away",7498
2011,"Chapman University","defense","Winsberg","4","-","4","1.0/3","1.0","-/-","-","-","0-0","-/-","-","-","-","-","-","away",7498
2011,"Chapman University","defense","Chiang","3","-","3","1.0/2","1.0","-/-","-","-","0-0","-/-","-","-","-","-","-","away",7498
2011,"Chapman University","defense","Liekweg","3","-","3","-/-","-","-/-","-","-","0-0","-/-","-","-","1","-","-","away",7498
2011,"Chapman University","defense","Hansen","2","-","2","-/-","-","-/-","-","-","0-0","-/-","-","-","-","-","-","away",7498
2011,"Chapman University","defense","Nasse","1","1","2","-/-","-","-/-","-","-","0-0","-/-","-","-","-","-","-","away",7498
2011,"Chapman University","defense","27","1","-","1","-/-","-","-/-","-","-","0-0","-/-","-","-","-","-","-","away",7498
2011,"Chapman University","defense","Park","1","-","1","-/-","-","-/-","-","-","0-0","-/-","-","-","-","-","-","away",7498
2011,"Chapman University","defense","Mills","1","-","1","-/-","-","-/-","-","-","0-0","-/-","-","-","1","-","-","away",7498
2011,"Chapman University","defense","Collins","1","-","1","-/-","-","-/-","-","-","0-0","-/-","-","-","-","-","-","away",7498
2011,"Chapman University","defense","Andrew","1","-","1","-/-","-","-/-","-","-","0-0","-/-","-","-","-","-","-","away",7498
2011,"Chapman University","defense","Wheatley","-","-","-","-/-","-","-/-","-","-","0-0","-/-","-","-","-","-","-","away",7498
2011,"Chapman University","defense","Wilson","-","-","-","-/-","-","-/-","-","-","0-0","-/-","-","-","1","-","-","away",7498
2011,"Lewis and Clark College","defense","Kelly, Chris","4","8","12","0.5/-","0.5","-/-","-","1","1-0","-/-","1-0","1","-","-","-","home",7495
2011,"Lewis and Clark College","defense","Baltazar, Louis","5","5","10","1.5/4","1.5","-/-","-","1","1-0","-/-","-","-","-","-","-","home",7495
2011,"Lewis and Clark College","defense","Curtin, Dan","2","8","10","-/-","-","-/-","-","-","0-0","-/-","-","-","-","-","-","home",7495
2011,"Lewis and Clark College","defense","Mitchell, Riley","4","1","5","1.0/7","1.0","1.0/7","1.0","2","2-0","-/-","-","-","-","-","-","home",7495
2011,"Lewis and Clark College","defense","Kotzian, Logan","2","2","4","-/-","-","-/-","-","-","0-0","-/-","1-0","1","1","-","-","home",7495
2011,"Lewis and Clark College","defense","Berokoff, John","2","2","4","2.5/5","2.5","0.5/2","0.5","-","0-1","1/-","-","-","-","-","-","home",7495
2011,"Lewis and Clark College","defense","Kopp-Anderson","2","1","3","-/-","-","-/-","-","-","0-0","-/-","-","-","-","-","-","home",7495
2011,"Lewis and Clark College","defense","Lettunich, Matt","2","1","3","0.5/2","0.5","0.5/2","0.5","-","0-0","-/-","-","-","-","-","-","home",7495
2011,"Lewis and Clark College","defense","Kinney, Nathan","2","1","3","2.0/10","2.0","2.0/10","2.0","-","0-0","-/-","-","-","-","-","-","home",7495
2011,"Lewis and Clark College","defense","Blair, Angus","1","2","3","-/-","-","-/-","-","-","0-0","-/-","-","-","-","-","-","home",7495
2011,"Lewis and Clark College","defense","Faris, Michael","1","1","2","-/-","-","-/-","-","-","0-0","-/-","-","-","-","-","-","home",7495
2011,"Lewis and Clark College","defense","Israelson, Clay","1","1","2","-/-","-","-/-","-","-","0-0","-/-","-","-","-","-","-","home",7495
2011,"Lewis and Clark College","defense","Cena, Josh","2","-","2","-/-","-","-/-","-","-","0-0","-/-","-","-","-","-","-","home",7495
2011,"Lewis and Clark College","defense","Laron, Evaristo","-","2","2","-/-","-","-/-","-","-","0-0","-/-","-","-","-","-","-","home",7495
2011,"Lewis and Clark College","defense","Hubbard, Drew","-","1","1","-/-","-","-/-","-","-","0-0","-/-","-","-","-","-","-","home",7495
2011,"Lewis and Clark College","defense","Brooks, Justin","1","-","1","-/-","-","-/-","-","-","0-0","-/-","-","-","-","-","-","home",7495
2011,"Lewis and Clark College","defense","Chew, Chris","-","1","1","-/-","-","-/-","-","-","0-0","-/-","-","-","-","-","-","home",7495
2011,"Lewis and Clark College","defense","Krause, Chuck","1","-","1","-/-","-","-/-","-","-","0-0","-/-","-","-","-","-","-","home",7495
2011,"Lewis and Clark College","defense","Karsh, Matt","-","1","1","-/-","-","-/-","-","-","0-0","-/-","-","-","-","-","-","home",7495
2011,"Lewis and Clark College","defense","Nelson, Darrell","1","-","1","-/-","-","-/-","-","-","0-0","-/-","-","-","-","-","-","home",7495
2011,"Lewis and Clark College","defense","Curry, Lamar","-","-","-","-/-","-","-/-","-","-","0-0","-/-","-","-","1","-","-","home",7495
2011,"Lewis and Clark College","defense","Salzman","1","10","11","0.5/-","0.5","-/-","-","-","0-0","-/-","-","-","-","-","-","away",7495
2011,"Lewis and Clark College","defense","Winsberg","4","6","10","-/-","-","-/-","-","-","0-0","-/-","-","-","-","-","-","away",7495
2011,"Lewis and Clark College","defense","Chiang","6","2","8","-/-","-","-/-","-","-","0-0","-/-","-","-","-","-","-","away",7495
2011,"Lewis and Clark College","defense","Tognoni","3","5","8","-/-","-","-/-","-","-","0-0","-/-","-","-","-","-","-","away",7495
2011,"Lewis and Clark College","defense","Liekweg","3","4","7","1.5/3","1.5","-/-","-","-","0-0","-/-","-","-","-","-","-","away",7495
2011,"Lewis and Clark College","defense","Connell","2","5","7","0.5/1","0.5","-/-","-","-","0-0","-/-","-","-","-","-","-","away",7495
2011,"Lewis and Clark College","defense","Chang","3","4","7","1.0/2","1.0","-/-","-","-","0-0","-/-","-","-","-","-","-","away",7495
2011,"Lewis and Clark College","defense","Laredo","-","5","5","-/-","-","-/-","-","-","0-0","-/-","-","-","1","-","-","away",7495
2011,"Lewis and Clark College","defense","Nasse","2","2","4","-/-","-","-/-","-","-","0-0","-/-","-","-","-","-","-","away",7495
2011,"Lewis and Clark College","defense","O'Boyle","-","3","3","-/-","-","-/-","-","-","0-0","-/-","-","-","-","-","-","away",7495
2011,"Lewis and Clark College","defense","Mills","2","1","3","2.0/9","2.0","2.0/9","2.0","-","0-0","-/-","-","-","-","-","-","away",7495
2011,"Lewis and Clark College","defense","Jiwanlal","-","2","2","-/-","-","-/-","-","-","0-0","-/-","-","-","-","-","-","away",7495
2011,"Lewis and Clark College","defense","Coburn","-","2","2","0.5/1","0.5","-/-","-","-","0-0","-/-","-","-","-","-","-","away",7495
2011,"Lewis and Clark College","defense","Howell","1","1","2","-/-","-","-/-","-","-","0-0","-/-","-","-","-","-","-","away",7495
2011,"Lewis and Clark College","defense","Hansen","1","1","2","-/-","-","-/-","-","-","0-0","-/-","-","-","1","-","-","away",7495
2011,"Lewis and Clark College","defense","Bennett","-","2","2","-/-","-","-/-","-","-","0-0","-/-","-","-","-","-","-","away",7495
2011,"Lewis and Clark College","defense","Park","1","1","2","-/-","-","-/-","-","-","0-0","-/-","-","-","-","-","-","away",7495
2011,"Lewis and Clark College","defense","Collins","1","1","2","-/-","-","-/-","-","-","0-0","-/-","-","-","-","-","-","away",7495
2011,"Lewis and Clark College","defense","Conley","-","2","2","-/-","-","-/-","-","-","0-0","-/-","-","-","-","-","-","away",7495
2011,"Lewis and Clark College","defense","Janicki","1","-","1","-/-","-","-/-","-","-","0-0","-/-","-","-","-","-","-","away",7495
2011,"Lewis and Clark College","defense","Andrew","-","1","1","-/-","-","-/-","-","-","0-0","-/-","-","-","-","-","-","away",7495
2011,"Lewis and Clark College","defense","TEAM","1","-","1","-/-","-","-/-","-","1","1-1","1/-","-","-","-","-","-","away",7495
2011,"Occidental College","defense","Matthew Laredo","5","7","12","2.0/2","2.0","-/-","-","-","0-0","-/-","-","-","1","-","-","home",7502
2011,"Occidental College","defense","Ben Salzman","4","4","8","0.5/1","0.5","-/-","-","-","0-0","-/-","-","-","-","-","-","home",7502
2011,"Occidental College","defense","Joey Liekweg","2","4","6","-/-","-","-/-","-","-","0-0","-/-","-","-","1","-","-","home",7502
2011,"Occidental College","defense","Max Winsberg","2","3","5","-/-","-","-/-","-","-","0-0","-/-","-","-","-","-","-","home",7502
2011,"Occidental College","defense","Sae Bin Park","3","2","5","1.0/1","1.0","1.0/1","1.0","-","0-0","-/-","-","-","-","-","-","home",7502
2011,"Occidental College","defense","Elijah Chiang","1","3","4","-/-","-","-/-","-","-","0-0","-/-","-","-","1","-","-","home",7502
2011,"Occidental College","defense","Corbin Tognoni","2","2","4","1.0/2","1.0","-/-","-","-","0-0","-/-","1-43","1","-","-","-","home",7502
2011,"Occidental College","defense","Alex Chang","2","2","4","0.5/1","0.5","-/-","-","-","0-0","-/-","-","-","-","-","-","home",7502
2011,"Occidental College","defense","Jackie Coburn","1","2","3","-/-","-","-/-","-","-","0-0","-/-","-","-","-","-","-","home",7502
2011,"Occidental College","defense","Kyle Hansen","2","1","3","-/-","-","-/-","-","-","0-0","-/-","-","-","1","-","-","home",7502
2011,"Occidental College","defense","Eddie Mills","1","2","3","1.0/9","1.0","1.0/9","1.0","-","0-0","-/-","-","-","1","-","-","home",7502
2011,"Occidental College","defense","Chet Corcos","1","1","2","-/-","-","-/-","-","-","0-0","-/-","-","-","-","-","-","home",7502
2011,"Occidental College","defense","Daniel Andrew","1","1","2","-/-","-","-/-","-","-","0-0","-/-","-","-","-","-","-","home",7502
2011,"Occidental College","defense","Jake Weyerhaeuser","1","-","1","-/-","-","-/-","-","-","0-0","-/-","-","-","-","-","-","home",7502
2011,"Occidental College","defense","Nate Jiwanlal","1","-","1","-/-","-","-/-","-","-","0-0","-/-","-","-","-","-","-","home",7502
2011,"Occidental College","defense","Ivan Gutierrez","1","-","1","-/-","-","-/-","-","-","0-0","-/-","-","-","-","-","-","home",7502
2011,"Occidental College","defense","Proulx","13","8","21","1.0/1","1.0","-/-","-","-","0-0","-/-","-","-","-","-","-","away",7502
2011,"Occidental College","defense","Fiegener","7","7","14","-/-","-","-/-","-","-","0-0","-/-","-","-","-","-","-","away",7502
2011,"Occidental College","defense","Hansbrough","3","9","12","1.0/2","1.0","-/-","-","-","0-0","-/-","-","-","-","-","-","away",7502
2011,"Occidental College","defense","Garza","4","3","7","-/-","-","-/-","-","-","0-0","-/-","-","-","-","-","-","away",7502
2011,"Occidental College","defense","Bunting","1","5","6","1.5/5","1.5","-/-","-","-","0-0","-/-","-","-","-","-","-","away",7502
2011,"Occidental College","defense","G. Arnold","3","1","4","-/-","-","-/-","-","-","0-0","-/-","-","-","-","-","-","away",7502
2011,"Occidental College","defense","Lance","1","2","3","-/-","-","-/-","-","-","0-0","-/-","-","-","2","-","-","away",7502
2011,"Occidental College","defense","Whaley","1","2","3","-/-","-","-/-","-","-","0-0","-/-","-","-","-","-","-","away",7502
2011,"Occidental College","defense","Holsworth","1","2","3","1.0/4","1.0","-/-","-","-","0-0","-/-","1--2","1","1","-","-","away",7502
2011,"Occidental College","defense","Gosselin","-","3","3","-/-","-","-/-","-","-","0-0","-/-","-","-","-","-","-","away",7502
2011,"Occidental College","defense","Gilliam","1","2","3","1.0/1","1.0","-/-","-","-","0-0","-/-","-","-","-","-","-","away",7502
2011,"Occidental College","defense","Bates","1","1","2","-/-","-","-/-","-","-","0-0","-/-","2-0","2","-","-","-","away",7502
2011,"Occidental College","defense","Barbosa","2","-","2","-/-","-","-/-","-","-","0-0","-/-","-","-","-","-","-","away",7502
2011,"Occidental College","defense","Norfleet","1","-","1","-/-","-","-/-","-","-","0-0","-/-","-","-","-","-","-","away",7502
2011,"Occidental College","defense","McDaniel","1","-","1","-/-","-","-/-","-","-","0-0","-/-","-","-","-","-","-","away",7502
2011,"Occidental College","defense","Malos","-","1","1","0.5/-","0.5","-/-","-","-","0-0","-/-","-","-","-","-","-","away",7502
2011,"Occidental College","defense","Matulaitis","-","1","1","-/-","-","-/-","-","-","0-0","-/-","-","-","-","-","-","away",7502
2011,"Occidental College","defense","Shibuya","-","1","1","-/-","-","-/-","-","-","0-0","-/-","-","-","-","-","-","away",7502
2011,"Pacific University","defense","Max Winsberg","3","3","6","1.5/3","1.5","-/-","-","-","0-0","-/-","-","-","-","-","-","home",7496
2011,"Pacific University","defense","Corbin Tognoni","4","1","5","-/-","-","-/-","-","-","0-0","-/-","1-53","1","-","-","-","home",7496
2011,"Pacific University","defense","Matthew Laredo","4","1","5","1.0/9","1.0","1.0/9","1.0","-","0-0","-/-","-","-","-","-","-","home",7496
2011,"Pacific University","defense","Joey Liekweg","2","2","4","-/-","-","-/-","-","-","0-0","-/-","-","-","-","-","-","home",7496
2011,"Pacific University","defense","Kyle Hansen","1","3","4","0.5/1","0.5","-/-","-","-","0-0","-/-","-","-","-","-","-","home",7496
2011,"Pacific University","defense","Elijah Chiang","2","1","3","-/-","-","-/-","-","-","0-0","-/-","-","-","1","-","-","home",7496
2011,"Pacific University","defense","Daniel Andrew","2","1","3","1.5/3","1.5","-/-","-","-","0-0","-/-","-","-","-","-","-","home",7496
2011,"Pacific University","defense","Nate Jiwanlal","1","1","2","-/-","-","-/-","-","-","0-0","-/-","-","-","-","-","-","home",7496
2011,"Pacific University","defense","Matt Howell","2","-","2","-/-","-","-/-","-","-","0-0","-/-","-","-","-","-","-","home",7496
2011,"Pacific University","defense","Alex Chang","2","-","2","1.0/9","1.0","1.0/9","1.0","1","1-0","-/-","-","-","-","-","-","home",7496
2011,"Pacific University","defense","Sae Bin Park","2","-","2","-/-","-","-/-","-","-","0-0","-/-","-","-","-","-","-","home",7496
2011,"Pacific University","defense","Ben Salzman","2","-","2","-/-","-","-/-","-","-","0-0","-/-","-","-","-","-","-","home",7496
2011,"Pacific University","defense","Eddie Mills","2","-","2","1.0/6","1.0","-/-","-","-","0-0","-/-","-","-","-","-","-","home",7496
2011,"Pacific University","defense","Jake Weyerhaeuser","1","-","1","-/-","-","-/-","-","-","0-0","-/-","-","-","-","-","-","home",7496
2011,"Pacific University","defense","Eric Janicki","-","1","1","0.5/1","0.5","-/-","-","-","0-0","-/-","-","-","-","-","-","home",7496
2011,"Pacific University","defense","Ivan Gutierrez","1","-","1","-/-","-","-/-","-","-","0-0","-/-","-","-","-","-","-","home",7496
2011,"Pacific University","defense","Sam Bennett","1","-","1","-/-","-","-/-","-","-","0-0","-/-","-","-","-","-","-","home",7496
2011,"Pacific University","defense","Brett Collins","1","-","1","-/-","-","-/-","-","-","0-0","-/-","-","-","-","-","-","home",7496
2011,"Pacific University","defense","Michael Connell","-","-","-","-/-","-","-/-","-","-","0-0","-/-","-","-","1","-","-","home",7496
2011,"Pacific University","defense","Nick Nasse","-","-","-","-/-","-","-/-","-","-","0-0","-/-","-","-","-","2","-","home",7496
2011,"Pacific University","defense","Mills, Bryan","6","3","9","1.0/1","1.0","-/-","-","1","1-0","-/-","-","-","-","-","-","away",7496
2011,"Pacific University","defense","Feuerbach, Shane","7","1","8","1.0/1","1.0","-/-","-","-","0-0","-/-","-","-","-","-","-","away",7496
2011,"Pacific University","defense","Moody, Marc","2","4","6","-/-","-","-/-","-","-","0-0","-/-","-","-","-","-","-","away",7496
2011,"Pacific University","defense","Hastie, Tim","3","3","6","-/-","-","-/-","-","-","0-0","-/-","-","-","-","-","-","away",7496
2011,"Pacific University","defense","Brinkworth, Josh","4","1","5","-/-","-","-/-","-","1","1-1","1/-","-","-","-","-","-","away",7496
2011,"Pacific University","defense","Bettencourt, Sam","4","1","5","-/-","-","-/-","-","-","0-0","-/-","-","-","-","-","-","away",7496
2011,"Pacific University","defense","Morita, Kamu","4","1","5","-/-","-","-/-","-","-","0-0","-/-","-","-","-","-","-","away",7496
2011,"Pacific University","defense","Aano, Landon","4","1","5","1.0/1","1.0","-/-","-","-","0-0","-/-","-","-","-","-","-","away",7496
2011,"Pacific University","defense","Johnson, Chrystian","1","3","4","0.5/1","0.5","-/-","-","-","0-0","-/-","-","-","-","-","-","away",7496
2011,"Pacific University","defense","Santiago, Chris","2","1","3","-/-","-","-/-","-","-","0-0","-/-","-","-","-","-","-","away",7496
2011,"Pacific University","defense","Lagorio, Devin","2","1","3","1.0/1","1.0","-/-","-","-","0-0","-/-","-","-","-","-","-","away",7496
2011,"Pacific University","defense","Carrillo, Eddie","-","3","3","-/-","-","-/-","-","-","0-0","-/-","-","-","-","-","-","away",7496
2011,"Pacific University","defense","Hairebedian, Tr","2","-","2","-/-","-","-/-","-","-","0-0","-/-","-","-","-","-","-","away",7496
2011,"Pacific University","defense","Smith, Mike","-","2","2","-/-","-","-/-","-","-","0-0","-/-","-","-","-","-","-","away",7496
2011,"Pacific University","defense","Bajet, Chaz","1","-","1","1.0/9","1.0","1.0/9","1.0","-","0-0","-/-","-","-","-","-","-","away",7496
2011,"Pacific University","defense","Yip, Cameron","-","1","1","-/-","-","-/-","-","-","0-0","-/-","-","-","-","-","-","away",7496
2011,"Pacific University","defense","Abiva, Branden","1","-","1","1.0/1","1.0","-/-","-","-","0-0","-/-","-","-","-","-","-","away",7496
2011,"Pacific University","defense","Schmidt, Austin","-","1","1","0.5/-","0.5","-/-","-","-","0-0","-/-","-","-","-","-","-","away",7496
2011,"Pacific University","defense","Reynolds, Nick","-","1","1","-/-","-","-/-","-","-","0-0","-/-","-","-","-","-","-","away",7496
2011,"Pacific University","defense","Bangs, Sean","-","1","1","-/-","-","-/-","-","-","0-1","1/-","-","-","-","-","-","away",7496
2011,"Pacific University","defense","Anthony, Blake","1","-","1","-/-","-","-/-","-","-","0-0","-/-","-","-","-","-","-","away",7496
2011,"Pacific University","defense","Treadway, Kyle","-","1","1","-/-","-","-/-","-","-","0-0","-/-","-","-","-","-","-","away",7496
2011,"Pacific University","defense","Bailey, Craig","-","-","-","-/-","-","-/-","-","-","0-0","-/-","-","-","2","-","-","away",7496
2011,"Pacific University","defense","TEAM","-","-","-","-/-","-","-/-","-","-","0-1","1/-","-","-","-","-","-","away",7496
2011,"Pomona-Pitzer","defense","Matthew Laredo","5","9","14","0.5/1","0.5","-/-","-","-","0-0","-/-","-","-","-","-","-","home",7503
2011,"Pomona-Pitzer","defense","Joey Liekweg","5","6","11","-/-","-","-/-","-","-","0-0","-/-","-","-","-","-","-","home",7503
2011,"Pomona-Pitzer","defense","Corbin Tognoni","8","2","10","1.0/3","1.0","-/-","-","-","0-0","-/-","-","-","-","-","-","home",7503
2011,"Pomona-Pitzer","defense","Ben Salzman","5","5","10","0.5/1","0.5","-/-","-","-","0-0","-/-","-","-","1","-","-","home",7503
2011,"Pomona-Pitzer","defense","Elijah Chiang","3","5","8","-/-","-","-/-","-","-","0-1","1/-","1-0","1","1","-","-","home",7503
2011,"Pomona-Pitzer","defense","Max Winsberg","3","3","6","1.0/2","1.0","-/-","-","-","0-0","-/-","-","-","1","-","-","home",7503
2011,"Pomona-Pitzer","defense","Sae Bin Park","3","3","6","1.5/12","1.5","1.0/11","1.0","1","1-0","-/-","-","-","-","-","-","home",7503
2011,"Pomona-Pitzer","defense","Daniel Andrew","2","3","5","0.5/1","0.5","-/-","-","-","0-0","-/-","-","-","-","-","-","home",7503
2011,"Pomona-Pitzer","defense","Michael Connell","2","2","4","-/-","-","-/-","-","-","0-0","-/-","-","-","-","-","-","home",7503
2011,"Pomona-Pitzer","defense","Eddie Mills","2","2","4","2.0/11","2.0","1.0/7","1.0","-","0-0","-/-","-","-","-","-","-","home",7503
2011,"Pomona-Pitzer","defense","Jake Weyerhaeuser","1","2","3","-/-","-","-/-","-","-","0-0","-/-","1-2","1","-","-","-","home",7503
2011,"Pomona-Pitzer","defense","Jackie Coburn","-","3","3","-/-","-","-/-","-","-","0-0","-/-","-","-","-","-","-","home",7503
2011,"Pomona-Pitzer","defense","Kyle Hansen","-","2","2","-/-","-","-/-","-","-","0-0","-/-","-","-","-","-","-","home",7503
2011,"Pomona-Pitzer","defense","Ivan Gutierrez","1","1","2","-/-","-","-/-","-","-","0-0","-/-","-","-","-","-","-","home",7503
2011,"Pomona-Pitzer","defense","Alex Chang","1","1","2","-/-","-","-/-","-","-","0-0","-/-","-","-","-","-","-","home",7503
2011,"Pomona-Pitzer","defense","Cameron Conley","-","2","2","-/-","-","-/-","-","-","0-0","-/-","-","-","-","-","-","home",7503
2011,"Pomona-Pitzer","defense","Nate Jiwanlal","1","-","1","-/-","-","-/-","-","-","0-0","-/-","-","-","-","-","-","home",7503
2011,"Pomona-Pitzer","defense","Connor O'Boyle","1","-","1","1.0/4","1.0","-/-","-","-","0-0","-/-","-","-","-","-","-","home",7503
2011,"Pomona-Pitzer","defense","Nick Nasse","-","1","1","-/-","-","-/-","-","-","0-0","-/-","-","-","-","-","-","home",7503
2011,"Pomona-Pitzer","defense","Jake Rollins","6","4","10","-/-","-","-/-","-","-","0-0","-/-","-","-","-","-","-","away",7503
2011,"Pomona-Pitzer","defense","Don Swan","1","8","9","-/-","-","-/-","-","-","0-0","-/-","-","-","-","-","-","away",7503
2011,"Pomona-Pitzer","defense","Andre Shepley","2","5","7","-/-","-","-/-","-","-","0-0","-/-","-","-","-","-","-","away",7503
2011,"Pomona-Pitzer","defense","Nick Sbardellati","-","6","6","-/-","-","-/-","-","-","0-0","-/-","-","-","-","-","-","away",7503
2011,"Pomona-Pitzer","defense","Willie Goldberg","-","6","6","-/-","-","-/-","-","-","0-0","-/-","-","-","-","-","-","away",7503
2011,"Pomona-Pitzer","defense","Michael Etzel","2","3","5","-/-","-","-/-","-","-","0-0","-/-","-","-","-","-","-","away",7503
2011,"Pomona-Pitzer","defense","Kyle Whalen","-","5","5","-/-","-","-/-","-","-","0-0","-/-","-","-","-","-","-","away",7503
2011,"Pomona-Pitzer","defense","Brett Lingle","1","2","3","1.0/2","1.0","-/-","-","-","0-0","-/-","-","-","-","-","-","away",7503
2011,"Pomona-Pitzer","defense","Justin Meng","1","2","3","-/-","-","-/-","-","-","0-0","-/-","-","-","-","-","-","away",7503
2011,"Pomona-Pitzer","defense","Joshua Rothman","2","-","2","-/-","-","-/-","-","-","0-0","-/-","-","-","-","-","-","away",7503
2011,"Pomona-Pitzer","defense","Matt O'Connor","1","1","2","-/-","-","-/-","-","-","0-0","-/-","-","-","-","-","-","away",7503
2011,"Pomona-Pitzer","defense","Jeff Fox","1","1","2","-/-","-","-/-","-","-","0-0","-/-","-","-","-","-","-","away",7503
2011,"Pomona-Pitzer","defense","Kareem Smedley","1","-","1","-/-","-","-/-","-","-","0-0","-/-","-","-","-","-","-","away",7503
2011,"Pomona-Pitzer","defense","Weston Staubus","-","1","1","-/-","-","-/-","-","-","0-0","-/-","-","-","1","-","-","away",7503
2011,"Pomona-Pitzer","defense","Luke Ferguson","-","1","1","-/-","-","-/-","-","-","0-0","-/-","-","-","-","-","-","away",7503
2011,"Pomona-Pitzer","defense","Ben Feldman","1","-","1","1.0/7","1.0","-/-","-","-","0-0","-/-","-","-","-","-","-","away",7503
2011,"Pomona-Pitzer","defense","Will Evenson","1","-","1","-/-","-","-/-","-","-","0-0","-/-","-","-","-","-","-","away",7503
2011,"Pomona-Pitzer","defense","Ben Lieber","1","-","1","-/-","-","-/-","-","-","0-0","-/-","-","-","-","-","-","away",7503
2011,"Pomona-Pitzer","defense","Jack Horstmann","1","-","1","-/-","-","-/-","-","-","0-0","-/-","-","-","-","-","-","away",7503
2011,"Pomona-Pitzer","defense","Trey Connet","-","1","1","-/-","-","-/-","-","-","0-0","-/-","-","-","-","-","-","away",7503
2011,"Univ. of La Verne","defense","Fillip Marcelin","5","7","12","2.5/6","2.5","1.0/4","1.0","-","0-0","-/-","-","-","2","-","-","home",7497
2011,"Univ. of La Verne","defense","Donald Mull","5","5","10","-/-","-","-/-","-","-","0-0","-/-","-","-","1","-","-","home",7497
2011,"Univ. of La Verne","defense","Arsian Erdinc","5","5","10","-/-","-","-/-","-","-","0-0","-/-","-","-","-","-","-","home",7497
2011,"Univ. of La Verne","defense","Matthew Miller","3","5","8","-/-","-","-/-","-","-","0-0","-/-","-","-","-","-","-","home",7497
2011,"Univ. of La Verne","defense","Manuel Macias","-","8","8","-/-","-","-/-","-","-","0-0","-/-","-","-","-","-","-","home",7497
2011,"Univ. of La Verne","defense","RogelioEspinoza","2","6","8","-/-","-","-/-","-","-","0-0","-/-","-","-","-","-","-","home",7497
2011,"Univ. of La Verne","defense","Brent Chambers","3","3","6","0.5/-","0.5","-/-","-","-","0-0","-/-","-","-","-","-","-","home",7497
2011,"Univ. of La Verne","defense","Alex Barrios","4","1","5","2.0/4","2.0","1.0/2","1.0","-","0-0","-/-","-","-","-","-","-","home",7497
2011,"Univ. of La Verne","defense","William Griffin","2","2","4","-/-","-","-/-","-","-","0-0","-/-","-","-","4","-","-","home",7497
2011,"Univ. of La Verne","defense","Kenny Poston","-","4","4","0.5/-","0.5","-/-","-","-","0-0","-/-","-","-","-","-","-","home",7497
2011,"Univ. of La Verne","defense","Nick St. Clair","2","1","3","-/-","-","-/-","-","1","1-0","-/-","-","-","-","-","-","home",7497
2011,"Univ. of La Verne","defense","Samuel Rhone","-","3","3","0.5/1","0.5","-/-","-","-","0-0","-/-","-","-","-","-","-","home",7497
2011,"Univ. of La Verne","defense","Allen Daniels","1","1","2","-/-","-","-/-","-","-","0-0","-/-","1--94","1","2","1","-","home",7497
2011,"Univ. of La Verne","defense","Edgar Rodriguez","1","1","2","-/-","-","-/-","-","-","0-0","-/-","-","-","-","-","-","home",7497
2011,"Univ. of La Verne","defense","Rydell Moore","-","2","2","-/-","-","-/-","-","-","0-0","-/-","-","-","1","-","-","home",7497
2011,"Univ. of La Verne","defense","Dylan Keith","-","2","2","-/-","-","-/-","-","-","0-0","-/-","-","-","-","-","-","home",7497
2011,"Univ. of La Verne","defense","Kevin Donnellon","1","-","1","-/-","-","-/-","-","-","0-0","-/-","-","-","-","-","-","home",7497
2011,"Univ. of La Verne","defense","Erick Perez","-","1","1","-/-","-","-/-","-","-","0-0","-/-","-","-","-","-","-","home",7497
2011,"Univ. of La Verne","defense","Alex Stuart","1","-","1","-/-","-","-/-","-","-","0-0","-/-","-","-","-","-","-","home",7497
2011,"Univ. of La Verne","defense","Nick Gutierrez","-","1","1","-/-","-","-/-","-","-","0-0","-/-","-","-","-","-","-","home",7497
2011,"Univ. of La Verne","defense","Salzman","5","7","12","1.0/2","1.0","-/-","-","1","1-0","-/-","-","-","-","-","-","away",7497
2011,"Univ. of La Verne","defense","Winsberg","4","5","9","-/-","-","-/-","-","-","0-0","-/-","-","-","-","-","-","away",7497
2011,"Univ. of La Verne","defense","Liekweg","2","4","6","-/-","-","-/-","-","-","0-0","-/-","-","-","-","-","-","away",7497
2011,"Univ. of La Verne","defense","Laredo","1","5","6","-/-","-","-/-","-","-","0-0","-/-","-","-","-","-","-","away",7497
2011,"Univ. of La Verne","defense","Park","2","3","5","1.5/1","1.5","-/-","-","-","0-0","-/-","-","-","-","-","-","away",7497
2011,"Univ. of La Verne","defense","Tognoni","1","3","4","-/-","-","-/-","-","-","0-0","-/-","-","-","1","-","-","away",7497
2011,"Univ. of La Verne","defense","Janicki","-","3","3","-/-","-","-/-","-","-","0-0","-/-","-","-","-","-","-","away",7497
2011,"Univ. of La Verne","defense","Hansen","3","-","3","1.0/2","1.0","-/-","-","-","0-0","-/-","1-1","1","-","-","-","away",7497
2011,"Univ. of La Verne","defense","Bennett","1","2","3","-/-","-","-/-","-","-","0-0","-/-","-","-","-","-","-","away",7497
2011,"Univ. of La Verne","defense","Chang","2","1","3","-/-","-","-/-","-","-","0-0","-/-","-","-","-","-","-","away",7497
2011,"Univ. of La Verne","defense","Chiang","2","-","2","-/-","-","-/-","-","-","0-0","-/-","-","-","1","-","-","away",7497
2011,"Univ. of La Verne","defense","Mills","-","2","2","0.5/1","0.5","-/-","-","-","0-0","-/-","-","-","1","-","-","away",7497
2011,"Univ. of La Verne","defense","Howell","1","-","1","-/-","-","-/-","-","-","0-0","-/-","-","-","-","-","-","away",7497
2011,"Univ. of La Verne","defense","Clancy","1","-","1","-/-","-","-/-","-","-","0-0","-/-","-","-","-","-","-","away",7497
2011,"Univ. of La Verne","defense","Wilson","-","1","1","-/-","-","-/-","-","-","0-0","-/-","-","-","-","-","-","away",7497
2011,"University of Redlands","defense","Salzman","3","3","6","1.0/3","1.0","-/-","-","-","0-0","-/-","-","-","-","-","-","home",7499
2011,"University of Redlands","defense","Chiang","3","1","4","-/-","-","-/-","-","-","0-0","-/-","-","-","2","-","-","home",7499
2011,"University of Redlands","defense","Laredo","1","3","4","-/-","-","-/-","-","-","0-0","-/-","-","-","-","-","-","home",7499
2011,"University of Redlands","defense","Weyerhaeuser","2","1","3","-/-","-","-/-","-","-","0-0","-/-","-","-","1","-","-","home",7499
2011,"University of Redlands","defense","Liekweg","1","2","3","-/-","-","-/-","-","-","0-0","-/-","-","-","1","-","-","home",7499
2011,"University of Redlands","defense","Tognoni","2","1","3","1.0/2","1.0","-/-","-","-","0-1","1/5","-","-","-","-","-","home",7499
2011,"University of Redlands","defense","Chang","2","1","3","-/-","-","-/-","-","-","0-0","-/-","-","-","-","-","-","home",7499
2011,"University of Redlands","defense","Jiwanlal","2","-","2","-/-","-","-/-","-","-","0-0","-/-","-","-","-","-","-","home",7499
2011,"University of Redlands","defense","Coburn","1","1","2","-/-","-","-/-","-","-","0-0","-/-","-","-","-","-","-","home",7499
2011,"University of Redlands","defense","Howell","2","-","2","-/-","-","-/-","-","-","0-0","-/-","-","-","-","-","-","home",7499
2011,"University of Redlands","defense","Winsberg","1","1","2","-/-","-","-/-","-","-","0-0","-/-","1-29","1","2","-","-","home",7499
2011,"University of Redlands","defense","Park","1","1","2","-/-","-","-/-","-","-","0-0","-/-","-","-","-","-","-","home",7499
2011,"University of Redlands","defense","Mills","1","1","2","1.0/5","1.0","1.0/5","1.0","1","1-0","-/-","-","-","-","-","-","home",7499
2011,"University of Redlands","defense","Connell","1","-","1","-/-","-","-/-","-","-","0-0","-/-","-","-","1","-","-","home",7499
2011,"University of Redlands","defense","Hansen","1","-","1","-/-","-","-/-","-","-","0-0","-/-","-","-","-","-","-","home",7499
2011,"University of Redlands","defense","Otterholt","1","-","1","-/-","-","-/-","-","-","0-0","-/-","-","-","-","-","-","home",7499
2011,"University of Redlands","defense","Bickler","1","-","1","-/-","-","-/-","-","-","0-0","-/-","-","-","-","-","-","home",7499
2011,"University of Redlands","defense","Wilson","1","-","1","-/-","-","-/-","-","-","0-0","-/-","-","-","-","-","-","home",7499
2011,"University of Redlands","defense","Justin Butler","6","9","15","0.5/-","0.5","-/-","-","-","0-0","-/-","-","-","1","-","-","away",7499
2011,"University of Redlands","defense","Josh Herrera","2","7","9","-/-","-","-/-","-","-","0-0","-/-","-","-","2","-","-","away",7499
2011,"University of Redlands","defense","Tony Santini","2","6","8","0.5/2","0.5","-/-","-","-","0-0","-/-","-","-","-","-","-","away",7499
2011,"University of Redlands","defense","Jordan Garcia","2","5","7","0.5/-","0.5","-/-","-","-","0-0","-/-","-","-","-","-","-","away",7499
2011,"University of Redlands","defense","Scott Payton","-","6","6","-/-","-","-/-","-","-","0-0","-/-","-","-","-","-","-","away",7499
2011,"University of Redlands","defense","Brett Hutter","1","4","5","0.5/1","0.5","-/-","-","-","0-0","-/-","-","-","-","-","-","away",7499
2011,"University of Redlands","defense","Spencer Minshew","2","3","5","1.0/2","1.0","-/-","-","-","0-0","-/-","-","-","-","-","-","away",7499
2011,"University of Redlands","defense","Randy Crim","1","3","4","1.0/-","1.0","-/-","-","-","0-0","-/-","-","-","-","-","-","away",7499
2011,"University of Redlands","defense","Zak Mella","2","2","4","0.5/2","0.5","-/-","-","-","0-0","-/-","1-7","1","-","-","-","away",7499
2011,"University of Redlands","defense","Vince Aiello","3","-","3","-/-","-","-/-","-","-","0-0","-/-","-","-","-","-","-","away",7499
2011,"University of Redlands","defense","Daniel Kane","3","-","3","1.0/1","1.0","-/-","-","-","0-0","-/-","-","-","-","-","-","away",7499
2011,"University of Redlands","defense","Arlando Brown","3","-","3","-/-","-","-/-","-","-","0-0","-/-","-","-","-","-","-","away",7499
2011,"University of Redlands","defense","Mike Polvere","-","2","2","-/-","-","-/-","-","-","0-0","-/-","-","-","-","-","-","away",7499
2011,"University of Redlands","defense","Trevor Manly","1","1","2","-/-","-","-/-","-","-","0-0","-/-","-","-","-","-","-","away",7499
2011,"University of Redlands","defense","David Williams","-","2","2","0.5/1","0.5","-/-","-","-","0-0","-/-","-","-","-","-","-","away",7499
2011,"University of Redlands","defense","Vince DiPiero","-","1","1","-/-","-","-/-","-","-","0-0","-/-","-","-","-","-","-","away",7499
2011,"University of Redlands","defense","Sean Woods","1","-","1","-/-","-","-/-","-","-","0-0","-/-","-","-","-","-","-","away",7499
2011,"University of Redlands","defense","Peter Kinney","1","-","1","-/-","-","-/-","-","-","0-0","-/-","-","-","-","-","-","away",7499
2011,"University of Redlands","defense","Andrew Carreon","-","1","1","-/-","-","-/-","-","-","0-0","-/-","-","-","-","-","-","away",7499
2011,"University of Redlands","defense","Richard Dye","-","-","-","-/-","-","-/-","-","-","0-0","-/-","1-67","1","1","-","-","away",7499
2011,"Whittier College","defense","Charles Scicli","7","8","15","1.0/4","1.0","-/-","-","1","1-0","-/-","-","-","2","-","-","home",7500
2011,"Whittier College","defense","Travis Driskell","6","4","10","1.0/2","1.0","-/-","-","1","1-0","-/-","-","-","-","-","-","home",7500
2011,"Whittier College","defense","Taylor Holland","5","3","8","-/-","-","-/-","-","-","0-0","-/-","-","-","-","-","-","home",7500
2011,"Whittier College","defense","Scott Dinov","4","2","6","2.0/11","2.0","2.0/11","2.0","-","0-0","-/-","-","-","-","-","-","home",7500
2011,"Whittier College","defense","Richard Hopkins","1","4","5","-/-","-","-/-","-","-","0-0","-/-","-","-","-","-","-","home",7500
2011,"Whittier College","defense","TJ Anderson","2","3","5","-/-","-","-/-","-","-","0-0","-/-","-","-","-","-","-","home",7500
2011,"Whittier College","defense","Steele Frey","1","4","5","1.0/1","1.0","-/-","-","-","0-0","-/-","-","-","-","-","-","home",7500
2011,"Whittier College","defense","Anthony Bennett","3","-","3","-/-","-","-/-","-","-","0-0","-/-","-","-","-","-","-","home",7500
2011,"Whittier College","defense","Alex Mitchell","3","-","3","1.0/5","1.0","-/-","-","-","0-0","-/-","-","-","2","-","-","home",7500
2011,"Whittier College","defense","Jacob Former","2","1","3","0.5/2","0.5","-/-","-","-","0-0","-/-","-","-","-","-","-","home",7500
2011,"Whittier College","defense","Josh Callanan","1","1","2","0.5/1","0.5","-/-","-","-","0-0","-/-","-","-","-","-","-","home",7500
2011,"Whittier College","defense","Pete Mitchell","-","1","1","-/-","-","-/-","-","-","0-0","-/-","-","-","-","-","-","home",7500
2011,"Whittier College","defense","TEAM","1","-","1","-/-","-","-/-","-","-","0-1","1/-","-","-","-","-","-","home",7500
2011,"Whittier College","defense","Karsten Tindal","-","1","1","-/-","-","-/-","-","-","0-0","-/-","-","-","-","-","-","home",7500
2011,"Whittier College","defense","Jason Manalili","-","1","1","-/-","-","-/-","-","-","0-0","-/-","-","-","-","-","-","home",7500
2011,"Whittier College","defense","Idean Vandi","-","1","1","-/-","-","-/-","-","-","0-0","-/-","-","-","-","-","-","home",7500
2011,"Whittier College","defense","Zach Trites","-","1","1","-/-","-","-/-","-","-","0-0","-/-","-","-","-","-","-","home",7500
2011,"Whittier College","defense","Ian Bablewski","-","1","1","-/-","-","-/-","-","-","0-0","-/-","-","-","-","-","-","home",7500
2011,"Whittier College","defense","Nathan Poole","1","-","1","-/-","-","-/-","-","-","0-0","-/-","-","-","-","-","-","home",7500
2011,"Whittier College","defense","Raul Pintado","-","-","-","-/-","-","-/-","-","-","0-0","-/-","-","-","-","1","-","home",7500
2011,"Whittier College","defense","Winsberg","4","5","9","1.5/7","1.5","0.5/4","0.5","-","0-0","-/-","-","-","1","-","-","away",7500
2011,"Whittier College","defense","Chiang","7","1","8","2.0/8","2.0","-/-","-","-","0-0","-/-","-","-","1","-","-","away",7500
2011,"Whittier College","defense","Salzman","5","3","8","2.5/20","2.5","2.5/20","2.5","-","0-0","-/-","1-26","1","1","-","-","away",7500
2011,"Whittier College","defense","Liekweg","4","2","6","0.5/1","0.5","-/-","-","-","0-0","-/-","-","-","-","-","-","away",7500
2011,"Whittier College","defense","Chang","1","5","6","1.5/6","1.5","0.5/5","0.5","-","0-0","-/-","-","-","-","-","-","away",7500
2011,"Whittier College","defense","Tognoni","4","1","5","1.0/2","1.0","-/-","-","-","0-0","-/-","-","-","1","-","-","away",7500
2011,"Whittier College","defense","Laredo","1","4","5","1.0/4","1.0","-/-","-","-","0-0","-/-","-","-","-","-","-","away",7500
2011,"Whittier College","defense","Mills","1","4","5","2.0/7","2.0","0.5/5","0.5","-","0-0","-/-","-","-","-","-","-","away",7500
2011,"Whittier College","defense","Park","1","3","4","1.0/4","1.0","0.5/4","0.5","-","0-0","-/-","-","-","-","-","-","away",7500
2011,"Whittier College","defense","Andrew","1","3","4","1.0/5","1.0","0.5/4","0.5","-","0-0","-/-","-","-","-","-","-","away",7500
2011,"Whittier College","defense","Connell","2","1","3","1.0/7","1.0","1.0/7","1.0","-","0-0","-/-","-","-","-","-","-","away",7500
2011,"Whittier College","defense","Hansen","2","-","2","-/-","-","-/-","-","-","0-0","-/-","-","-","-","-","-","away",7500
2011,"Whittier College","defense","Nasse","1","-","1","-/-","-","-/-","-","-","0-0","-/-","-","-","-","-","-","away",7500
2011,"Whittier College","defense","Crawford","1","-","1","-/-","-","-/-","-","-","0-0","-/-","-","-","-","-","-","away",7500
2011,"Whittier College","defense","Coburn","-","1","1","-/-","-","-/-","-","-","0-0","-/-","-","-","-","-","-","away",7500
2011,"Whittier College","defense","Howell","-","1","1","-/-","-","-/-","-","-","0-0","-/-","-","-","-","-","-","away",7500
2011,"Whittier College","defense","Fang","-","1","1","-/-","-","-/-","-","-","0-1","1/-","-","-","-","-","-","away",7500
2011,"Whittier College","defense","Collins","-","1","1","-/-","-","-/-","-","-","0-0","-/-","-","-","-","-","-","away",7500
2012,"Cal Lutheran University","defense","Eduardo Ramirez","3","7","10","0.5/1","0.5","-/-","-","-","0-0","-/-","-","-","-","-","-","home",7508
2012,"Cal Lutheran University","defense","Jackie Coburn","4","5","9","1.5/8","1.5","1.0/7","1.0","-","0-0","-/-","-","-","1","-","-","home",7508
2012,"Cal Lutheran University","defense","James Ingram","6","3","9","-/-","-","-/-","-","-","0-0","-/-","-","-","1","-","-","home",7508
2012,"Cal Lutheran University","defense","A.J. Herrera","5","4","9","1.0/2","1.0","-/-","-","-","0-0","-/-","-","-","-","-","-","home",7508
2012,"Cal Lutheran University","defense","Zach Mobilian","3","5","8","-/-","-","-/-","-","-","0-0","-/-","-","-","1","-","-","home",7508
2012,"Cal Lutheran University","defense","Phil Crawford","5","2","7","-/-","-","-/-","-","-","0-0","-/-","-","-","-","-","-","home",7508
2012,"Cal Lutheran University","defense","John O'Brien","1","5","6","1.0/2","1.0","-/-","-","-","0-0","-/-","-","-","-","-","-","home",7508
2012,"Cal Lutheran University","defense","Will Shannon","3","2","5","1.5/10","1.5","1.0/10","1.0","-","0-0","-/-","-","-","-","-","-","home",7508
2012,"Cal Lutheran University","defense","Alex Chang","1","3","4","0.5/1","0.5","-/-","-","-","0-0","-/-","-","-","-","-","-","home",7508
2012,"Cal Lutheran University","defense","Max Winsberg","1","1","2","-/-","-","-/-","-","-","0-0","-/-","-","-","-","-","-","home",7508
2012,"Cal Lutheran University","defense","Luke Ihle","-","2","2","-/-","-","-/-","-","-","0-0","-/-","-","-","-","-","-","home",7508
2012,"Cal Lutheran University","defense","Kris Otterholt","1","-","1","-/-","-","-/-","-","-","0-0","-/-","-","-","-","-","-","home",7508
2012,"Cal Lutheran University","defense","Ryan Farney","1","-","1","-/-","-","-/-","-","-","0-0","-/-","-","-","-","-","-","home",7508
2012,"Cal Lutheran University","defense","Michael Connell","-","1","1","-/-","-","-/-","-","-","0-0","-/-","-","-","-","-","-","home",7508
2012,"Cal Lutheran University","defense","Steven Kohr","-","1","1","-/-","-","-/-","-","-","0-0","-/-","-","-","1","-","-","home",7508
2012,"Cal Lutheran University","defense","Alex Krall","1","-","1","-/-","-","-/-","-","-","0-1","1/-","-","-","-","-","-","home",7508
2012,"Cal Lutheran University","defense","Nick Nasse","1","-","1","-/-","-","-/-","-","-","0-0","-/-","-","-","-","-","-","home",7508
2012,"Cal Lutheran University","defense","Brett Collins","-","1","1","-/-","-","-/-","-","-","0-0","-/-","-","-","-","-","-","home",7508
2012,"Cal Lutheran University","defense","Daniel Azhocar","3","8","11","0.5/-","0.5","-/-","-","-","0-0","-/-","-","-","-","-","-","away",7508
2012,"Cal Lutheran University","defense","Derrick Romo","5","4","9","-/-","-","-/-","-","-","0-0","-/-","-","-","-","-","-","away",7508
2012,"Cal Lutheran University","defense","Tim Cozine","4","4","8","-/-","-","-/-","-","-","0-0","-/-","-","-","-","-","-","away",7508
2012,"Cal Lutheran University","defense","Broc Galbreth","3","4","7","1.0/1","1.0","-/-","-","-","0-0","-/-","-","-","-","-","-","away",7508
2012,"Cal Lutheran University","defense","Tanner Hix","-","7","7","-/-","-","-/-","-","-","0-0","-/-","-","-","-","-","-","away",7508
2012,"Cal Lutheran University","defense","Rian Younker","4","3","7","2.5/8","2.5","1.0/5","1.0","-","0-0","-/-","-","-","-","-","-","away",7508
2012,"Cal Lutheran University","defense","Dontaie Ferguson","1","3","4","1.0/1","1.0","-/-","-","-","0-0","-/-","-","-","-","-","-","away",7508
2012,"Cal Lutheran University","defense","James Emma","2","2","4","1.0/2","1.0","-/-","-","-","0-0","-/-","1-8","1","-","-","-","away",7508
2012,"Cal Lutheran University","defense","Billy Livingston","1","2","3","-/-","-","-/-","-","-","0-0","-/-","-","-","-","-","-","away",7508
2012,"Cal Lutheran University","defense","Patrick Knox","1","2","3","-/-","-","-/-","-","-","0-0","-/-","-","-","-","-","-","away",7508
2012,"Cal Lutheran University","defense","Nick Grodotzke","1","2","3","-/-","-","-/-","-","-","0-0","-/-","-","-","-","-","-","away",7508
2012,"Cal Lutheran University","defense","Steven Keezer","1","1","2","1.0/1","1.0","-/-","-","-","0-0","-/-","-","-","-","-","-","away",7508
2012,"Cal Lutheran University","defense","Caius Radu","2","-","2","-/-","-","-/-","-","-","0-0","-/-","-","-","-","-","-","away",7508
2012,"Cal Lutheran University","defense","JD Austin","1","1","2","-/-","-","-/-","-","-","0-0","-/-","-","-","-","-","-","away",7508
2012,"Cal Lutheran University","defense","Vincent Minor","2","-","2","-/-","-","-/-","-","-","0-0","-/-","-","-","-","-","-","away",7508
2012,"Cal Lutheran University","defense","Christian Bradl","-","1","1","-/-","-","-/-","-","-","0-0","-/-","-","-","-","-","-","away",7508
2012,"Cal Lutheran University","defense","J.D. Austin","1","-","1","-/-","-","-/-","-","-","0-0","-/-","-","-","-","-","-","away",7508
2012,"Cal Lutheran University","defense","David Rico","1","-","1","-/-","-","-/-","-","-","0-0","-/-","-","-","-","-","-","away",7508
2012,"Cal Lutheran University","defense","Nikolas Kessler","-","1","1","-/-","-","-/-","-","-","0-0","-/-","-","-","-","-","-","away",7508
2012,"Cal Lutheran University","defense","Anthony Goodman","1","-","1","-/-","-","-/-","-","-","0-0","-/-","-","-","-","-","-","away",7508
2012,"Cal Lutheran University","defense","Chris Miller","1","-","1","-/-","-","-/-","-","-","0-0","-/-","-","-","-","-","-","away",7508
2012,"Cal Lutheran University","defense","Maurice Clement","-","1","1","-/-","-","-/-","-","-","0-0","-/-","-","-","-","-","-","away",7508
2012,"Cal Lutheran University","defense","Elliot Reyes","-","1","1","-/-","-","-/-","-","-","0-0","-/-","-","-","-","-","-","away",7508
2012,"Cal Lutheran University","defense","Michael Cornejo","-","1","1","-/-","-","-/-","-","-","0-0","-/-","-","-","-","-","-","away",7508
2012,"Chapman University","defense","Eduardo Ramirez","9","7","16","2.0/2","2.0","-/-","-","-","0-0","-/-","-","-","-","-","-","home",7511
2012,"Chapman University","defense","Joey Liekweg","4","5","9","-/-","-","-/-","-","-","0-0","-/-","-","-","-","-","-","home",7511
2012,"Chapman University","defense","John O'Brien","3","4","7","-/-","-","-/-","-","-","0-0","-/-","-","-","-","-","-","home",7511
2012,"Chapman University","defense","A.J. Herrera","3","4","7","-/-","-","-/-","-","-","0-0","-/-","-","-","-","-","-","home",7511
2012,"Chapman University","defense","Steven Kohr","4","2","6","1.0/1","1.0","-/-","-","-","0-0","-/-","-","-","-","-","-","home",7511
2012,"Chapman University","defense","Max Winsberg","4","2","6","-/-","-","-/-","-","-","0-0","-/-","-","-","-","-","-","home",7511
2012,"Chapman University","defense","Jake Weyerhaeuser","4","-","4","1.0/1","1.0","-/-","-","-","0-0","-/-","-","-","-","-","-","home",7511
2012,"Chapman University","defense","Eric Janicki","3","1","4","-/-","-","-/-","-","-","0-0","-/-","-","-","1","-","-","home",7511
2012,"Chapman University","defense","Alex Chang","1","3","4","0.5/2","0.5","0.5/2","0.5","-","0-0","-/-","-","-","-","-","-","home",7511
2012,"Chapman University","defense","Phil Crawford","1","2","3","-/-","-","-/-","-","-","0-0","-/-","-","-","-","-","-","home",7511
2012,"Chapman University","defense","Luke Ihle","2","1","3","0.5/2","0.5","0.5/2","0.5","-","0-0","-/-","-","-","-","-","-","home",7511
2012,"Chapman University","defense","Brett Collins","2","1","3","-/-","-","-/-","-","-","0-0","-/-","-","-","-","-","-","home",7511
2012,"Chapman University","defense","Tyler West","2","-","2","1.0/7","1.0","-/-","-","-","0-0","-/-","-","-","-","-","-","home",7511
2012,"Chapman University","defense","Zach Mobilian","1","1","2","-/-","-","-/-","-","-","0-0","-/-","-","-","-","-","-","home",7511
2012,"Chapman University","defense","Will Shannon","1","1","2","-/-","-","-/-","-","-","0-0","-/-","-","-","-","-","-","home",7511
2012,"Chapman University","defense","Nick Nasse","1","1","2","-/-","-","-/-","-","-","0-0","-/-","-","-","-","-","-","home",7511
2012,"Chapman University","defense","Michael Connell","1","-","1","-/-","-","-/-","-","-","0-0","-/-","-","-","-","-","-","home",7511
2012,"Chapman University","defense","Alex Krall","-","1","1","-/-","-","-/-","-","-","0-0","-/-","-","-","-","-","-","home",7511
2012,"Chapman University","defense","Andrew Sova","1","-","1","-/-","-","-/-","-","-","0-0","-/-","-","-","-","-","-","home",7511
2012,"Chapman University","defense","Kellen Matsuno","4","2","6","1.5/2","1.5","-/-","-","-","0-0","-/-","-","-","1","-","-","away",7511
2012,"Chapman University","defense","Ethan Weinstein","3","3","6","-/-","-","-/-","-","-","0-0","-/-","1-0","1","-","-","-","away",7511
2012,"Chapman University","defense","Greg Johnson","5","1","6","-/-","-","-/-","-","-","0-1","1/-","-","-","-","-","-","away",7511
2012,"Chapman University","defense","Steven Santana","2","3","5","0.5/-","0.5","-/-","-","-","0-0","-/-","-","-","-","-","-","away",7511
2012,"Chapman University","defense","Michael Mehlhaff","2","1","3","-/-","-","-/-","-","-","0-0","-/-","-","-","-","-","-","away",7511
2012,"Chapman University","defense","Drew DeMarco","2","1","3","-/-","-","-/-","-","-","0-0","-/-","1-28","1","1","-","-","away",7511
2012,"Chapman University","defense","Josh Irvin","1","1","2","-/-","-","-/-","-","-","0-0","-/-","-","-","-","-","-","away",7511
2012,"Chapman University","defense","Kyle White","-","2","2","-/-","-","-/-","-","-","0-0","-/-","-","-","-","-","-","away",7511
2012,"Chapman University","defense","Chase Tamashiro","1","1","2","-/-","-","-/-","-","-","0-0","-/-","-","-","-","-","-","away",7511
2012,"Chapman University","defense","Garrett Frediani","1","1","2","-/-","-","-/-","-","-","0-0","-/-","-","-","-","-","-","away",7511
2012,"Chapman University","defense","Wade Minshew","1","1","2","1.0/1","1.0","-/-","-","-","0-1","1/-","-","-","-","-","-","away",7511
2012,"Chapman University","defense","Ben Wadors","1","1","2","0.5/1","0.5","-/-","-","-","0-0","-/-","-","-","-","-","-","away",7511
2012,"Chapman University","defense","Zane Archer","2","-","2","-/-","-","-/-","-","-","0-0","-/-","-","-","-","-","-","away",7511
2012,"Chapman University","defense","Ross Campbell","1","1","2","0.5/1","0.5","-/-","-","-","0-0","-/-","-","-","-","-","-","away",7511
2012,"Chapman University","defense","David Covarrubias","2","-","2","1.0/1","1.0","-/-","-","-","0-0","-/-","-","-","-","-","-","away",7511
2012,"Chapman University","defense","Sean Davey","-","1","1","-/-","-","-/-","-","-","0-0","-/-","-","-","-","-","-","away",7511
2012,"Chapman University","defense","Sam Layton","1","-","1","-/-","-","-/-","-","-","0-0","-/-","-","-","-","-","-","away",7511
2012,"Chapman University","defense","Darek Mendoza","-","1","1","-/-","-","-/-","-","-","0-0","-/-","-","-","-","-","-","away",7511
2012,"Chapman University","defense","Rhett Ramirez","1","-","1","-/-","-","-/-","-","-","0-0","-/-","-","-","-","-","-","away",7511
2012,"Chapman University","defense","David Belz","1","-","1","-/-","-","-/-","-","-","0-0","-/-","-","-","-","-","-","away",7511
2012,"Chapman University","defense","C. Stiles-Schmidt","-","1","1","-/-","-","-/-","-","-","0-0","-/-","-","-","-","-","-","away",7511
2012,"Chapman University","defense","Joey Livingston","-","1","1","-/-","-","-/-","-","-","0-0","-/-","-","-","-","-","-","away",7511
2012,"Chapman University","defense","Brett Hornstein","-","1","1","-/-","-","-/-","-","-","0-0","-/-","-","-","-","-","-","away",7511
2012,"Chapman University","defense","Mike Meyer","1","-","1","-/-","-","-/-","-","-","0-0","-/-","-","-","-","-","-","away",7511
2012,"Lewis and Clark College","defense","Michael Connell","4","8","12","2.0/10","2.0","0.5/2","0.5","-","0-0","-/-","-","-","-","-","-","home",7504
2012,"Lewis and Clark College","defense","Max Winsberg","7","3","10","-/-","-","-/-","-","-","0-0","-/-","-","-","-","-","-","home",7504
2012,"Lewis and Clark College","defense","Jackie Coburn","6","2","8","-/-","-","-/-","-","-","0-0","-/-","-","-","-","-","-","home",7504
2012,"Lewis and Clark College","defense","Joey Liekweg","5","2","7","1.0/4","1.0","-/-","-","-","0-0","-/-","-","-","-","-","-","home",7504
2012,"Lewis and Clark College","defense","James Ingram","2","4","6","-/-","-","-/-","-","-","0-0","-/-","-","-","2","-","-","home",7504
2012,"Lewis and Clark College","defense","Will Shannon","1","5","6","-/-","-","-/-","-","-","0-0","-/-","-","-","1","-","-","home",7504
2012,"Lewis and Clark College","defense","John O'Brien","2","4","6","1.0/1","1.0","1.0/1","1.0","-","0-0","-/-","-","-","-","-","-","home",7504
2012,"Lewis and Clark College","defense","Eric Janicki","2","2","4","2.0/2","2.0","-/-","-","-","0-0","-/-","-","-","-","-","-","home",7504
2012,"Lewis and Clark College","defense","Phil Crawford","2","1","3","-/-","-","-/-","-","-","0-0","-/-","-","-","1","-","-","home",7504
2012,"Lewis and Clark College","defense","Zach Mobilian","3","-","3","-/-","-","-/-","-","-","0-0","-/-","-","-","1","-","-","home",7504
2012,"Lewis and Clark College","defense","Alex Chang","2","1","3","1.0/5","1.0","1.0/5","1.0","-","0-0","-/-","-","-","-","-","-","home",7504
2012,"Lewis and Clark College","defense","Nick Nasse","-","2","2","0.5/3","0.5","0.5/3","0.5","-","0-0","-/-","-","-","-","-","-","home",7504
2012,"Lewis and Clark College","defense","Freddie Levine","-","1","1","0.5/1","0.5","-/-","-","-","0-0","-/-","-","-","-","-","-","home",7504
2012,"Lewis and Clark College","defense","Tyler Stanek","1","-","1","1.0/19","1.0","-/-","-","-","0-0","-/-","-","-","-","-","-","home",7504
2012,"Lewis and Clark College","defense","Andrew Sova","1","-","1","1.0/2","1.0","-/-","-","-","0-0","-/-","-","-","-","-","-","home",7504
2012,"Lewis and Clark College","defense","Brett Collins","1","-","1","-/-","-","-/-","-","-","0-0","-/-","-","-","-","-","-","home",7504
2012,"Lewis and Clark College","defense","Andrew Traver","5","4","9","1.5/6","1.5","0.5/5","0.5","1","1-0","-/-","-","-","-","-","-","away",7504
2012,"Lewis and Clark College","defense","Clay Israelson","8","-","8","-/-","-","-/-","-","-","0-0","-/-","-","-","2","-","-","away",7504
2012,"Lewis and Clark College","defense","Jon Bielawicz","4","2","6","2.0/7","2.0","1.0/6","1.0","-","0-0","-/-","-","-","-","-","-","away",7504
2012,"Lewis and Clark College","defense","Joe Kopp","2","2","4","-/-","-","-/-","-","-","0-0","-/-","1-0","1","-","-","-","away",7504
2012,"Lewis and Clark College","defense","Logan Kotzian","4","-","4","1.0/1","1.0","-/-","-","-","0-0","-/-","-","-","-","-","-","away",7504
2012,"Lewis and Clark College","defense","Chuck Krause","4","-","4","1.0/3","1.0","-/-","-","-","0-1","1/60","-","-","-","-","-","away",7504
2012,"Lewis and Clark College","defense","Nathan Kinney","3","1","4","1.5/4","1.5","-/-","-","-","0-0","-/-","-","-","-","-","-","away",7504
2012,"Lewis and Clark College","defense","Aaron Lucas","2","2","4","1.5/6","1.5","0.5/3","0.5","-","0-0","-/-","-","-","-","-","-","away",7504
2012,"Lewis and Clark College","defense","Jasper Dean","1","3","4","1.0/4","1.0","0.5/3","0.5","-","0-0","-/-","-","-","-","-","-","away",7504
2012,"Lewis and Clark College","defense","Lincoln Boyd","1","2","3","0.5/5","0.5","0.5/5","0.5","-","0-0","-/-","-","-","-","-","-","away",7504
2012,"Lewis and Clark College","defense","Lamar Curry","3","-","3","-/-","-","-/-","-","-","0-0","-/-","-","-","-","-","-","away",7504
2012,"Lewis and Clark College","defense","John Berokoff","3","-","3","-/-","-","-/-","-","-","0-0","-/-","-","-","-","-","-","away",7504
2012,"Lewis and Clark College","defense","Evy VandenEkart","1","1","2","-/-","-","-/-","-","-","0-1","1/-","-","-","1","-","-","away",7504
2012,"Lewis and Clark College","defense","Mario Delegato","1","-","1","-/-","-","-/-","-","-","0-0","-/-","-","-","-","-","-","away",7504
2012,"Lewis and Clark College","defense","Nolan Hopkins","-","1","1","-/-","-","-/-","-","-","0-0","-/-","-","-","-","-","-","away",7504
2012,"Occidental College","defense","Matt Matulaitis","8","2","10","2.0/18","2.0","2.0/18","2.0","-","0-0","-/-","-","-","-","-","-","home",7507
2012,"Occidental College","defense","Nicholas McHugh","6","2","8","-/-","-","-/-","-","-","0-0","-/-","-","-","-","-","-","home",7507
2012,"Occidental College","defense","Alexander Fitzhugh","4","2","6","0.5/1","0.5","-/-","-","-","0-0","-/-","-","-","-","-","-","home",7507
2012,"Occidental College","defense","Shay Mueller","6","-","6","-/-","-","-/-","-","-","0-0","-/-","-","-","-","-","-","home",7507
2012,"Occidental College","defense","Teran Mawhinney","5","-","5","-/-","-","-/-","-","-","0-0","-/-","-","-","-","-","-","home",7507
2012,"Occidental College","defense","Justin Garza","3","2","5","-/-","-","-/-","-","-","0-0","-/-","-","-","1","-","-","home",7507
2012,"Occidental College","defense","Joe Barbosa","3","2","5","1.0/8","1.0","1.0/8","1.0","-","0-0","-/-","-","-","-","-","-","home",7507
2012,"Occidental College","defense","Jordan Lance","3","1","4","2.0/6","2.0","-/-","-","-","0-0","-/-","-","-","2","-","-","home",7507
2012,"Occidental College","defense","Michael Gilliam","3","1","4","2.0/8","2.0","1.0/7","1.0","-","0-0","-/-","-","-","-","-","-","home",7507
2012,"Occidental College","defense","Nathan Miranda","3","-","3","-/-","-","-/-","-","-","0-0","-/-","-","-","-","-","-","home",7507
2012,"Occidental College","defense","Devin Bullock","3","-","3","-/-","-","-/-","-","-","0-0","-/-","-","-","-","-","-","home",7507
2012,"Occidental College","defense","Adam Goltche","-","2","2","0.5/-","0.5","-/-","-","-","0-0","-/-","-","-","-","-","-","home",7507
2012,"Occidental College","defense","Casey Shibuya","2","-","2","-/-","-","-/-","-","-","0-0","-/-","-","-","-","-","-","home",7507
2012,"Occidental College","defense","Dallas Gosselin","2","-","2","-/-","-","-/-","-","-","0-0","-/-","-","-","-","-","-","home",7507
2012,"Occidental College","defense","Ryan Rodriguez","1","-","1","-/-","-","-/-","-","-","0-0","-/-","-","-","-","-","-","home",7507
2012,"Occidental College","defense","Jackie Coburn","9","3","12","4.5/36","4.5","3.0/35","3.0","1","1-0","-/-","-","-","1","-","-","away",7507
2012,"Occidental College","defense","James Ingram","6","-","6","1.0/2","1.0","-/-","-","-","0-0","-/-","-","-","-","-","-","away",7507
2012,"Occidental College","defense","Eduardo Ramirez","4","2","6","1.5/5","1.5","1.0/4","1.0","-","0-0","-/-","-","-","-","-","-","away",7507
2012,"Occidental College","defense","Phil Crawford","4","1","5","-/-","-","-/-","-","-","0-0","-/-","-","-","-","-","-","away",7507
2012,"Occidental College","defense","Max Winsberg","4","1","5","-/-","-","-/-","-","-","0-0","-/-","-","-","-","-","-","away",7507
2012,"Occidental College","defense","Steven Kohr","3","1","4","-/-","-","-/-","-","-","0-0","-/-","-","-","-","-","-","away",7507
2012,"Occidental College","defense","Nick Nasse","3","1","4","0.5/6","0.5","0.5/6","0.5","-","0-0","-/-","-","-","-","-","-","away",7507
2012,"Occidental College","defense","Tyler West","2","1","3","-/-","-","-/-","-","-","0-0","-/-","-","-","-","1","-","away",7507
2012,"Occidental College","defense","Alex Chang","2","1","3","0.5/5","0.5","0.5/5","0.5","-","0-0","-/-","-","-","-","-","-","away",7507
2012,"Occidental College","defense","Will Shannon","1","1","2","-/-","-","-/-","-","-","0-0","-/-","-","-","-","-","-","away",7507
2012,"Occidental College","defense","TEAM","2","-","2","1.0/4","1.0","-/-","-","2","2-0","-/-","-","-","-","-","-","away",7507
2012,"Occidental College","defense","Eric Janicki","1","-","1","-/-","-","-/-","-","-","0-0","-/-","-","-","-","-","-","away",7507
2012,"Occidental College","defense","Zach Mobilian","1","-","1","-/-","-","-/-","-","-","0-0","-/-","-","-","-","-","-","away",7507
2012,"Occidental College","defense","Andrew Sova","1","-","1","-/-","-","-/-","-","-","0-0","-/-","-","-","-","-","-","away",7507
2012,"Occidental College","defense","Lucas Agnew","1","-","1","-/-","-","-/-","-","-","0-0","-/-","-","-","-","-","-","away",7507
2012,"Pomona-Pitzer","defense","Jake Rollins","4","4","8","-/-","-","-/-","-","2","2-0","-/-","-","-","-","-","-","home",7512
2012,"Pomona-Pitzer","defense","Duncan Hussey","3","3","6","-/-","-","-/-","-","-","0-0","-/-","-","-","2","-","-","home",7512
2012,"Pomona-Pitzer","defense","Michael Etzel","1","5","6","-/-","-","-/-","-","-","0-0","-/-","-","-","-","-","-","home",7512
2012,"Pomona-Pitzer","defense","Don Swan","3","3","6","1.0/4","1.0","-/-","-","-","0-0","-/-","-","-","1","-","-","home",7512
2012,"Pomona-Pitzer","defense","Kyle Roskamp","2","4","6","-/-","-","-/-","-","-","0-0","-/-","-","-","-","-","-","home",7512
2012,"Pomona-Pitzer","defense","Brett Lingle","1","4","5","1.0/5","1.0","1.0/5","1.0","-","0-0","-/-","-","-","-","-","1","home",7512
2012,"Pomona-Pitzer","defense","Luc Dark-Fleury","1","4","5","-/-","-","-/-","-","-","0-0","-/-","-","-","-","-","-","home",7512
2012,"Pomona-Pitzer","defense","Colin Mitchell","1","4","5","1.5/6","1.5","0.5/5","0.5","-","0-0","-/-","-","-","-","-","-","home",7512
2012,"Pomona-Pitzer","defense","Ben Feldman","2","2","4","-/-","-","-/-","-","-","0-0","-/-","-","-","1","-","-","home",7512
2012,"Pomona-Pitzer","defense","Brian Friel","2","2","4","1.5/11","1.5","1.5/11","1.5","-","0-0","-/-","-","-","-","-","-","home",7512
2012,"Pomona-Pitzer","defense","Matthew Tesimale","1","3","4","-/-","-","-/-","-","-","0-0","-/-","-","-","-","-","-","home",7512
2012,"Pomona-Pitzer","defense","Weston Staubus","2","-","2","-/-","-","-/-","-","-","0-0","-/-","1-0","1","1","-","-","home",7512
2012,"Pomona-Pitzer","defense","Andrew Kurtz","1","1","2","-/-","-","-/-","-","-","0-0","-/-","-","-","-","-","-","home",7512
2012,"Pomona-Pitzer","defense","Colin Brown","2","-","2","-/-","-","-/-","-","-","0-0","-/-","1-0","1","-","-","-","home",7512
2012,"Pomona-Pitzer","defense","Willlie Goldberg","-","2","2","-/-","-","-/-","-","-","0-0","-/-","-","-","-","-","-","home",7512
2012,"Pomona-Pitzer","defense","Kyle Whalen","-","2","2","-/-","-","-/-","-","-","0-0","-/-","-","-","-","-","-","home",7512
2012,"Pomona-Pitzer","defense","Nicky LaCivita","-","1","1","-/-","-","-/-","-","-","0-0","-/-","-","-","-","-","-","home",7512
2012,"Pomona-Pitzer","defense","Ben Lieber","1","-","1","-/-","-","-/-","-","-","0-0","-/-","-","-","-","-","-","home",7512
2012,"Pomona-Pitzer","defense","Eduardo Ramirez","4","6","10","-/-","-","-/-","-","-","0-0","-/-","-","-","-","-","-","away",7512
2012,"Pomona-Pitzer","defense","Eric Janicki","3","5","8","1.5/8","1.5","1.0/7","1.0","-","0-0","-/-","-","-","-","-","-","away",7512
2012,"Pomona-Pitzer","defense","Steven Kohr","6","2","8","-/-","-","-/-","-","-","0-0","-/-","-","-","-","-","-","away",7512
2012,"Pomona-Pitzer","defense","Max Winsberg","2","6","8","-/-","-","-/-","-","-","0-0","-/-","-","-","-","-","-","away",7512
2012,"Pomona-Pitzer","defense","A.J. Herrera","1","6","7","-/-","-","-/-","-","-","0-0","-/-","-","-","-","-","-","away",7512
2012,"Pomona-Pitzer","defense","Jake Weyerhaeuser","3","3","6","-/-","-","-/-","-","-","0-0","-/-","-","-","-","-","-","away",7512
2012,"Pomona-Pitzer","defense","Joey Liekweg","3","3","6","-/-","-","-/-","-","-","0-0","-/-","-","-","1","-","-","away",7512
2012,"Pomona-Pitzer","defense","Alex Chang","3","3","6","-/-","-","-/-","-","-","0-0","-/-","-","-","-","-","-","away",7512
2012,"Pomona-Pitzer","defense","Zach Mobilian","2","1","3","-/-","-","-/-","-","-","0-0","-/-","-","-","-","-","-","away",7512
2012,"Pomona-Pitzer","defense","Luke Ihle","-","3","3","-/-","-","-/-","-","-","0-0","-/-","-","-","-","-","-","away",7512
2012,"Pomona-Pitzer","defense","Tyler West","1","1","2","-/-","-","-/-","-","-","0-0","-/-","-","-","-","-","-","away",7512
2012,"Pomona-Pitzer","defense","Will Shannon","1","1","2","-/-","-","-/-","-","-","0-0","-/-","-","-","-","-","-","away",7512
2012,"Pomona-Pitzer","defense","Nick Nasse","1","1","2","0.5/1","0.5","-/-","-","-","0-0","-/-","-","-","-","-","-","away",7512
2012,"Pomona-Pitzer","defense","John O'Brien","-","1","1","-/-","-","-/-","-","-","0-0","-/-","-","-","-","-","-","away",7512
2012,"Pomona-Pitzer","defense","Andrew Sova","-","1","1","-/-","-","-/-","-","-","0-0","-/-","-","-","-","-","-","away",7512
2012,"Pomona-Pitzer","defense","Brett Collins","-","1","1","-/-","-","-/-","-","-","0-0","-/-","-","-","-","-","-","away",7512
2012,"Rhoded College","defense","Joseph Raby","6","6","12","2.0/5","2.0","-/-","-","-","0-0","-/-","-","-","-","-","-","home",7505
2012,"Rhoded College","defense","Justin Toliver","9","2","11","-/-","-","-/-","-","-","0-0","-/-","-","-","1","-","-","home",7505
2012,"Rhoded College","defense","Michael Shield","5","3","8","1.0/6","1.0","1.0/6","1.0","-","0-0","-/-","-","-","-","-","-","home",7505
2012,"Rhoded College","defense","Walker McWherter","3","5","8","-/-","-","-/-","-","-","0-0","-/-","-","-","-","-","-","home",7505
2012,"Rhoded College","defense","Zac Hart","1","7","8","-/-","-","-/-","-","-","0-0","-/-","-","-","-","-","-","home",7505
2012,"Rhoded College","defense","Brandon Hudson","4","2","6","-/-","-","-/-","-","-","0-0","-/-","-","-","-","-","-","home",7505
2012,"Rhoded College","defense","Jimmy Caruthers","3","3","6","-/-","-","-/-","-","-","0-0","-/-","-","-","-","-","-","home",7505
2012,"Rhoded College","defense","Stanton Brown","4","1","5","-/-","-","-/-","-","-","0-0","-/-","-","-","-","-","-","home",7505
2012,"Rhoded College","defense","Trey Tamura","2","3","5","-/-","-","-/-","-","-","0-0","-/-","-","-","-","-","-","home",7505
2012,"Rhoded College","defense","Michael Olushuga","1","3","4","1.0/6","1.0","1.0/6","1.0","-","0-0","-/-","-","-","-","-","-","home",7505
2012,"Rhoded College","defense","Spencer Smith","-","3","3","-/-","-","-/-","-","-","0-0","-/-","-","-","1","-","-","home",7505
2012,"Rhoded College","defense","David Dorris","1","1","2","1.0/3","1.0","-/-","-","1","1-0","-/-","-","-","-","-","-","home",7505
2012,"Rhoded College","defense","Clayton Christian","1","1","2","1.0/4","1.0","-/-","-","-","0-0","-/-","-","-","-","-","-","home",7505
2012,"Rhoded College","defense","Trey Hooper","1","-","1","-/-","-","-/-","-","-","0-0","-/-","-","-","-","-","-","home",7505
2012,"Rhoded College","defense","Forrest Holt","1","-","1","-/-","-","-/-","-","-","0-0","-/-","-","-","-","-","-","home",7505
2012,"Rhoded College","defense","Matt Baldwin","1","-","1","-/-","-","-/-","-","-","0-0","-/-","-","-","-","-","-","home",7505
2012,"Rhoded College","defense","Max Winsberg","6","8","14","0.5/12","0.5","0.5/12","0.5","1","1-0","-/-","-","-","-","-","-","away",7505
2012,"Rhoded College","defense","Jackie Coburn","4","7","11","1.5/1","1.5","-/-","-","-","0-0","-/-","-","-","-","-","-","away",7505
2012,"Rhoded College","defense","John O'Brien","5","6","11","0.5/1","0.5","-/-","-","-","0-0","-/-","-","-","-","-","-","away",7505
2012,"Rhoded College","defense","Joey Liekweg","3","7","10","-/-","-","-/-","-","-","0-0","-/-","-","-","-","-","-","away",7505
2012,"Rhoded College","defense","Andrew Sova","1","4","5","1.0/3","1.0","-/-","-","-","0-0","-/-","-","-","-","-","-","away",7505
2012,"Rhoded College","defense","James Ingram","3","1","4","-/-","-","-/-","-","-","0-0","-/-","-","-","1","-","-","away",7505
2012,"Rhoded College","defense","Alex Krall","1","3","4","0.5/11","0.5","0.5/11","0.5","-","0-0","-/-","-","-","-","-","-","away",7505
2012,"Rhoded College","defense","Eric Janicki","-","3","3","-/-","-","-/-","-","-","0-0","-/-","-","-","-","-","-","away",7505
2012,"Rhoded College","defense","Tyler Stanek","3","-","3","-/-","-","-/-","-","-","0-0","-/-","-","-","-","-","-","away",7505
2012,"Rhoded College","defense","Phil Crawford","1","2","3","-/-","-","-/-","-","-","0-0","-/-","-","-","-","-","-","away",7505
2012,"Rhoded College","defense","Nick Nasse","-","3","3","-/-","-","-/-","-","-","0-0","-/-","-","-","-","-","-","away",7505
2012,"Rhoded College","defense","Alex Chang","1","2","3","1.0/8","1.0","1.0/8","1.0","-","0-0","-/-","-","-","-","-","-","away",7505
2012,"Rhoded College","defense","Michael Connell","-","2","2","-/-","-","-/-","-","-","0-0","-/-","-","-","-","-","-","away",7505
2012,"Rhoded College","defense","Zach Mobilian","2","-","2","-/-","-","-/-","-","-","0-0","-/-","-","-","-","-","-","away",7505
2012,"Rhoded College","defense","Will Shannon","2","-","2","1.0/9","1.0","1.0/9","1.0","-","0-0","-/-","-","-","-","-","-","away",7505
2012,"Rhoded College","defense","A.J. Herrera","1","-","1","-/-","-","-/-","-","-","0-0","-/-","-","-","-","-","-","away",7505
2012,"Rhoded College","defense","73","-","1","1","-/-","-","-/-","-","-","0-0","-/-","-","-","-","-","-","away",7505
2012,"Rhoded College","defense","Brett Collins","-","1","1","-/-","-","-/-","-","-","0-0","-/-","-","-","-","-","-","away",7505
2012,"Univ. of La Verne","defense","James Ingram","10","2","12","1.0/1","1.0","-/-","-","-","0-1","1/-","-","-","-","-","-","home",7506
2012,"Univ. of La Verne","defense","Joey Liekweg","4","3","7","-/-","-","-/-","-","-","0-0","-/-","-","-","-","-","-","home",7506
2012,"Univ. of La Verne","defense","Max Winsberg","6","1","7","-/-","-","-/-","-","-","0-0","-/-","-","-","-","-","-","home",7506
2012,"Univ. of La Verne","defense","John O'Brien","5","1","6","2.0/9","2.0","-/-","-","-","0-0","-/-","-","-","-","-","-","home",7506
2012,"Univ. of La Verne","defense","Jackie Coburn","3","2","5","-/-","-","-/-","-","1","1-0","-/-","-","-","-","-","-","home",7506
2012,"Univ. of La Verne","defense","A.J. Herrera","4","1","5","1.0/1","1.0","-/-","-","-","0-0","-/-","-","-","-","-","-","home",7506
2012,"Univ. of La Verne","defense","Nick Nasse","4","-","4","-/-","-","-/-","-","-","0-0","-/-","-","-","-","-","-","home",7506
2012,"Univ. of La Verne","defense","Eduardo Ramirez","2","2","4","1.0/2","1.0","-/-","-","-","0-0","-/-","-","-","-","-","-","home",7506
2012,"Univ. of La Verne","defense","Phil Crawford","3","-","3","-/-","-","-/-","-","-","0-0","-/-","-","-","-","-","-","home",7506
2012,"Univ. of La Verne","defense","Eric Janicki","2","-","2","-/-","-","-/-","-","-","0-0","-/-","-","-","-","-","-","home",7506
2012,"Univ. of La Verne","defense","Zach Mobilian","2","-","2","-/-","-","-/-","-","-","0-0","-/-","-","-","1","-","-","home",7506
2012,"Univ. of La Verne","defense","Will Shannon","2","-","2","-/-","-","-/-","-","-","0-0","-/-","-","-","-","-","-","home",7506
2012,"Univ. of La Verne","defense","Kris Otterholt","1","-","1","-/-","-","-/-","-","-","0-0","-/-","-","-","-","-","-","home",7506
2012,"Univ. of La Verne","defense","Michael Connell","1","-","1","-/-","-","-/-","-","-","0-0","-/-","-","-","-","-","-","home",7506
2012,"Univ. of La Verne","defense","Chris Fang","1","-","1","-/-","-","-/-","-","-","0-0","-/-","-","-","-","-","-","home",7506
2012,"Univ. of La Verne","defense","Cameron Griffin","1","-","1","-/-","-","-/-","-","-","0-0","-/-","-","-","-","-","-","home",7506
2012,"Univ. of La Verne","defense","Alex Chang","1","-","1","-/-","-","-/-","-","-","0-0","-/-","-","-","-","-","-","home",7506
2012,"Univ. of La Verne","defense","Billy Ostermeyer","1","-","1","-/-","-","-/-","-","-","0-0","-/-","-","-","-","-","-","home",7506
2012,"Univ. of La Verne","defense","Manuel Macias","8","3","11","0.5/-","0.5","-/-","-","-","0-0","-/-","-","-","-","-","-","away",7506
2012,"Univ. of La Verne","defense","Joey Smith","5","2","7","0.5/1","0.5","-/-","-","-","0-0","-/-","-","-","-","-","-","away",7506
2012,"Univ. of La Verne","defense","William Griffin","4","2","6","-/-","-","-/-","-","-","0-0","-/-","-","-","1","-","-","away",7506
2012,"Univ. of La Verne","defense","Anthony Arguello","6","-","6","-/-","-","-/-","-","-","0-0","-/-","-","-","-","-","-","away",7506
2012,"Univ. of La Verne","defense","Nick St. clair","5","1","6","-/-","-","-/-","-","-","0-0","-/-","1-7","1","1","-","-","away",7506
2012,"Univ. of La Verne","defense","Blayr Stone","3","-","3","-/-","-","-/-","-","-","0-0","-/-","-","-","-","-","-","away",7506
2012,"Univ. of La Verne","defense","Alejandro Restrepo","1","2","3","1.0/4","1.0","-/-","-","-","0-0","-/-","1-0","1","-","-","-","away",7506
2012,"Univ. of La Verne","defense","Kaiea Medeiros","2","1","3","0.5/2","0.5","0.5/2","0.5","-","0-0","-/-","-","-","-","-","-","away",7506
2012,"Univ. of La Verne","defense","Donald Mull","1","1","2","-/-","-","-/-","-","-","0-0","-/-","1-15","1","2","-","-","away",7506
2012,"Univ. of La Verne","defense","Ky Dorsey","2","-","2","-/-","-","-/-","-","-","0-0","-/-","-","-","-","-","-","away",7506
2012,"Univ. of La Verne","defense","Alex Barrios","-","1","1","0.5/3","0.5","0.5/3","0.5","-","0-0","-/-","-","-","-","-","-","away",7506
2012,"Univ. of La Verne","defense","Michael Simon","1","-","1","-/-","-","-/-","-","-","0-0","-/-","-","-","-","-","-","away",7506
2012,"Univ. of La Verne","defense","Robert Fernandez","1","-","1","-/-","-","-/-","-","-","0-0","-/-","-","-","-","-","-","away",7506
2012,"Univ. of La Verne","defense","Wesley Lam","-","1","1","-/-","-","-/-","-","-","0-0","-/-","-","-","-","-","-","away",7506
2012,"Univ. of La Verne","defense","Adam Ayres","1","-","1","-/-","-","-/-","-","-","0-0","-/-","-","-","-","-","-","away",7506
2012,"Univ. of La Verne","defense","Chayse Dunn","1","-","1","-/-","-","-/-","-","-","0-0","-/-","-","-","-","-","-","away",7506
2012,"Univ. of La Verne","defense","Nik Gutierrez","1","-","1","-/-","-","1.0/-","1.0","-","0-0","-/-","-","-","-","-","-","away",7506
2012,"Univ. of La Verne","defense","Rogelio Espinoza","1","-","1","1.0/2","1.0","-/-","-","-","0-0","-/-","-","-","-","-","-","away",7506
2012,"University of Redlands","defense","Zak Mella","6","7","13","2.0/5","2.0","-/-","-","-","0-0","-/-","-","-","-","-","1","home",7510
2012,"University of Redlands","defense","Griffin Lord","3","3","6","-/-","-","-/-","-","1","1-0","-/-","-","-","-","-","-","home",7510
2012,"University of Redlands","defense","Bentley Tran","4","2","6","-/-","-","-/-","-","-","0-0","-/-","-","-","-","-","-","home",7510
2012,"University of Redlands","defense","Scott Payton","3","2","5","-/-","-","-/-","-","-","0-0","-/-","-","-","-","-","-","home",7510
2012,"University of Redlands","defense","Jordan Garcia","4","1","5","2.0/9","2.0","1.0/8","1.0","1","1-1","1/-","-","-","-","-","-","home",7510
2012,"University of Redlands","defense","Jordan Bixler","1","3","4","1.0/1","1.0","1.0/1","1.0","-","0-0","-/-","-","-","-","-","-","home",7510
2012,"University of Redlands","defense","Mike Polvere","3","-","3","-/-","-","-/-","-","-","0-0","-/-","-","-","-","-","-","home",7510
2012,"University of Redlands","defense","Anthony Stephens","1","2","3","-/-","-","-/-","-","-","0-0","-/-","-","-","-","-","-","home",7510
2012,"University of Redlands","defense","Sean Woods","2","1","3","0.5/-","0.5","-/-","-","-","0-0","-/-","-","-","-","-","2","home",7510
2012,"University of Redlands","defense","Clayton Dobbs","2","1","3","-/-","-","-/-","-","-","0-0","-/-","-","-","-","-","-","home",7510
2012,"University of Redlands","defense","Mike Khoury","2","1","3","-/-","-","-/-","-","-","0-0","-/-","-","-","-","-","-","home",7510
2012,"University of Redlands","defense","Steven Locke Jr.","1","2","3","0.5/1","0.5","-/-","-","-","0-0","-/-","-","-","-","-","2","home",7510
2012,"University of Redlands","defense","Brandon Morris","1","1","2","-/-","-","-/-","-","-","0-0","-/-","1-35","1","1","-","-","home",7510
2012,"University of Redlands","defense","DJ Dawson Jr.","1","1","2","-/-","-","-/-","-","-","0-0","-/-","-","-","-","-","-","home",7510
2012,"University of Redlands","defense","Nick Kido","-","2","2","-/-","-","-/-","-","-","0-0","-/-","-","-","1","-","-","home",7510
2012,"University of Redlands","defense","Corey Farley","-","2","2","-/-","-","-/-","-","-","0-0","-/-","-","-","-","-","-","home",7510
2012,"University of Redlands","defense","Erik Wiersma","1","1","2","-/-","-","-/-","-","-","0-0","-/-","-","-","-","-","1","home",7510
2012,"University of Redlands","defense","Alec Goodman","2","-","2","-/-","-","-/-","-","-","0-0","-/-","-","-","-","-","-","home",7510
2012,"University of Redlands","defense","Matthew Enos","-","2","2","-/-","-","-/-","-","-","0-0","-/-","-","-","-","-","-","home",7510
2012,"University of Redlands","defense","Greyson Alman","2","-","2","1.0/13","1.0","1.0/13","1.0","-","0-0","-/-","-","-","-","-","-","home",7510
2012,"University of Redlands","defense","Casey Busch","-","2","2","-/-","-","-/-","-","-","0-0","-/-","-","-","-","-","-","home",7510
2012,"University of Redlands","defense","Adonis Downey","-","2","2","-/-","-","-/-","-","-","0-0","-/-","-","-","-","-","-","home",7510
2012,"University of Redlands","defense","Curtis Tanquary","1","-","1","-/-","-","-/-","-","-","0-0","-/-","-","-","-","-","-","home",7510
2012,"University of Redlands","defense","Carter Hersey","1","-","1","-/-","-","-/-","-","-","0-0","-/-","-","-","-","-","1","home",7510
2012,"University of Redlands","defense","Jessie Hobbs","-","1","1","-/-","-","-/-","-","-","0-0","-/-","-","-","-","-","-","home",7510
2012,"University of Redlands","defense","Zach Bowers","-","1","1","-/-","-","-/-","-","-","0-0","-/-","-","-","-","-","-","home",7510
2012,"University of Redlands","defense","Cole Benson","-","1","1","-/-","-","-/-","-","-","0-0","-/-","-","-","-","-","-","home",7510
2012,"University of Redlands","defense","Zach Roberts","1","-","1","-/-","-","-/-","-","-","0-0","-/-","-","-","-","-","-","home",7510
2012,"University of Redlands","defense","Mark Stinson","1","-","1","-/-","-","-/-","-","-","0-0","-/-","-","-","-","-","-","home",7510
2012,"University of Redlands","defense","Stephen Reyes","-","1","1","-/-","-","-/-","-","-","0-0","-/-","-","-","-","-","-","home",7510
2012,"University of Redlands","defense","Trevor Glaser","-","1","1","-/-","-","-/-","-","-","0-0","-/-","-","-","-","-","-","home",7510
2012,"University of Redlands","defense","Daniel Kane","-","1","1","-/-","-","-/-","-","-","0-0","-/-","-","-","-","-","-","home",7510
2012,"University of Redlands","defense","Denver Rogers","-","1","1","-/-","-","-/-","-","-","0-0","-/-","-","-","-","-","-","home",7510
2012,"University of Redlands","defense","Tim McAnany","-","1","1","-/-","-","-/-","-","-","0-0","-/-","-","-","-","-","-","home",7510
2012,"University of Redlands","defense","Eduardo Ramirez","9","3","12","-/-","-","-/-","-","-","0-0","-/-","-","-","-","-","-","away",7510
2012,"University of Redlands","defense","Jackie Coburn","2","9","11","-/-","-","-/-","-","-","0-0","-/-","-","-","-","-","-","away",7510
2012,"University of Redlands","defense","A.J. Herrera","1","7","8","-/-","-","-/-","-","-","0-0","-/-","-","-","-","-","-","away",7510
2012,"University of Redlands","defense","Will Shannon","1","6","7","-/-","-","-/-","-","-","0-0","-/-","-","-","4","1","-","away",7510
2012,"University of Redlands","defense","Joey Liekweg","2","4","6","-/-","-","-/-","-","-","0-0","-/-","-","-","-","-","-","away",7510
2012,"University of Redlands","defense","John O'Brien","3","2","5","1.0/4","1.0","1.0/4","1.0","-","0-0","-/-","-","-","-","-","-","away",7510
2012,"University of Redlands","defense","Chris Fang","2","2","4","-/-","-","-/-","-","-","0-0","-/-","-","-","1","-","-","away",7510
2012,"University of Redlands","defense","Steven Kohr","1","3","4","-/-","-","-/-","-","-","0-0","-/-","-","-","-","-","-","away",7510
2012,"University of Redlands","defense","Zach Mobilian","3","-","3","-/-","-","-/-","-","-","0-0","-/-","-","-","-","-","-","away",7510
2012,"University of Redlands","defense","Alex Chang","2","1","3","-/-","-","-/-","-","-","0-0","-/-","-","-","-","-","-","away",7510
2012,"University of Redlands","defense","Jake Weyerhaeuser","1","1","2","-/-","-","-/-","-","-","0-0","-/-","-","-","1","-","-","away",7510
2012,"University of Redlands","defense","Eric Janicki","-","2","2","-/-","-","-/-","-","-","0-0","-/-","-","-","-","-","-","away",7510
2012,"University of Redlands","defense","Alex Krall","2","-","2","-/-","-","-/-","-","-","0-0","-/-","-","-","-","-","3","away",7510
2012,"University of Redlands","defense","Brett Collins","-","2","2","-/-","-","-/-","-","-","0-0","-/-","-","-","-","-","-","away",7510
2012,"University of Redlands","defense","Ryan Farney","1","-","1","-/-","-","-/-","-","-","0-0","-/-","-","-","-","-","-","away",7510
2012,"University of Redlands","defense","Tyler West","1","-","1","-/-","-","-/-","-","-","0-0","-/-","-","-","-","-","-","away",7510
2012,"University of Redlands","defense","Tyler Stanek","1","-","1","-/-","-","-/-","-","-","0-0","-/-","-","-","-","-","-","away",7510
2012,"University of Redlands","defense","Nick Nasse","1","-","1","-/-","-","-/-","-","-","0-0","-/-","-","-","-","-","-","away",7510
2012,"University of Redlands","defense","Luke Ihle","1","-","1","-/-","-","-/-","-","-","0-0","-/-","-","-","-","-","-","away",7510
2012,"University of Redlands","defense","Phil Crawford","-","-","-","-/-","-","-/-","-","-","0-0","-/-","-","-","1","-","-","away",7510
2012,"Whittier College","defense","Joey Liekweg","4","9","13","-/-","-","-/-","-","-","0-0","-/-","-","-","1","-","-","home",7509
2012,"Whittier College","defense","Steven Kohr","4","5","9","0.5/1","0.5","-/-","-","-","0-0","-/-","1-0","1","-","-","-","home",7509
2012,"Whittier College","defense","John O'Brien","8","-","8","-/-","-","-/-","-","-","0-0","-/-","-","-","-","-","-","home",7509
2012,"Whittier College","defense","Max Winsberg","4","2","6","1.0/7","1.0","1.0/7","1.0","-","0-0","-/-","-","-","1","-","-","home",7509
2012,"Whittier College","defense","Eduardo Ramirez","2","4","6","1.0/3","1.0","-/-","-","-","0-0","-/-","-","-","-","-","-","home",7509
2012,"Whittier College","defense","Eric Janicki","2","3","5","0.5/1","0.5","-/-","-","-","0-0","-/-","-","-","-","-","-","home",7509
2012,"Whittier College","defense","Alex Chang","-","5","5","0.5/3","0.5","-/-","-","-","0-0","-/-","-","-","-","-","-","home",7509
2012,"Whittier College","defense","Jackie Coburn","1","3","4","0.5/2","0.5","-/-","-","-","0-0","-/-","-","-","-","-","-","home",7509
2012,"Whittier College","defense","Phil Crawford","2","2","4","-/-","-","-/-","-","-","0-0","-/-","-","-","-","-","-","home",7509
2012,"Whittier College","defense","Zach Mobilian","2","2","4","-/-","-","-/-","-","-","0-0","-/-","-","-","2","-","-","home",7509
2012,"Whittier College","defense","Andrew Sova","3","1","4","1.0/3","1.0","-/-","-","-","0-0","-/-","-","-","-","-","-","home",7509
2012,"Whittier College","defense","Will Shannon","2","1","3","-/-","-","-/-","-","-","0-0","-/-","-","-","-","-","-","home",7509
2012,"Whittier College","defense","Alex Krall","1","2","3","-/-","-","-/-","-","-","0-0","-/-","-","-","-","-","-","home",7509
2012,"Whittier College","defense","Nick Nasse","1","2","3","-/-","-","-/-","-","-","0-0","-/-","-","-","-","1","-","home",7509
2012,"Whittier College","defense","Tyler West","1","-","1","-/-","-","-/-","-","-","0-0","-/-","-","-","-","-","-","home",7509
2012,"Whittier College","defense","A.J. Herrera","1","-","1","-/-","-","-/-","-","-","0-0","-/-","-","-","-","-","-","home",7509
2012,"Whittier College","defense","Brett Collins","-","1","1","-/-","-","-/-","-","-","0-0","-/-","-","-","-","-","-","home",7509
2012,"Whittier College","defense","Chuck Scicli","3","7","10","1.5/4","1.5","-/-","-","-","0-0","-/-","-","-","-","-","-","away",7509
2012,"Whittier College","defense","Taylor Holland","5","4","9","1.5/5","1.5","0.5/3","0.5","-","0-0","-/-","-","-","1","-","-","away",7509
2012,"Whittier College","defense","Nathan Poole","4","5","9","2.5/15","2.5","1.5/13","1.5","-","0-0","-/-","-","-","-","-","-","away",7509
2012,"Whittier College","defense","Nick Alcantar","1","6","7","-/-","-","-/-","-","-","0-0","-/-","-","-","-","-","-","away",7509
2012,"Whittier College","defense","John O'Malley","4","2","6","1.0/2","1.0","-/-","-","-","0-0","-/-","-","-","-","-","-","away",7509
2012,"Whittier College","defense","Tyquion Ballard","2","3","5","-/-","-","-/-","-","-","0-0","-/-","1-25","1","1","-","-","away",7509
2012,"Whittier College","defense","Duke Aku-Haraki","-","5","5","-/-","-","-/-","-","-","0-0","-/-","-","-","-","-","-","away",7509
2012,"Whittier College","defense","Juan Diego temp","-","5","5","1.0/1","1.0","-/-","-","-","0-0","-/-","-","-","-","-","-","away",7509
2012,"Whittier College","defense","Jacob Tizzard","1","2","3","-/-","-","-/-","-","-","0-0","-/-","-","-","-","-","-","away",7509
2012,"Whittier College","defense","Trevor Marioni","1","2","3","-/-","-","-/-","-","-","0-0","-/-","-","-","-","-","-","away",7509
2012,"Whittier College","defense","Trevor Phillips","-","3","3","-/-","-","-/-","-","-","0-0","-/-","-","-","-","-","-","away",7509
2012,"Whittier College","defense","Brandon Wilcox","2","1","3","1.0/1","1.0","-/-","-","-","0-0","-/-","-","-","-","-","-","away",7509
2012,"Whittier College","defense","Josh Callanan","2","-","2","-/-","-","-/-","-","-","0-0","-/-","-","-","-","-","-","away",7509
2012,"Whittier College","defense","Scott Dinov","1","1","2","-/-","-","-/-","-","-","0-0","-/-","-","-","-","-","-","away",7509
2012,"Whittier College","defense","Rufus Osby","2","-","2","-/-","-","-/-","-","-","0-0","-/-","-","-","-","-","-","away",7509
2012,"Whittier College","defense","Steele Frey","1","1","2","0.5/1","0.5","-/-","-","-","0-0","-/-","-","-","-","-","-","away",7509
2012,"Whittier College","defense","Brandon Acid","2","-","2","1.0/2","1.0","-/-","-","-","0-0","-/-","-","-","-","-","-","away",7509
2012,"Whittier College","defense","Alex Mitchell","1","-","1","-/-","-","-/-","-","-","0-0","-/-","1-57","1","-","-","-","away",7509
2012,"Whittier College","defense","Brandon Gladney","1","-","1","-/-","-","-/-","-","-","0-0","-/-","-","-","-","-","-","away",7509
2012,"Whittier College","defense","Luciano Paredes","1","-","1","-/-","-","-/-","-","-","0-0","-/-","-","-","-","-","-","away",7509
2012,"Whittier College","defense","Jacob Former","1","-","1","-/-","-","-/-","-","-","0-0","-/-","-","-","-","-","-","away",7509
2012,"Whittier College","defense","Justin Vlahos","1","-","1","-/-","-","-/-","-","-","0-0","-/-","-","-","-","-","-","away",7509
2012,"Whittier College","defense","David Lantow","-","1","1","-/-","-","-/-","-","-","0-0","-/-","-","-","-","-","-","away",7509
2013,"Cal Lutheran University","defense","Chris Cabrera","5","6","11","0.5/1","0.5","-/-","-","-","0-0","-/-","-","-","2","-","-","home",716
2013,"Cal Lutheran University","defense","Nikolas Kessler","5","3","8","2.0/5","2.0","-/-","-","-","0-0","-/-","-","-","-","-","-","home",716
2013,"Cal Lutheran University","defense","Derrick Romo","4","2","6","-/-","-","-/-","-","-","0-0","-/-","-","-","-","-","-","home",716
2013,"Cal Lutheran University","defense","Anthony Monroe","5","1","6","2.0/8","2.0","-/-","-","-","0-0","-/-","-","-","-","-","-","home",716
2013,"Cal Lutheran University","defense","Matthew Arve","3","3","6","0.5/1","0.5","-/-","-","-","0-0","-/-","-","-","1","-","-","home",716
2013,"Cal Lutheran University","defense","John Perkins","2","3","5","1.0/2","1.0","-/-","-","-","0-0","-/-","-","-","-","-","-","home",716
2013,"Cal Lutheran University","defense","Josh Bartley","2","2","4","-/-","-","-/-","-","-","0-0","-/-","1-0","1","-","-","-","home",716
2013,"Cal Lutheran University","defense","Jagade Snyder","1","2","3","-/-","-","-/-","-","-","0-0","-/-","-","-","-","-","-","home",716
2013,"Cal Lutheran University","defense","RandallShumpert","1","2","3","1.0/1","1.0","-/-","-","-","0-0","-/-","-","-","-","-","-","home",716
2013,"Cal Lutheran University","defense","Ed Davis","3","-","3","-/-","-","-/-","-","-","0-0","-/-","-","-","-","-","-","home",716
2013,"Cal Lutheran University","defense","Chris Miller","1","2","3","-/-","-","-/-","-","-","0-0","-/-","-","-","-","-","-","home",716
2013,"Cal Lutheran University","defense","Nick Grodotzke","3","-","3","2.0/8","2.0","1.0/7","1.0","-","0-0","-/-","-","-","-","-","-","home",716
2013,"Cal Lutheran University","defense","Deonte Ragas","1","1","2","-/-","-","-/-","-","-","0-0","-/-","-","-","-","-","-","home",716
2013,"Cal Lutheran University","defense","Bryce Henderson","1","-","1","-/-","-","-/-","-","-","0-0","-/-","-","-","-","-","-","home",716
2013,"Cal Lutheran University","defense","KodyDuffyHuerta","1","-","1","-/-","-","-/-","-","-","0-0","-/-","-","-","1","-","-","home",716
2013,"Cal Lutheran University","defense","Chris Johnson","-","1","1","-/-","-","-/-","-","-","0-0","-/-","-","-","1","-","-","home",716
2013,"Cal Lutheran University","defense","Elliot Reyes","-","1","1","-/-","-","-/-","-","-","0-0","-/-","-","-","-","-","-","home",716
2013,"Cal Lutheran University","defense","Cameron McGee","-","1","1","-/-","-","-/-","-","-","0-0","-/-","-","-","-","-","-","home",716
2013,"Cal Lutheran University","defense","Joey Liekweg","7","3","10","1.0/2","1.0","-/-","-","-","0-0","-/-","-","-","1","-","-","away",716
2013,"Cal Lutheran University","defense","Alex Chang","5","4","9","3.0/12","3.0","1.0/4","1.0","-","0-0","-/-","-","-","-","-","-","away",716
2013,"Cal Lutheran University","defense","Max Winsberg","5","3","8","-/-","-","-/-","-","-","0-0","-/-","-","-","-","-","-","away",716
2013,"Cal Lutheran University","defense","Nick Nasse","5","2","7","-/-","-","-/-","-","-","0-0","-/-","-","-","1","-","-","away",716
2013,"Cal Lutheran University","defense","Eduardo Ramirez","4","3","7","1.0/6","1.0","1.0/6","1.0","-","0-0","-/-","-","-","-","-","-","away",716
2013,"Cal Lutheran University","defense","A.J. Herrera","1","5","6","-/-","-","-/-","-","-","0-0","-/-","-","-","1","-","-","away",716
2013,"Cal Lutheran University","defense","Phil Crawford","3","2","5","-/-","-","-/-","-","-","0-0","-/-","-","-","-","-","-","away",716
2013,"Cal Lutheran University","defense","Andrew Sova","2","2","4","-/-","-","-/-","-","-","0-0","-/-","-","-","-","-","-","away",716
2013,"Cal Lutheran University","defense","Tiger Brown","3","-","3","-/-","-","-/-","-","-","0-0","-/-","-","-","-","-","-","away",716
2013,"Cal Lutheran University","defense","Chris Fang","1","1","2","-/-","-","-/-","-","-","0-0","-/-","-","-","-","-","-","away",716
2013,"Cal Lutheran University","defense","James Ingram","2","-","2","-/-","-","-/-","-","-","0-0","-/-","-","-","2","-","-","away",716
2013,"Cal Lutheran University","defense","Zach Mobilian","2","-","2","-/-","-","-/-","-","-","0-0","-/-","-","-","1","-","-","away",716
2013,"Cal Lutheran University","defense","David Hurdle","1","1","2","-/-","-","-/-","-","-","0-0","-/-","-","-","-","-","-","away",716
2013,"Cal Lutheran University","defense","Ugo Nwasike","1","1","2","-/-","-","-/-","-","-","0-0","-/-","-","-","-","-","-","away",716
2013,"Cal Lutheran University","defense","Jon Finkelstein","1","-","1","-/-","-","-/-","-","-","0-0","-/-","-","-","-","-","-","away",716
2013,"Cal Lutheran University","defense","Griffin Lazarus","1","-","1","-/-","-","-/-","-","-","0-0","-/-","-","-","-","-","-","away",716
2013,"Cal Lutheran University","defense","Gator Adams","1","-","1","-/-","-","-/-","-","-","0-0","-/-","-","-","-","-","-","away",716
2013,"Cal Lutheran University","defense","Henry Wei","-","1","1","-/-","-","-/-","-","-","0-0","-/-","-","-","-","-","-","away",716
2013,"Cal Lutheran University","defense","TEAM","-","-","-","-/-","-","-/-","-","-","0-0","-/-","-","-","-","1","-","away",716
2013,"Chapman University","defense","O. Aikhionbare","7","1","8","-/-","-","-/-","-","-","0-0","-/-","1-27","1","-","-","-","home",719
2013,"Chapman University","defense","Wade Minshew","8","-","8","2.0/4","2.0","-/-","-","-","0-0","-/-","-","-","-","-","-","home",719
2013,"Chapman University","defense","Zane Archer","5","2","7","0.5/2","0.5","0.5/2","0.5","-","0-0","-/-","-","-","1","-","-","home",719
2013,"Chapman University","defense","Sean Davey","6","1","7","-/-","-","-/-","-","-","0-0","-/-","-","-","-","-","-","home",719
2013,"Chapman University","defense","Steven Santana","4","3","7","-/-","-","-/-","-","-","0-0","-/-","-","-","-","-","-","home",719
2013,"Chapman University","defense","Greg Johnson","4","1","5","-/-","-","-/-","-","-","0-0","-/-","-","-","-","-","-","home",719
2013,"Chapman University","defense","Samir Hanna","3","2","5","0.5/2","0.5","0.5/2","0.5","-","0-0","-/-","-","-","-","-","-","home",719
2013,"Chapman University","defense","Drew Demarco","3","-","3","-/-","-","-/-","-","-","0-0","-/-","2-45","2","-","-","-","home",719
2013,"Chapman University","defense","Chase Tamashiro","2","1","3","-/-","-","-/-","-","-","0-0","-/-","-","-","1","-","-","home",719
2013,"Chapman University","defense","Connor Larkin","2","-","2","-/-","-","-/-","-","-","0-0","-/-","-","-","-","-","-","home",719
2013,"Chapman University","defense","Kurt Cofer","2","-","2","-/-","-","-/-","-","-","0-0","-/-","-","-","-","-","-","home",719
2013,"Chapman University","defense","Joey Livingston","2","-","2","-/-","-","-/-","-","-","0-0","-/-","-","-","-","-","-","home",719
2013,"Chapman University","defense","G. McDonald","1","1","2","-/-","-","-/-","-","-","0-0","-/-","-","-","-","-","-","home",719
2013,"Chapman University","defense","Anthony Tran","1","-","1","-/-","-","-/-","-","-","0-0","-/-","-","-","-","-","-","home",719
2013,"Chapman University","defense","Devin Kelly","1","-","1","-/-","-","-/-","-","-","0-0","-/-","-","-","-","-","-","home",719
2013,"Chapman University","defense","Cody Chapple","1","-","1","-/-","-","-/-","-","-","0-0","-/-","-","-","-","-","-","home",719
2013,"Chapman University","defense","Darek Mendoza","1","-","1","-/-","-","-/-","-","-","0-0","-/-","-","-","-","-","-","home",719
2013,"Chapman University","defense","G. Frediani","1","-","1","-/-","-","-/-","-","-","0-0","-/-","-","-","-","-","-","home",719
2013,"Chapman University","defense","Connor Lambert","1","-","1","-/-","-","-/-","-","-","0-0","-/-","-","-","-","-","-","home",719
2013,"Chapman University","defense","Devin Ray","1","-","1","-/-","-","-/-","-","-","0-0","-/-","-","-","-","-","-","home",719
2013,"Chapman University","defense","Kristian Niemi","1","-","1","-/-","-","-/-","-","-","0-0","-/-","-","-","-","-","-","home",719
2013,"Chapman University","defense","A.J. Herrera","6","5","11","0.5/1","0.5","-/-","-","-","0-1","1/-","-","-","-","-","-","away",719
2013,"Chapman University","defense","James Ingram","7","3","10","0.5/1","0.5","-/-","-","-","0-0","-/-","-","-","-","-","-","away",719
2013,"Chapman University","defense","Gator Adams","8","-","8","-/-","-","-/-","-","-","0-0","-/-","-","-","-","-","-","away",719
2013,"Chapman University","defense","Max Winsberg","5","1","6","-/-","-","-/-","-","-","0-0","-/-","-","-","-","-","-","away",719
2013,"Chapman University","defense","Phil Crawford","5","-","5","-/-","-","-/-","-","-","0-0","-/-","-","-","-","-","-","away",719
2013,"Chapman University","defense","Chris Fang","3","1","4","1.0/1","1.0","-/-","-","-","0-0","-/-","-","-","-","-","-","away",719
2013,"Chapman University","defense","Eduardo Ramirez","3","1","4","-/-","-","-/-","-","-","0-0","-/-","-","-","-","-","-","away",719
2013,"Chapman University","defense","Joey Liekweg","2","1","3","-/-","-","-/-","-","-","0-0","-/-","-","-","-","-","-","away",719
2013,"Chapman University","defense","TEAM","3","-","3","-/-","-","-/-","-","2","2-1","1/-","-","-","-","-","-","away",719
2013,"Chapman University","defense","Will Shannon","1","1","2","0.5/1","0.5","-/-","-","-","0-0","-/-","-","-","-","-","-","away",719
2013,"Chapman University","defense","Alex Chang","1","1","2","0.5/1","0.5","-/-","-","-","0-0","-/-","-","-","-","-","-","away",719
2013,"Chapman University","defense","Andrew Scott","1","-","1","-/-","-","-/-","-","-","0-0","-/-","-","-","-","-","-","away",719
2013,"Chapman University","defense","Nick Gott","1","-","1","-/-","-","-/-","-","-","0-0","-/-","-","-","-","-","-","away",719
2013,"Chapman University","defense","Andrew Sova","1","-","1","-/-","-","-/-","-","-","0-0","-/-","-","-","-","-","-","away",719
2013,"Chapman University","defense","Ugo Nwasike","1","-","1","-/-","-","-/-","-","-","0-0","-/-","-","-","-","-","-","away",719
2013,"Chapman University","defense","Tiger Brown","-","-","-","-/-","-","-/-","-","-","0-0","-/-","-","-","1","-","-","away",719
2013,"Lewis and Clark College","defense","Retzlaff,Stein","5","7","12","-/-","-","-/-","-","-","0-0","-/-","-","-","-","-","-","home",712
2013,"Lewis and Clark College","defense","Boyd,Lincoln","3","6","9","2.0/5","2.0","-/-","-","1","1-1","1/-","-","-","-","-","-","home",712
2013,"Lewis and Clark College","defense","Traver,Andrew","1","8","9","0.5/3","0.5","-/-","-","-","0-0","-/-","-","-","-","-","-","home",712
2013,"Lewis and Clark College","defense","Lucas,Aaron","2","5","7","1.0/2","1.0","-/-","-","-","0-0","-/-","-","-","-","1","-","home",712
2013,"Lewis and Clark College","defense","Tonga,Siosifa","4","2","6","-/-","-","-/-","-","-","0-0","-/-","-","-","1","-","-","home",712
2013,"Lewis and Clark College","defense","Cena,Josh","3","3","6","2.5/3","2.5","-/-","-","-","0-0","-/-","-","-","2","-","-","home",712
2013,"Lewis and Clark College","defense","Fitch,Alex","-","5","5","-/-","-","-/-","-","-","0-0","-/-","-","-","-","-","-","home",712
2013,"Lewis and Clark College","defense","Ross,Aaron","3","1","4","-/-","-","-/-","-","-","0-0","-/-","-","-","2","-","-","home",712
2013,"Lewis and Clark College","defense","Parkhurst,Zac","1","3","4","1.5/3","1.5","-/-","-","-","0-0","-/-","-","-","-","-","-","home",712
2013,"Lewis and Clark College","defense","Murillo,Joaqui","-","3","3","-/-","-","-/-","-","-","0-0","-/-","-","-","-","-","-","home",712
2013,"Lewis and Clark College","defense","Grays,Darius","1","2","3","1.5/5","1.5","-/-","-","-","0-0","-/-","-","-","-","-","-","home",712
2013,"Lewis and Clark College","defense","Goodenough,Gre","2","-","2","1.0/4","1.0","-/-","-","1","1-0","-/-","-","-","-","-","-","home",712
2013,"Lewis and Clark College","defense","Delegato,Mario","1","1","2","-/-","-","-/-","-","-","0-0","-/-","-","-","-","-","-","home",712
2013,"Lewis and Clark College","defense","Frisina,Andrew","2","-","2","-/-","-","-/-","-","-","0-0","-/-","-","-","-","-","-","home",712
2013,"Lewis and Clark College","defense","Roepke,Erich","1","1","2","0.5/2","0.5","-/-","-","-","0-0","-/-","-","-","-","-","-","home",712
2013,"Lewis and Clark College","defense","Magraw,Sean","2","-","2","-/-","-","-/-","-","-","0-0","-/-","-","-","-","-","-","home",712
2013,"Lewis and Clark College","defense","Brownlow-Fong","1","1","2","1.0/4","1.0","-/-","-","-","0-0","-/-","-","-","-","-","-","home",712
2013,"Lewis and Clark College","defense","Dean,Jasper","-","2","2","0.5/-","0.5","-/-","-","-","0-0","-/-","-","-","-","-","-","home",712
2013,"Lewis and Clark College","defense","Mock,Deion","-","1","1","-/-","-","-/-","-","-","0-0","-/-","-","-","-","-","-","home",712
2013,"Lewis and Clark College","defense","Rogers,Lucas","-","1","1","-/-","-","-/-","-","-","0-0","-/-","-","-","-","-","-","home",712
2013,"Lewis and Clark College","defense","Taylor,Roy","-","1","1","-/-","-","-/-","-","-","0-0","-/-","-","-","-","-","-","home",712
2013,"Lewis and Clark College","defense","Banks,Cody","-","1","1","-/-","-","-/-","-","-","0-0","-/-","-","-","-","-","-","home",712
2013,"Lewis and Clark College","defense","DeRosa,Matthew","1","-","1","-/-","-","-/-","-","-","0-0","-/-","-","-","-","-","-","home",712
2013,"Lewis and Clark College","defense","Winsberg","8","3","11","-/-","-","-/-","-","-","0-1","1/-","1-0","1","-","-","-","away",712
2013,"Lewis and Clark College","defense","Ingram","5","5","10","0.5/2","0.5","-/-","-","1","1-0","-/-","1-0","1","-","-","-","away",712
2013,"Lewis and Clark College","defense","Herrera","2","8","10","-/-","-","-/-","-","-","0-0","-/-","-","-","-","-","-","away",712
2013,"Lewis and Clark College","defense","Sova","1","5","6","0.5/1","0.5","-/-","-","-","0-0","-/-","-","-","-","-","-","away",712
2013,"Lewis and Clark College","defense","Slaats","3","3","6","0.5/-","0.5","-/-","-","-","0-0","-/-","-","-","-","-","-","away",712
2013,"Lewis and Clark College","defense","Brown","2","3","5","-/-","-","-/-","-","-","0-0","-/-","-","-","-","-","-","away",712
2013,"Lewis and Clark College","defense","Chang","5","-","5","3.0/9","3.0","-/-","-","-","0-0","-/-","-","-","-","-","-","away",712
2013,"Lewis and Clark College","defense","Ramirez","1","4","5","0.5/4","0.5","0.5/4","0.5","-","0-0","-/-","-","-","-","-","-","away",712
2013,"Lewis and Clark College","defense","Nasse","3","1","4","-/-","-","-/-","-","-","0-0","-/-","-","-","-","-","-","away",712
2013,"Lewis and Clark College","defense","Rouser","2","2","4","-/-","-","-/-","-","-","0-0","-/-","-","-","-","-","-","away",712
2013,"Lewis and Clark College","defense","Liekweg","2","1","3","-/-","-","-/-","-","-","0-0","-/-","-","-","1","-","-","away",712
2013,"Lewis and Clark College","defense","Crawford","2","1","3","-/-","-","-/-","-","-","0-0","-/-","-","-","-","-","-","away",712
2013,"Lewis and Clark College","defense","Mobilian","2","1","3","0.5/1","0.5","-/-","-","-","0-0","-/-","-","-","1","-","-","away",712
2013,"Lewis and Clark College","defense","Nwasike","1","2","3","-/-","-","-/-","-","-","0-0","-/-","-","-","-","-","-","away",712
2013,"Lewis and Clark College","defense","Adams","-","2","2","-/-","-","-/-","-","-","0-0","-/-","1-0","1","-","-","-","away",712
2013,"Lewis and Clark College","defense","Hurdle","-","2","2","0.5/4","0.5","0.5/4","0.5","-","0-0","-/-","-","-","-","-","-","away",712
2013,"Lewis and Clark College","defense","Anderson","1","-","1","-/-","-","-/-","-","-","0-0","-/-","-","-","-","-","-","away",712
2013,"Lewis and Clark College","defense","Cunha","-","1","1","-/-","-","-/-","-","-","0-0","-/-","-","-","-","-","-","away",712
2013,"Lewis and Clark College","defense","Glasser","-","1","1","-/-","-","-/-","-","-","0-0","-/-","-","-","-","-","-","away",712
2013,"Lewis and Clark College","defense","Gott","1","-","1","-/-","-","-/-","-","-","0-0","-/-","-","-","-","-","-","away",712
2013,"Lewis and Clark College","defense","Schattenkerk","-","1","1","-/-","-","-/-","-","-","0-0","-/-","-","-","-","-","-","away",712
2013,"Occidental College","defense","Ingram","7","3","10","-/-","-","-/-","-","-","0-0","-/-","-","-","1","-","-","home",715
2013,"Occidental College","defense","Slaats","2","6","8","2.0/16","2.0","0.5/1","0.5","-","0-0","-/-","-","-","-","-","-","home",715
2013,"Occidental College","defense","Nasse","4","3","7","1.0/5","1.0","1.0/5","1.0","-","0-0","-/-","-","-","-","-","-","home",715
2013,"Occidental College","defense","Winsberg","4","2","6","-/-","-","-/-","-","-","0-0","-/-","-","-","-","-","-","home",715
2013,"Occidental College","defense","Ramirez","5","1","6","1.5/4","1.5","-/-","-","-","0-0","-/-","-","-","-","-","-","home",715
2013,"Occidental College","defense","Herrera","1","4","5","-/-","-","-/-","-","-","0-0","-/-","-","-","-","-","-","home",715
2013,"Occidental College","defense","Liekweg","2","1","3","-/-","-","-/-","-","-","0-0","-/-","1-24","1","-","-","-","home",715
2013,"Occidental College","defense","Wei","2","1","3","-/-","-","-/-","-","-","0-0","-/-","-","-","-","-","-","home",715
2013,"Occidental College","defense","Sova","1","2","3","1.0/1","1.0","-/-","-","-","0-0","-/-","-","-","-","-","-","home",715
2013,"Occidental College","defense","Fang","2","-","2","-/-","-","-/-","-","-","0-0","-/-","-","-","-","-","-","home",715
2013,"Occidental College","defense","Cunha","1","1","2","-/-","-","-/-","-","-","0-0","-/-","-","-","-","-","-","home",715
2013,"Occidental College","defense","Mobilian","1","1","2","-/-","-","-/-","-","-","0-0","-/-","-","-","1","-","-","home",715
2013,"Occidental College","defense","Chang","-","2","2","0.5/1","0.5","0.5/1","0.5","-","0-0","-/-","-","-","1","-","-","home",715
2013,"Occidental College","defense","Nwasike","1","1","2","-/-","-","-/-","-","-","0-0","-/-","-","-","-","-","-","home",715
2013,"Occidental College","defense","Finkelstein","-","1","1","-/-","-","-/-","-","-","0-0","-/-","-","-","-","-","-","home",715
2013,"Occidental College","defense","McKaveney","1","-","1","-/-","-","-/-","-","-","0-0","-/-","-","-","-","-","-","home",715
2013,"Occidental College","defense","Glasser","-","1","1","-/-","-","-/-","-","-","0-0","-/-","-","-","-","-","-","home",715
2013,"Occidental College","defense","Schattenkerk","1","-","1","-/-","-","-/-","-","-","0-0","-/-","-","-","-","-","-","home",715
2013,"Occidental College","defense","Rouser","1","-","1","-/-","-","-/-","-","-","0-0","-/-","-","-","-","-","-","home",715
2013,"Occidental College","defense","Brown","-","-","-","-/-","-","-/-","-","-","0-0","-/-","-","-","1","-","-","home",715
2013,"Occidental College","defense","Ross Fiegener","8","5","13","1.0/5","1.0","-/-","-","-","0-0","-/-","-","-","-","-","-","away",715
2013,"Occidental College","defense","Matt Matulaitis","5","7","12","0.5/1","0.5","-/-","-","-","0-0","-/-","-","-","-","-","-","away",715
2013,"Occidental College","defense","Teran Mawhinney","7","3","10","-/-","-","-/-","-","-","0-0","-/-","1-42","1","-","-","-","away",715
2013,"Occidental College","defense","Tommy Kim","4","4","8","1.5/1","1.5","-/-","-","-","0-0","-/-","-","-","-","-","-","away",715
2013,"Occidental College","defense","V. Cusumano","4","2","6","1.0/3","1.0","-/-","-","-","0-0","-/-","-","-","-","-","-","away",715
2013,"Occidental College","defense","Michael Gilliam","2","3","5","-/-","-","-/-","-","-","0-0","-/-","-","-","-","-","-","away",715
2013,"Occidental College","defense","Chaz Shizumura","3","1","4","-/-","-","-/-","-","-","0-0","-/-","-","-","1","-","-","away",715
2013,"Occidental College","defense","Dallas Gosselin","2","2","4","1.0/2","1.0","1.0/2","1.0","-","0-0","-/-","-","-","-","-","-","away",715
2013,"Occidental College","defense","Ben Kamerin","1","3","4","-/-","-","-/-","-","-","0-1","1/-","-","-","-","-","-","away",715
2013,"Occidental College","defense","Matthew Malos","1","2","3","-/-","-","-/-","-","-","0-0","-/-","1-64","1","-","-","-","away",715
2013,"Occidental College","defense","Adam Goltche","2","1","3","-/-","-","-/-","-","-","0-0","-/-","-","-","1","-","-","away",715
2013,"Occidental College","defense","Devin Chapman","2","1","3","-/-","-","-/-","-","-","0-0","-/-","-","-","-","-","-","away",715
2013,"Occidental College","defense","Shay Mueller","2","1","3","-/-","-","-/-","-","-","0-0","-/-","-","-","-","-","-","away",715
2013,"Occidental College","defense","Evan Buckwalter","1","2","3","-/-","-","-/-","-","-","0-0","-/-","-","-","-","-","-","away",715
2013,"Occidental College","defense","Elijah Duran","2","-","2","-/-","-","-/-","-","-","0-0","-/-","-","-","-","-","-","away",715
2013,"Occidental College","defense","Grant Arnold","1","1","2","1.0/1","1.0","-/-","-","-","0-0","-/-","-","-","-","-","-","away",715
2013,"Occidental College","defense","Garrett Van","1","-","1","-/-","-","-/-","-","-","0-0","-/-","-","-","-","-","-","away",715
2013,"Occidental College","defense","Nicholas Mungia","1","-","1","-/-","-","-/-","-","-","0-0","-/-","-","-","-","-","-","away",715
2013,"Occidental College","defense","Aaron Jones","1","-","1","-/-","-","-/-","-","-","0-0","-/-","-","-","-","-","-","away",715
2013,"Occidental College","defense","Dalton Spinas","1","-","1","-/-","-","-/-","-","-","0-0","-/-","-","-","-","-","-","away",715
2013,"Occidental College","defense","TEAM","1","-","1","-/-","-","-/-","-","1","1-0","-/-","-","-","-","1","-","away",715
2013,"Occidental College","defense","Casey Dudley","-","-","-","-/-","-","-/-","-","-","0-0","-/-","-","-","2","-","-","away",715
2013,"Pomona-Pitzer","defense","Herrera","5","5","10","0.5/2","0.5","-/-","-","1","1-0","-/-","-","-","2","-","-","home",720
2013,"Pomona-Pitzer","defense","Chang","4","4","8","3.5/12","3.5","1.0/8","1.0","-","0-0","-/-","-","-","-","-","-","home",720
2013,"Pomona-Pitzer","defense","Liekweg","3","4","7","-/-","-","-/-","-","-","0-0","-/-","-","-","-","-","-","home",720
2013,"Pomona-Pitzer","defense","Winsberg","4","3","7","-/-","-","-/-","-","-","0-1","1/-","1-3","1","1","-","-","home",720
2013,"Pomona-Pitzer","defense","Ingram","-","5","5","-/-","-","-/-","-","-","0-0","-/-","-","-","-","-","-","home",720
2013,"Pomona-Pitzer","defense","Nwasike","1","3","4","-/-","-","-/-","-","-","0-0","-/-","-","-","-","-","-","home",720
2013,"Pomona-Pitzer","defense","Crawford","1","2","3","-/-","-","-/-","-","-","0-0","-/-","-","-","1","-","-","home",720
2013,"Pomona-Pitzer","defense","Shannon","1","2","3","-/-","-","-/-","-","-","0-0","-/-","-","-","1","-","-","home",720
2013,"Pomona-Pitzer","defense","Nasse","1","1","2","-/-","-","-/-","-","-","0-0","-/-","-","-","1","-","-","home",720
2013,"Pomona-Pitzer","defense","Ramirez","2","-","2","1.0/2","1.0","-/-","-","-","0-0","-/-","-","-","-","-","-","home",720
2013,"Pomona-Pitzer","defense","TEAM","2","-","2","1.0/5","1.0","-/-","-","2","2-0","-/-","-","-","-","1","-","home",720
2013,"Pomona-Pitzer","defense","Stastny","-","1","1","-/-","-","-/-","-","-","0-0","-/-","-","-","-","-","-","home",720
2013,"Pomona-Pitzer","defense","Anderson","-","1","1","-/-","-","-/-","-","-","0-0","-/-","-","-","-","-","-","home",720
2013,"Pomona-Pitzer","defense","Cunha","1","-","1","-/-","-","-/-","-","-","0-0","-/-","-","-","-","-","-","home",720
2013,"Pomona-Pitzer","defense","Sova","-","1","1","-/-","-","-/-","-","-","0-0","-/-","-","-","-","-","-","home",720
2013,"Pomona-Pitzer","defense","Kyle Roskamp","12","9","21","1.5/7","1.5","-/-","-","-","0-0","-/-","-","-","-","-","-","away",720
2013,"Pomona-Pitzer","defense","Matt O'Connor","9","5","14","1.5/2","1.5","-/-","-","-","0-0","-/-","-","-","1","-","-","away",720
2013,"Pomona-Pitzer","defense","Don Swan","5","3","8","3.0/7","3.0","-/-","-","-","0-0","-/-","-","-","-","-","-","away",720
2013,"Pomona-Pitzer","defense","N. Sbardellati","3","4","7","1.5/11","1.5","1.0/7","1.0","-","0-0","-/-","-","-","-","-","-","away",720
2013,"Pomona-Pitzer","defense","Brett Lingle","5","2","7","-/-","-","-/-","-","-","0-0","-/-","-","-","-","-","-","away",720
2013,"Pomona-Pitzer","defense","Brian Rauzi","3","4","7","-/-","-","-/-","-","-","0-0","-/-","-","-","-","-","-","away",720
2013,"Pomona-Pitzer","defense","Nelson Cole","2","2","4","-/-","-","-/-","-","-","0-0","-/-","-","-","-","-","-","away",720
2013,"Pomona-Pitzer","defense","Connor Roberts","2","2","4","2.0/4","2.0","-/-","-","-","0-0","-/-","-","-","-","-","-","away",720
2013,"Pomona-Pitzer","defense","Weston Staubus","2","-","2","-/-","-","-/-","-","-","0-0","-/-","-","-","-","-","-","away",720
2013,"Pomona-Pitzer","defense","Isaac Richard","-","2","2","-/-","-","-/-","-","-","0-0","-/-","-","-","-","-","-","away",720
2013,"Pomona-Pitzer","defense","Brian Friel","-","2","2","0.5/1","0.5","-/-","-","-","0-0","-/-","-","-","-","-","-","away",720
2013,"Pomona-Pitzer","defense","Brandon Zemp","2","-","2","-/-","-","-/-","-","-","0-0","-/-","-","-","-","-","-","away",720
2013,"Pomona-Pitzer","defense","Brett Harper","-","1","1","-/-","-","-/-","-","-","0-0","-/-","-","-","-","-","-","away",720
2013,"Pomona-Pitzer","defense","Nicky LaCivita","1","-","1","-/-","-","-/-","-","-","0-0","-/-","-","-","-","-","-","away",720
2013,"Pomona-Pitzer","defense","J. Pietrykowski","1","-","1","-/-","-","-/-","-","-","0-0","-/-","-","-","-","-","-","away",720
2013,"Pomona-Pitzer","defense","TEAM","1","-","1","-/-","-","-/-","-","1","1-1","1/-","-","-","-","-","-","away",720
2013,"Pomona-Pitzer","defense","Julian Roberts","-","-","-","-/-","-","-/-","-","-","0-0","-/-","-","-","-","1","-","away",720
2013,"Rhoded College","defense","Ingram","6","5","11","0.5/2","0.5","-/-","-","-","0-0","-/-","-","-","-","-","-","home",713
2013,"Rhoded College","defense","Liekweg","5","4","9","-/-","-","-/-","-","-","0-0","-/-","-","-","-","-","-","home",713
2013,"Rhoded College","defense","Herrera","3","6","9","-/-","-","-/-","-","-","0-0","-/-","-","-","-","-","-","home",713
2013,"Rhoded College","defense","Rouser","2","5","7","1.5/13","1.5","1.0/12","1.0","-","0-0","-/-","-","-","-","-","-","home",713
2013,"Rhoded College","defense","Adams","2","4","6","0.5/1","0.5","-/-","-","-","0-0","-/-","-","-","-","-","-","home",713
2013,"Rhoded College","defense","Winsberg","1","5","6","1.5/2","1.5","-/-","-","-","0-0","-/-","-","-","-","-","-","home",713
2013,"Rhoded College","defense","Chang","1","4","5","2.0/11","2.0","1.0/9","1.0","-","0-0","-/-","-","-","-","1","-","home",713
2013,"Rhoded College","defense","Sova","3","2","5","-/-","-","-/-","-","-","0-0","-/-","-","-","-","-","-","home",713
2013,"Rhoded College","defense","Crawford","4","-","4","-/-","-","-/-","-","-","0-0","-/-","-","-","-","-","-","home",713
2013,"Rhoded College","defense","Ramirez","2","2","4","1.5/1","1.5","-/-","-","-","0-0","-/-","-","-","-","-","-","home",713
2013,"Rhoded College","defense","Slaats","-","4","4","0.5/1","0.5","-/-","-","-","0-0","-/-","-","-","-","-","-","home",713
2013,"Rhoded College","defense","Lazarus","1","2","3","-/-","-","-/-","-","-","0-0","-/-","1-67","1","1","-","-","home",713
2013,"Rhoded College","defense","Brown","2","1","3","-/-","-","-/-","-","-","0-0","-/-","-","-","-","-","-","home",713
2013,"Rhoded College","defense","Finkelstein","1","1","2","-/-","-","-/-","-","-","0-0","-/-","-","-","-","-","-","home",713
2013,"Rhoded College","defense","Mobilian","1","1","2","-/-","-","-/-","-","-","0-0","-/-","-","-","-","-","-","home",713
2013,"Rhoded College","defense","Glasser","-","2","2","-/-","-","-/-","-","-","0-0","-/-","-","-","-","-","-","home",713
2013,"Rhoded College","defense","Nasse","-","2","2","-/-","-","-/-","-","-","0-0","-/-","-","-","-","-","-","home",713
2013,"Rhoded College","defense","Nwasike","-","2","2","-/-","-","-/-","-","-","0-0","-/-","-","-","-","-","-","home",713
2013,"Rhoded College","defense","Stastny","-","1","1","-/-","-","-/-","-","-","0-0","-/-","-","-","-","-","-","home",713
2013,"Rhoded College","defense","Schattenkerk","1","-","1","-/-","-","-/-","-","-","0-0","-/-","-","-","-","-","-","home",713
2013,"Rhoded College","defense","Wei","-","1","1","-/-","-","-/-","-","-","0-0","-/-","-","-","-","-","-","home",713
2013,"Rhoded College","defense","Michael Shield","2","9","11","1.0/2","1.0","-/-","-","-","0-0","-/-","-","-","-","-","-","away",713
2013,"Rhoded College","defense","Joseph Raby","2","9","11","1.5/3","1.5","-/-","-","-","0-0","-/-","-","-","-","-","-","away",713
2013,"Rhoded College","defense","W. McWherter","1","7","8","0.5/1","0.5","-/-","-","-","0-0","-/-","-","-","-","-","-","away",713
2013,"Rhoded College","defense","Matt Nungesser","2","5","7","-/-","-","-/-","-","-","0-0","-/-","-","-","-","-","-","away",713
2013,"Rhoded College","defense","Trey Hooper","1","4","5","-/-","-","-/-","-","-","0-0","-/-","-","-","-","-","-","away",713
2013,"Rhoded College","defense","Mike Olushoga","-","5","5","-/-","-","-/-","-","-","0-0","-/-","-","-","-","-","-","away",713
2013,"Rhoded College","defense","Stanton Brown","3","1","4","-/-","-","-/-","-","-","0-0","-/-","-","-","1","-","-","away",713
2013,"Rhoded College","defense","Trey Tamura","3","1","4","-/-","-","-/-","-","1","1-0","-/-","-","-","1","-","-","away",713
2013,"Rhoded College","defense","Spencer Smith","-","4","4","0.5/2","0.5","-/-","-","-","0-0","-/-","-","-","-","-","-","away",713
2013,"Rhoded College","defense","C. Labenberg","-","4","4","1.5/2","1.5","-/-","-","-","0-0","-/-","-","-","-","-","-","away",713
2013,"Rhoded College","defense","Zac Hart","-","4","4","1.0/2","1.0","-/-","-","-","0-1","1/-","-","-","-","-","-","away",713
2013,"Rhoded College","defense","John Dodd","-","3","3","-/-","-","-/-","-","-","0-0","-/-","-","-","-","-","-","away",713
2013,"Rhoded College","defense","Grady Kable","2","1","3","-/-","-","-/-","-","-","0-0","-/-","-","-","-","-","-","away",713
2013,"Rhoded College","defense","Jack Ingalls","-","2","2","-/-","-","-/-","-","-","0-0","-/-","-","-","-","-","-","away",713
2013,"Rhoded College","defense","B. Williams","2","-","2","-/-","-","-/-","-","-","0-0","-/-","-","-","-","-","-","away",713
2013,"Rhoded College","defense","Clay Christian","2","-","2","-/-","-","-/-","-","-","0-0","-/-","-","-","-","-","-","away",713
2013,"Rhoded College","defense","Ronald Booker","-","1","1","0.5/-","0.5","-/-","-","-","0-0","-/-","-","-","-","-","-","away",713
2013,"Rhoded College","defense","Bret Dawidowski","1","-","1","-/-","-","-/-","-","-","0-0","-/-","-","-","-","-","-","away",713
2013,"Rhoded College","defense","Roc Sherrell","-","1","1","-/-","-","-/-","-","-","0-0","-/-","-","-","-","-","-","away",713
2013,"Rhoded College","defense","Dillion Cheney","-","1","1","0.5/1","0.5","-/-","-","-","0-0","-/-","-","-","-","-","-","away",713
2013,"Rhoded College","defense","Pete Showalter","1","-","1","-/-","-","-/-","-","-","0-0","-/-","-","-","-","-","-","away",713
2013,"Rhoded College","defense","Hogan Crosby","-","1","1","-/-","-","-/-","-","-","0-0","-/-","-","-","-","-","-","away",713
2013,"Rhoded College","defense","Wyatt McRea","1","-","1","-/-","-","-/-","-","-","0-0","-/-","-","-","-","-","-","away",713
2013,"Rhoded College","defense","Tyler Cummings","-","1","1","-/-","-","-/-","-","-","0-0","-/-","-","-","-","-","-","away",713
2013,"Rhoded College","defense","DJ Barrow","1","-","1","-/-","-","-/-","-","-","0-0","-/-","-","-","-","-","-","away",713
2013,"Univ. of La Verne","defense","Quinn Goldman","5","4","9","1.5/6","1.5","0.5/5","0.5","-","0-0","-/-","-","-","-","-","-","home",714
2013,"Univ. of La Verne","defense","A. Arguello","3","4","7","2.0/3","2.0","-/-","-","-","0-0","-/-","-","-","-","-","-","home",714
2013,"Univ. of La Verne","defense","Matt Canlas","1","6","7","1.5/2","1.5","-/-","-","-","0-0","-/-","-","-","1","-","-","home",714
2013,"Univ. of La Verne","defense","Blayr Stone","5","1","6","1.0/2","1.0","-/-","-","-","0-1","1/-","-","-","2","-","-","home",714
2013,"Univ. of La Verne","defense","Nik Gutierrez","2","4","6","2.0/5","2.0","-/-","-","1","1-1","1/-","-","-","-","-","-","home",714
2013,"Univ. of La Verne","defense","David Kain","3","2","5","-/-","-","-/-","-","-","0-0","-/-","-","-","-","-","-","home",714
2013,"Univ. of La Verne","defense","Keoni Colson","2","1","3","0.5/1","0.5","-/-","-","-","0-0","-/-","-","-","-","-","-","home",714
2013,"Univ. of La Verne","defense","Sean Komendat","1","2","3","1.0/10","1.0","1.0/10","1.0","-","0-0","-/-","-","-","-","-","-","home",714
2013,"Univ. of La Verne","defense","Christian Lozon","1","2","3","-/-","-","-/-","-","-","0-0","-/-","-","-","-","-","-","home",714
2013,"Univ. of La Verne","defense","John Lilly","-","2","2","-/-","-","-/-","-","-","0-0","-/-","-","-","-","-","-","home",714
2013,"Univ. of La Verne","defense","D. Betancourt","2","-","2","-/-","-","-/-","-","-","0-0","-/-","-","-","-","-","-","home",714
2013,"Univ. of La Verne","defense","Joshua Hardy","2","-","2","-/-","-","-/-","-","1","1-0","-/-","-","-","-","-","-","home",714
2013,"Univ. of La Verne","defense","Mitch Mullaly","1","1","2","-/-","-","-/-","-","-","0-0","-/-","-","-","-","-","-","home",714
2013,"Univ. of La Verne","defense","RogelioEspinoza","1","1","2","-/-","-","-/-","-","1","1-0","-/-","-","-","-","-","-","home",714
2013,"Univ. of La Verne","defense","A. Restrepo","-","2","2","-/-","-","-/-","-","-","0-0","-/-","-","-","-","-","-","home",714
2013,"Univ. of La Verne","defense","JhovanyBautista","-","2","2","0.5/5","0.5","0.5/5","0.5","-","0-0","-/-","1-50","1","-","-","-","home",714
2013,"Univ. of La Verne","defense","Felipe Valdez","-","1","1","-/-","-","-/-","-","-","0-0","-/-","1-8","1","-","-","-","home",714
2013,"Univ. of La Verne","defense","Carvante Hill","1","-","1","-/-","-","-/-","-","-","0-0","-/-","-","-","-","-","-","home",714
2013,"Univ. of La Verne","defense","Brian Okereke","-","1","1","-/-","-","-/-","-","-","0-0","-/-","-","-","-","-","-","home",714
2013,"Univ. of La Verne","defense","Ky Dorsey","1","-","1","-/-","-","-/-","-","-","0-0","-/-","-","-","-","1","-","home",714
2013,"Univ. of La Verne","defense","Lorenzo Marks","-","1","1","-/-","-","-/-","-","-","0-0","-/-","-","-","-","-","-","home",714
2013,"Univ. of La Verne","defense","M. Shepherd","-","1","1","-/-","-","-/-","-","-","0-0","-/-","-","-","-","-","-","home",714
2013,"Univ. of La Verne","defense","Connor Truhitte","1","-","1","-/-","-","-/-","-","-","0-0","-/-","-","-","-","-","-","home",714
2013,"Univ. of La Verne","defense","Pat McGowan","-","1","1","-/-","-","-/-","-","-","0-0","-/-","-","-","-","-","-","home",714
2013,"Univ. of La Verne","defense","Darrick White","-","1","1","-/-","-","-/-","-","-","0-0","-/-","-","-","-","-","-","home",714
2013,"Univ. of La Verne","defense","Sova","3","10","13","1.0/3","1.0","-/-","-","-","0-0","-/-","-","-","-","-","-","away",714
2013,"Univ. of La Verne","defense","Winsberg","1","11","12","0.5/1","0.5","-/-","-","-","0-0","-/-","-","-","-","-","-","away",714
2013,"Univ. of La Verne","defense","Nasse","2","8","10","0.5/1","0.5","-/-","-","-","0-0","-/-","-","-","-","1","-","away",714
2013,"Univ. of La Verne","defense","Rouser","1","9","10","0.5/-","0.5","-/-","-","-","0-0","-/-","-","-","-","-","-","away",714
2013,"Univ. of La Verne","defense","Herrera","2","7","9","-/-","-","-/-","-","-","0-0","-/-","-","-","-","-","-","away",714
2013,"Univ. of La Verne","defense","Slaats","1","8","9","-/-","-","-/-","-","-","0-0","-/-","-","-","-","-","-","away",714
2013,"Univ. of La Verne","defense","Lazarus","1","5","6","-/-","-","-/-","-","-","0-0","-/-","-","-","-","-","-","away",714
2013,"Univ. of La Verne","defense","Chang","2","4","6","1.0/8","1.0","1.0/8","1.0","-","0-0","-/-","-","-","-","-","-","away",714
2013,"Univ. of La Verne","defense","Ramirez","-","6","6","-/-","-","-/-","-","-","0-0","-/-","-","-","-","-","-","away",714
2013,"Univ. of La Verne","defense","Schattenkerk","-","6","6","0.5/1","0.5","-/-","-","-","0-0","-/-","-","-","-","-","-","away",714
2013,"Univ. of La Verne","defense","Ingram","1","4","5","-/-","-","-/-","-","-","0-0","-/-","-","-","-","-","-","away",714
2013,"Univ. of La Verne","defense","Hurdle","1","4","5","-/-","-","-/-","-","-","0-0","-/-","-","-","-","-","-","away",714
2013,"Univ. of La Verne","defense","Stastny","1","3","4","0.5/1","0.5","-/-","-","-","0-0","-/-","-","-","-","-","-","away",714
2013,"Univ. of La Verne","defense","Brown","1","3","4","-/-","-","-/-","-","-","0-0","-/-","-","-","-","-","-","away",714
2013,"Univ. of La Verne","defense","Glasser","1","3","4","0.5/-","0.5","-/-","-","-","0-0","-/-","-","-","-","-","-","away",714
2013,"Univ. of La Verne","defense","Wei","-","3","3","-/-","-","-/-","-","-","0-0","-/-","-","-","-","-","-","away",714
2013,"Univ. of La Verne","defense","Crawford","-","2","2","0.5/1","0.5","-/-","-","-","0-0","-/-","-","-","-","-","-","away",714
2013,"Univ. of La Verne","defense","Aven","1","1","2","0.5/-","0.5","-/-","-","-","0-0","-/-","-","-","-","-","-","away",714
2013,"Univ. of La Verne","defense","Fang","1","-","1","1.0/1","1.0","-/-","-","-","0-0","-/-","-","-","-","-","-","away",714
2013,"Univ. of La Verne","defense","Mobilian","-","1","1","-/-","-","-/-","-","-","0-0","-/-","-","-","-","-","-","away",714
2013,"Univ. of La Verne","defense","Shannon","-","1","1","-/-","-","-/-","-","-","0-0","-/-","-","-","-","-","-","away",714
2013,"Univ. of La Verne","defense","Crist","-","1","1","-/-","-","-/-","-","-","0-0","-/-","-","-","-","-","-","away",714
2013,"Univ. of La Verne","defense","Drazovich","-","1","1","-/-","-","-/-","-","-","0-0","-/-","-","-","-","-","-","away",714
2013,"Univ. of La Verne","defense","Clancy","-","1","1","-/-","-","-/-","-","-","0-0","-/-","-","-","-","-","-","away",714
2013,"Univ. of La Verne","defense","Barnes","-","1","1","-/-","-","-/-","-","-","0-0","-/-","-","-","-","-","-","away",714
2013,"Univ. of La Verne","defense","Boren","-","1","1","-/-","-","-/-","-","-","0-0","-/-","-","-","-","-","-","away",714
2013,"University of Redlands","defense","Liekweg","4","8","12","-/-","-","-/-","-","-","0-0","-/-","-","-","-","-","-","home",718
2013,"University of Redlands","defense","Winsberg","4","6","10","-/-","-","-/-","-","-","0-0","-/-","-","-","-","-","-","home",718
2013,"University of Redlands","defense","Herrera","2","5","7","1.0/3","1.0","-/-","-","-","0-0","-/-","-","-","-","-","-","home",718
2013,"University of Redlands","defense","Slaats","1","6","7","1.0/2","1.0","-/-","-","-","0-0","-/-","-","-","-","-","-","home",718
2013,"University of Redlands","defense","Adams","4","2","6","2.0/6","2.0","1.0/2","1.0","-","0-0","-/-","-","-","-","-","-","home",718
2013,"University of Redlands","defense","Chang","2","4","6","-/-","-","-/-","-","-","0-0","-/-","-","-","-","1","-","home",718
2013,"University of Redlands","defense","Ingram","1","3","4","-/-","-","-/-","-","-","0-0","-/-","-","-","1","-","-","home",718
2013,"University of Redlands","defense","Brown","2","2","4","-/-","-","-/-","-","-","0-0","-/-","-","-","-","-","-","home",718
2013,"University of Redlands","defense","Finkelstein","3","-","3","-/-","-","-/-","-","-","0-0","-/-","-","-","-","-","-","home",718
2013,"University of Redlands","defense","Fang","1","1","2","-/-","-","-/-","-","-","0-0","-/-","-","-","1","-","-","home",718
2013,"University of Redlands","defense","Stastny","2","-","2","-/-","-","-/-","-","-","0-0","-/-","-","-","-","-","-","home",718
2013,"University of Redlands","defense","Crawford","2","-","2","1.0/2","1.0","-/-","-","-","0-0","-/-","-","-","-","-","-","home",718
2013,"University of Redlands","defense","Shannon","1","1","2","-/-","-","-/-","-","-","0-0","-/-","-","-","-","-","-","home",718
2013,"University of Redlands","defense","Ramirez","1","1","2","-/-","-","-/-","-","-","0-0","-/-","-","-","-","-","-","home",718
2013,"University of Redlands","defense","Sova","-","2","2","0.5/-","0.5","-/-","-","-","0-0","-/-","-","-","-","-","-","home",718
2013,"University of Redlands","defense","Griffin","1","-","1","-/-","-","-/-","-","-","0-0","-/-","-","-","-","-","-","home",718
2013,"University of Redlands","defense","Otterholt","1","-","1","-/-","-","-/-","-","-","0-0","-/-","-","-","-","-","-","home",718
2013,"University of Redlands","defense","Lazarus","-","1","1","-/-","-","-/-","-","-","0-0","-/-","-","-","-","-","-","home",718
2013,"University of Redlands","defense","Schattenkerk","-","1","1","0.5/-","0.5","-/-","-","-","0-0","-/-","-","-","-","-","-","home",718
2013,"University of Redlands","defense","Rouser","-","1","1","-/-","-","-/-","-","-","0-0","-/-","-","-","-","-","-","home",718
2013,"University of Redlands","defense","Crist","1","-","1","-/-","-","-/-","-","-","0-0","-/-","-","-","-","-","-","home",718
2013,"University of Redlands","defense","Nwasike","1","-","1","-/-","-","-/-","-","-","0-0","-/-","-","-","-","-","-","home",718
2013,"University of Redlands","defense","Michael Tootle","3","8","11","-/-","-","-/-","-","-","0-0","-/-","-","-","-","-","-","away",718
2013,"University of Redlands","defense","S. Locke","4","4","8","1.0/1","1.0","-/-","-","-","0-0","-/-","-","-","1","-","-","away",718
2013,"University of Redlands","defense","Sean Woods","3","4","7","-/-","-","-/-","-","-","0-0","-/-","-","-","-","-","-","away",718
2013,"University of Redlands","defense","Justin Butler","2","4","6","1.0/2","1.0","-/-","-","-","0-0","-/-","-","-","-","-","-","away",718
2013,"University of Redlands","defense","Trevor Manly","2","3","5","-/-","-","-/-","-","-","0-0","-/-","-","-","-","-","-","away",718
2013,"University of Redlands","defense","Dj Dawson Jr","2","2","4","-/-","-","-/-","-","-","0-0","-/-","-","-","-","-","-","away",718
2013,"University of Redlands","defense","Clayton Dobbs","2","2","4","-/-","-","-/-","-","-","0-0","-/-","-","-","-","-","-","away",718
2013,"University of Redlands","defense","A. Rodriguez","2","2","4","-/-","-","-/-","-","-","0-1","1/-","-","-","-","-","-","away",718
2013,"University of Redlands","defense","Stephen Reyes","2","1","3","-/-","-","-/-","-","-","0-0","-/-","1-0","1","1","-","-","away",718
2013,"University of Redlands","defense","David Woolbert","1","2","3","-/-","-","-/-","-","-","0-0","-/-","-","-","-","-","-","away",718
2013,"University of Redlands","defense","M. Betancourt","1","2","3","-/-","-","-/-","-","-","0-0","-/-","-","-","-","-","-","away",718
2013,"University of Redlands","defense","J. Hobbs","2","-","2","-/-","-","-/-","-","-","0-0","-/-","-","-","-","-","-","away",718
2013,"University of Redlands","defense","Michael Dariano","2","-","2","-/-","-","-/-","-","-","0-0","-/-","-","-","-","-","-","away",718
2013,"University of Redlands","defense","Alec Goodman","-","2","2","-/-","-","-/-","-","-","0-0","-/-","-","-","-","-","-","away",718
2013,"University of Redlands","defense","Jordan Bixler","-","2","2","0.5/2","0.5","0.5/2","0.5","-","0-0","-/-","-","-","-","-","-","away",718
2013,"University of Redlands","defense","Daniel Kane","1","1","2","-/-","-","-/-","-","-","0-0","-/-","-","-","-","-","-","away",718
2013,"University of Redlands","defense","Curran Fudge","1","1","2","-/-","-","-/-","-","-","0-0","-/-","-","-","-","-","-","away",718
2013,"University of Redlands","defense","James Ramirez","1","-","1","-/-","-","-/-","-","-","0-0","-/-","-","-","-","-","-","away",718
2013,"University of Redlands","defense","Brandon Morris","-","1","1","0.5/2","0.5","0.5/2","0.5","-","0-0","-/-","-","-","-","-","-","away",718
2013,"University of Redlands","defense","Nick Kido","-","1","1","-/-","-","-/-","-","-","0-0","-/-","-","-","1","-","-","away",718
2013,"University of Redlands","defense","Trevor Glaser","-","1","1","-/-","-","-/-","-","-","0-0","-/-","-","-","-","-","-","away",718
2013,"University of Redlands","defense","Connor Hoffman","-","1","1","-/-","-","-/-","-","-","0-0","-/-","1-24","1","-","-","-","away",718
2013,"University of Redlands","defense","Caleb Lenard","-","1","1","-/-","-","-/-","-","-","0-0","-/-","-","-","-","-","-","away",718
2013,"University of Redlands","defense","Alex Lowes","-","1","1","-/-","-","-/-","-","-","0-0","-/-","-","-","-","-","-","away",718
2013,"University of Redlands","defense","Tyler Ewing","1","-","1","-/-","-","-/-","-","-","0-0","-/-","-","-","-","-","-","away",718
2013,"University of Redlands","defense","Mike Khoury","-","1","1","-/-","-","-/-","-","-","0-0","-/-","-","-","-","-","-","away",718
2013,"University of Redlands","defense","A. Hardaway","-","1","1","-/-","-","-/-","-","-","0-0","-/-","-","-","-","-","-","away",718
2013,"University of Redlands","defense","Ishmal Bartley","-","1","1","-/-","-","-/-","-","-","0-0","-/-","-","-","-","-","-","away",718
2013,"University of Redlands","defense","Zachary Black","-","1","1","-/-","-","-/-","-","-","0-0","-/-","-","-","-","-","-","away",718
2013,"Whittier College","defense","M. Blow","3","12","15","0.5/1","0.5","-/-","-","-","0-0","-/-","-","-","1","-","-","home",717
2013,"Whittier College","defense","A. Brasher","2","8","10","1.0/2","1.0","-/-","-","-","0-0","-/-","-","-","1","-","-","home",717
2013,"Whittier College","defense","B. Thomas","5","4","9","-/-","-","-/-","-","-","0-0","-/-","-","-","1","-","-","home",717
2013,"Whittier College","defense","N. Poole","2","7","9","2.0/16","2.0","1.0/8","1.0","-","0-0","-/-","-","-","-","-","-","home",717
2013,"Whittier College","defense","T. Phillips","3","5","8","2.5/3","2.5","-/-","-","-","0-0","-/-","-","-","-","-","-","home",717
2013,"Whittier College","defense","M. Guzman","2","6","8","1.0/1","1.0","-/-","-","-","0-0","-/-","-","-","1","-","-","home",717
2013,"Whittier College","defense","N. Alcantar","3","5","8","1.0/1","1.0","-/-","-","-","0-0","-/-","-","-","-","-","-","home",717
2013,"Whittier College","defense","K. Kanoa","1","7","8","0.5/1","0.5","-/-","-","-","0-0","-/-","-","-","-","-","-","home",717
2013,"Whittier College","defense","J. Gutierrez","1","6","7","0.5/2","0.5","-/-","-","-","0-0","-/-","-","-","-","-","-","home",717
2013,"Whittier College","defense","A. Ford","-","5","5","-/-","-","-/-","-","-","0-0","-/-","-","-","-","-","-","home",717
2013,"Whittier College","defense","N. Blaikie","1","3","4","2.0/7","2.0","-/-","-","-","0-0","-/-","-","-","-","-","-","home",717
2013,"Whittier College","defense","T. St. Marie","1","2","3","-/-","-","-/-","-","-","0-0","-/-","-","-","-","-","-","home",717
2013,"Whittier College","defense","J. Pride","2","-","2","1.0/5","1.0","-/-","-","-","0-0","-/-","-","-","2","-","-","home",717
2013,"Whittier College","defense","L. Paredes","1","1","2","-/-","-","-/-","-","-","0-0","-/-","-","-","-","-","-","home",717
2013,"Whittier College","defense","L. Mena","-","2","2","-/-","-","-/-","-","-","0-0","-/-","-","-","-","-","-","home",717
2013,"Whittier College","defense","D. Villasenor","1","1","2","-/-","-","-/-","-","-","0-0","-/-","-","-","-","-","-","home",717
2013,"Whittier College","defense","J. Bettencourt","-","2","2","-/-","-","-/-","-","-","0-0","-/-","-","-","-","-","-","home",717
2013,"Whittier College","defense","J. Timmons","-","1","1","-/-","-","-/-","-","-","0-0","-/-","-","-","-","-","-","home",717
2013,"Whittier College","defense","G. Verdugo","-","1","1","-/-","-","-/-","-","-","0-0","-/-","-","-","-","-","-","home",717
2013,"Whittier College","defense","A.J. Herrera","7","12","19","1.0/-","1.0","-/-","-","-","0-0","-/-","-","-","-","-","-","away",717
2013,"Whittier College","defense","Joey Liekweg","2","8","10","-/-","-","-/-","-","-","0-0","-/-","-","-","1","-","-","away",717
2013,"Whittier College","defense","Max Winsberg","3","7","10","0.5/1","0.5","-/-","-","1","1-0","-/-","-","-","-","-","-","away",717
2013,"Whittier College","defense","Paul Slaats","2","7","9","0.5/1","0.5","-/-","-","-","0-0","-/-","-","-","-","-","-","away",717
2013,"Whittier College","defense","Gator Adams","-","8","8","1.5/9","1.5","0.5/4","0.5","-","0-0","-/-","-","-","-","-","-","away",717
2013,"Whittier College","defense","Alex Chang","2","5","7","2.5/8","2.5","0.5/3","0.5","-","0-0","-/-","-","-","-","-","-","away",717
2013,"Whittier College","defense","James Ingram","2","3","5","-/-","-","-/-","-","-","0-0","-/-","-","-","-","-","-","away",717
2013,"Whittier College","defense","Nick Nasse","3","2","5","2.0/3","2.0","-/-","-","-","0-0","-/-","-","-","-","-","-","away",717
2013,"Whittier College","defense","Eduardo Ramirez","1","3","4","-/-","-","-/-","-","-","0-0","-/-","-","-","-","-","-","away",717
2013,"Whittier College","defense","J. Schattenkirk","-","4","4","-/-","-","-/-","-","-","0-0","-/-","-","-","-","-","-","away",717
2013,"Whittier College","defense","Tiger Brown","-","3","3","-/-","-","-/-","-","-","0-0","-/-","-","-","-","-","-","away",717
2013,"Whittier College","defense","Andrew Sova","-","3","3","-/-","-","-/-","-","-","0-0","-/-","-","-","-","-","-","away",717
2013,"Whittier College","defense","Phil Crawford","1","1","2","-/-","-","-/-","-","-","0-0","-/-","-","-","-","-","-","away",717
2013,"Whittier College","defense","Ugo Nwasike","-","2","2","-/-","-","-/-","-","-","0-0","-/-","-","-","-","-","-","away",717
2013,"Whittier College","defense","Kris Otterholt","-","1","1","-/-","-","-/-","-","-","0-0","-/-","-","-","-","-","-","away",717
2013,"Whittier College","defense","Chris Fang","-","1","1","-/-","-","-/-","-","-","0-0","-/-","-","-","-","-","-","away",717
2013,"Whittier College","defense","Jon Finkelstein","1","-","1","-/-","-","-/-","-","-","0-0","-/-","-","-","-","-","-","away",717
2013,"Whittier College","defense","Caleb Cunha","1","-","1","-/-","-","-/-","-","-","0-0","-/-","-","-","-","-","-","away",717
2013,"Whittier College","defense","Andrew Scott","1","-","1","-/-","-","-/-","-","-","0-0","-/-","-","-","-","-","-","away",717
2013,"Whittier College","defense","Austin Crist","-","1","1","-/-","-","-/-","-","-","0-0","-/-","-","-","-","-","-","away",717
2013,"Whittier College","defense","Peter Clancy","-","1","1","-/-","-","-/-","-","-","0-0","-/-","-","-","-","-","-","away",717
2013,"Whittier College","defense","TEAM","-","-","-","-/-","-","-/-","-","-","0-1","1/-","-","-","-","-","-","away",717
2014,"Cal Lutheran University","defense","Max Winsberg","8","5","13","2.0/21","2.0","2.0/21","2.0","-","0-0","-/-","-","-","-","-","-","home",7519
2014,"Cal Lutheran University","defense","Tiger Brown","8","4","12","-/-","-","-/-","-","-","0-0","-/-","-","-","-","-","-","home",7519
2014,"Cal Lutheran University","defense","A.J. Herrera","4","6","10","0.5/1","0.5","-/-","-","-","0-0","-/-","-","-","-","-","-","home",7519
2014,"Cal Lutheran University","defense","Eduardo Ramirez","5","3","8","2.0/4","2.0","1.0/1","1.0","-","0-0","-/-","-","-","-","1","-","home",7519
2014,"Cal Lutheran University","defense","Victor Bunce","6","2","8","-/-","-","-/-","-","-","0-0","-/-","1-15","1","2","-","-","home",7519
2014,"Cal Lutheran University","defense","Geno Quaid","3","3","6","-/-","-","-/-","-","-","0-0","-/-","1-20","1","-","-","-","home",7519
2014,"Cal Lutheran University","defense","Will Shannon","2","2","4","-/-","-","-/-","-","-","0-0","-/-","-","-","-","-","-","home",7519
2014,"Cal Lutheran University","defense","Henry Wei","-","4","4","0.5/-","0.5","-/-","-","-","0-0","-/-","-","-","-","-","-","home",7519
2014,"Cal Lutheran University","defense","Paul Slaats","3","1","4","0.5/1","0.5","-/-","-","-","0-0","-/-","-","-","-","-","-","home",7519
2014,"Cal Lutheran University","defense","Gator Adams","1","2","3","-/-","-","-/-","-","-","0-0","-/-","-","-","-","-","-","home",7519
2014,"Cal Lutheran University","defense","Alex Chang","2","1","3","-/-","-","-/-","-","-","0-0","-/-","-","-","1","-","-","home",7519
2014,"Cal Lutheran University","defense","Brendan MacDonald","1","2","3","-/-","-","-/-","-","-","0-0","-/-","-","-","-","-","-","home",7519
2014,"Cal Lutheran University","defense","Wyatt Rouser","-","2","2","0.5/-","0.5","-/-","-","-","0-0","-/-","-","-","-","-","-","home",7519
2014,"Cal Lutheran University","defense","Nick Nasse","1","1","2","-/-","-","-/-","-","-","0-0","-/-","-","-","-","1","-","home",7519
2014,"Cal Lutheran University","defense","Chris Fang","-","1","1","-/-","-","-/-","-","-","0-0","-/-","-","-","-","-","-","home",7519
2014,"Cal Lutheran University","defense","Robby Weissenfels","1","-","1","-/-","-","-/-","-","-","0-0","-/-","-","-","-","-","-","home",7519
2014,"Cal Lutheran University","defense","Austin Crist","-","1","1","-/-","-","-/-","-","-","0-0","-/-","-","-","-","-","-","home",7519
2014,"Cal Lutheran University","defense","TEAM","-","-","-","-/-","-","-/-","-","-","0-0","-/-","-","-","-","-","-","home",7519
2014,"Cal Lutheran University","defense","Ronny Camacho","6","3","9","0.5/1","0.5","-/-","-","-","0-0","-/-","-","-","-","-","-","away",7519
2014,"Cal Lutheran University","defense","Trevor Roe","5","1","6","-/-","-","-/-","-","-","0-0","-/-","-","-","-","-","-","away",7519
2014,"Cal Lutheran University","defense","Robert Foy","4","2","6","0.5/1","0.5","-/-","-","-","0-0","-/-","-","-","-","-","-","away",7519
2014,"Cal Lutheran University","defense","Maxwell Richman","3","3","6","2.0/3","2.0","-/-","-","-","0-0","-/-","-","-","-","-","-","away",7519
2014,"Cal Lutheran University","defense","Eddie Flores","4","1","5","-/-","-","-/-","-","-","0-0","-/-","-","-","-","-","-","away",7519
2014,"Cal Lutheran University","defense","Erron Christmas","4","-","4","-/-","-","-/-","-","-","0-0","-/-","-","-","-","-","-","away",7519
2014,"Cal Lutheran University","defense","Josh Heidemann","2","1","3","1.0/1","1.0","-/-","-","-","0-0","-/-","-","-","-","-","-","away",7519
2014,"Cal Lutheran University","defense","Xavier Fuery","3","-","3","-/-","-","-/-","-","-","0-0","-/-","-","-","-","-","-","away",7519
2014,"Cal Lutheran University","defense","Steven David","3","-","3","2.0/5","2.0","-/-","-","-","0-0","-/-","-","-","-","-","-","away",7519
2014,"Cal Lutheran University","defense","Trent Turner","1","1","2","-/-","-","-/-","-","1","1-0","-/-","-","-","-","-","-","away",7519
2014,"Cal Lutheran University","defense","Lucas Quinn","1","1","2","-/-","-","-/-","-","-","0-0","-/-","-","-","-","-","-","away",7519
2014,"Cal Lutheran University","defense","Nathaniel Thompson","2","-","2","-/-","-","-/-","-","-","0-0","-/-","-","-","-","-","-","away",7519
2014,"Cal Lutheran University","defense","Randall Shumpert Jr.","1","-","1","-/-","-","-/-","-","-","0-0","-/-","-","-","-","-","-","away",7519
2014,"Cal Lutheran University","defense","Corey Lee","1","-","1","-/-","-","-/-","-","-","0-0","-/-","-","-","-","-","-","away",7519
2014,"Cal Lutheran University","defense","Sean Bellotti","1","-","1","-/-","-","-/-","-","-","0-0","-/-","-","-","-","-","-","away",7519
2014,"Cal Lutheran University","defense","Cam Washington","1","-","1","-/-","-","-/-","-","-","0-0","-/-","-","-","-","-","-","away",7519
2014,"Cal Lutheran University","defense","Logan Sanders","1","-","1","-/-","-","-/-","-","-","0-0","-/-","-","-","-","-","-","away",7519
2014,"Cal Lutheran University","defense","Auston Kniseley","-","1","1","-/-","-","-/-","-","-","0-0","-/-","-","-","-","-","-","away",7519
2014,"Cal Lutheran University","defense","Jordan De Leon","-","-","-","-/-","-","-/-","-","-","0-1","1/-","-","-","-","-","-","away",7519
2014,"Chapman University","defense","Max Winsberg","10","4","14","-/-","-","-/-","-","-","0-0","-/-","-","-","-","-","-","home",7515
2014,"Chapman University","defense","A.J. Herrera","8","5","13","1.0/1","1.0","-/-","-","-","0-0","-/-","1-11","1","-","-","-","home",7515
2014,"Chapman University","defense","Griffin Lazarus","6","1","7","0.5/-","0.5","-/-","-","-","0-0","-/-","-","-","-","-","-","home",7515
2014,"Chapman University","defense","Nick Nasse","6","1","7","-/-","-","-/-","-","-","0-0","-/-","-","-","1","1","-","home",7515
2014,"Chapman University","defense","Paul Slaats","5","1","6","0.5/1","0.5","-/-","-","-","0-0","-/-","-","-","-","-","-","home",7515
2014,"Chapman University","defense","Eduardo Ramirez","3","2","5","-/-","-","-/-","-","-","0-0","-/-","-","-","-","-","-","home",7515
2014,"Chapman University","defense","James Ingram","4","1","5","1.0/3","1.0","-/-","-","-","0-0","-/-","-","-","-","-","-","home",7515
2014,"Chapman University","defense","Andrew Sova","2","2","4","-/-","-","-/-","-","-","0-0","-/-","-","-","-","-","-","home",7515
2014,"Chapman University","defense","Gator Adams","2","1","3","-/-","-","-/-","-","-","0-0","-/-","-","-","-","-","-","home",7515
2014,"Chapman University","defense","Henry Wei","2","1","3","-/-","-","-/-","-","-","0-0","-/-","-","-","-","-","-","home",7515
2014,"Chapman University","defense","Andrew Frick","1","2","3","-/-","-","-/-","-","-","0-0","-/-","-","-","-","-","-","home",7515
2014,"Chapman University","defense","Tiger Brown","2","-","2","-/-","-","-/-","-","-","0-0","-/-","-","-","1","-","-","home",7515
2014,"Chapman University","defense","Victor Bunce","2","-","2","-/-","-","-/-","-","-","0-0","-/-","-","-","1","-","-","home",7515
2014,"Chapman University","defense","Chris Fang","1","-","1","-/-","-","-/-","-","-","0-0","-/-","-","-","-","-","-","home",7515
2014,"Chapman University","defense","Sam Healy","1","-","1","-/-","-","-/-","-","-","0-0","-/-","-","-","-","-","-","home",7515
2014,"Chapman University","defense","Matthew Aven","1","-","1","-/-","-","-/-","-","-","0-0","-/-","-","-","-","-","-","home",7515
2014,"Chapman University","defense","Jake Glasser","-","1","1","-/-","-","-/-","-","-","0-0","-/-","-","-","-","-","-","home",7515
2014,"Chapman University","defense","Will Shannon","1","-","1","-/-","-","-/-","-","-","0-0","-/-","-","-","-","-","-","home",7515
2014,"Chapman University","defense","Greg Johnson","4","-","4","1.0/2","1.0","-/-","-","-","0-0","-/-","-","-","-","-","-","away",7515
2014,"Chapman University","defense","Osayande Aikhionbare","1","3","4","1.0/3","1.0","-/-","-","-","0-0","-/-","-","-","-","-","-","away",7515
2014,"Chapman University","defense","Sam Layton","3","1","4","1.0/2","1.0","-/-","-","1","1-0","-/-","-","-","-","-","-","away",7515
2014,"Chapman University","defense","Drew DeMarco","3","1","4","2.0/6","2.0","-/-","-","-","0-0","-/-","1-0","1","-","-","-","away",7515
2014,"Chapman University","defense","Connor Larkin","3","1","4","-/-","-","-/-","-","-","0-0","-/-","-","-","-","-","-","away",7515
2014,"Chapman University","defense","Miles Ahles","4","-","4","2.0/3","2.0","-/-","-","-","0-0","-/-","-","-","-","-","-","away",7515
2014,"Chapman University","defense","Devin Kelly","3","-","3","-/-","-","-/-","-","-","0-0","-/-","-","-","-","-","-","away",7515
2014,"Chapman University","defense","Sean Davis","3","-","3","-/-","-","-/-","-","1","1-1","1/-","-","-","-","-","-","away",7515
2014,"Chapman University","defense","Garrett Frediani","2","1","3","2.0/9","2.0","2.0/9","2.0","-","0-0","-/-","-","-","-","-","-","away",7515
2014,"Chapman University","defense","Nick Mingione","2","-","2","1.0/1","1.0","-/-","-","-","0-0","-/-","-","-","1","-","-","away",7515
2014,"Chapman University","defense","Giuliano McDonald","1","1","2","-/-","-","-/-","-","-","0-0","-/-","-","-","1","-","-","away",7515
2014,"Chapman University","defense","Sean Davey","1","-","1","1.0/3","1.0","-/-","-","-","0-0","-/-","-","-","-","-","-","away",7515
2014,"Chapman University","defense","Lucas Alfonso","1","-","1","-/-","-","-/-","-","-","0-0","-/-","-","-","-","-","-","away",7515
2014,"Chapman University","defense","Liam Lambert","1","-","1","-/-","-","-/-","-","-","0-0","-/-","-","-","-","-","-","away",7515
2014,"Chapman University","defense","Aldez Quartz","1","-","1","-/-","-","-/-","-","-","0-0","-/-","-","-","-","-","-","away",7515
2014,"Chapman University","defense","Connor Lambert","1","-","1","-/-","-","-/-","-","-","0-0","-/-","-","-","-","-","-","away",7515
2014,"Chapman University","defense","Rami Hanna","1","-","1","-/-","-","-/-","-","-","0-0","-/-","-","-","-","-","-","away",7515
2014,"Chapman University","defense","Devin Ray","1","-","1","-/-","-","-/-","-","-","0-0","-/-","-","-","-","-","-","away",7515
2014,"Chapman University","defense","Cole Wilbourn","1","-","1","-/-","-","-/-","-","-","0-0","-/-","-","-","-","-","-","away",7515
2014,"Chapman University","defense","Ryan Coser","1","-","1","-/-","-","-/-","-","-","0-0","-/-","-","-","-","-","-","away",7515
2014,"Chapman University","defense","Chris Hicks","1","-","1","-/-","-","-/-","-","-","0-0","-/-","-","-","-","-","-","away",7515
2014,"Chapman University","defense","Eddie Wadors","1","-","1","-/-","-","-/-","-","-","0-0","-/-","-","-","-","-","-","away",7515
2014,"Chapman University","defense","Joey Livingston","1","-","1","-/-","-","-/-","-","-","0-0","-/-","-","-","-","-","-","away",7515
2014,"La Verne University","defense","A.J. Herrera","5","4","9","-/-","-","-/-","-","-","0-0","-/-","-","-","-","-","-","home",7516
2014,"La Verne University","defense","Griffin Lazarus","3","4","7","-/-","-","-/-","-","1","1-1","1/-","-","-","-","-","-","home",7516
2014,"La Verne University","defense","Max Winsberg","3","3","6","-/-","-","-/-","-","-","0-0","-/-","-","-","-","-","-","home",7516
2014,"La Verne University","defense","Tiger Brown","5","-","5","-/-","-","-/-","-","-","0-0","-/-","-","-","-","-","-","home",7516
2014,"La Verne University","defense","Victor Bunce","5","-","5","-/-","-","-/-","-","-","0-0","-/-","-","-","2","-","-","home",7516
2014,"La Verne University","defense","Eduardo Ramirez","2","2","4","-/-","-","-/-","-","-","0-0","-/-","-","-","-","-","-","home",7516
2014,"La Verne University","defense","Robby Weissenfels","3","1","4","-/-","-","-/-","-","-","0-0","-/-","-","-","-","-","-","home",7516
2014,"La Verne University","defense","Henry Wei","1","3","4","1.5/3","1.5","-/-","-","-","0-0","-/-","-","-","-","-","-","home",7516
2014,"La Verne University","defense","Andrew Sova","-","3","3","0.5/2","0.5","-/-","-","-","0-0","-/-","-","-","-","-","-","home",7516
2014,"La Verne University","defense","Nick Nasse","-","3","3","-/-","-","-/-","-","-","0-0","-/-","-","-","-","-","-","home",7516
2014,"La Verne University","defense","Will Shannon","1","1","2","-/-","-","-/-","-","-","0-0","-/-","-","-","1","-","-","home",7516
2014,"La Verne University","defense","Andrew Frick","2","-","2","1.0/3","1.0","-/-","-","-","0-0","-/-","-","-","-","-","-","home",7516
2014,"La Verne University","defense","Chris Fang","1","-","1","-/-","-","-/-","-","-","0-0","-/-","-","-","-","-","-","home",7516
2014,"La Verne University","defense","Trey Smith","1","-","1","-/-","-","-/-","-","-","0-0","-/-","-","-","-","-","-","home",7516
2014,"La Verne University","defense","Sam Healy","1","-","1","-/-","-","-/-","-","-","0-0","-/-","-","-","-","-","-","home",7516
2014,"La Verne University","defense","Trey Reynolds","1","-","1","-/-","-","-/-","-","-","0-0","-/-","-","-","-","-","-","home",7516
2014,"La Verne University","defense","James Ingram","-","1","1","-/-","-","-/-","-","-","0-0","-/-","1-0","1","-","-","-","home",7516
2014,"La Verne University","defense","Geno Quaid","1","-","1","-/-","-","-/-","-","-","0-0","-/-","-","-","-","-","-","home",7516
2014,"La Verne University","defense","Matthew Aven","1","-","1","-/-","-","-/-","-","-","0-0","-/-","-","-","-","-","-","home",7516
2014,"La Verne University","defense","Matthew Orehek","1","-","1","-/-","-","-/-","-","-","0-0","-/-","-","-","-","-","-","home",7516
2014,"La Verne University","defense","Brendan MacDonald","1","-","1","-/-","-","-/-","-","-","0-0","-/-","-","-","-","-","-","home",7516
2014,"La Verne University","defense","Patrick Dixon","1","-","1","-/-","-","-/-","-","-","0-0","-/-","-","-","-","-","-","home",7516
2014,"La Verne University","defense","Paul Slaats","-","1","1","-/-","-","-/-","-","-","0-0","-/-","-","-","-","-","-","home",7516
2014,"La Verne University","defense","Manuel Macias","7","2","9","-/-","-","-/-","-","-","0-0","-/-","-","-","1","-","-","away",7516
2014,"La Verne University","defense","Christian Lozon","4","4","8","1.5/2","1.5","-/-","-","-","0-0","-/-","-","-","-","-","-","away",7516
2014,"La Verne University","defense","Michael Frias","6","2","8","5.0/16","5.0","1.0/6","1.0","1","1-0","-/-","-","-","-","-","-","away",7516
2014,"La Verne University","defense","Alejandro Restrepo","6","-","6","3.0/6","3.0","-/-","-","-","0-0","-/-","-","-","-","-","-","away",7516
2014,"La Verne University","defense","Carvante Hill","3","2","5","-/-","-","-/-","-","-","0-0","-/-","-","-","-","-","-","away",7516
2014,"La Verne University","defense","Connor Truhitte","3","2","5","-/-","-","-/-","-","-","0-0","-/-","1-48","1","-","-","-","away",7516
2014,"La Verne University","defense","Blayr Stone","3","1","4","-/-","-","-/-","-","-","0-0","-/-","-","-","-","-","-","away",7516
2014,"La Verne University","defense","Lorenzo Marks","4","-","4","-/-","-","-/-","-","-","0-0","-/-","-","-","-","-","-","away",7516
2014,"La Verne University","defense","Aj Johnson","3","1","4","-/-","-","-/-","-","-","0-0","-/-","-","-","-","-","-","away",7516
2014,"La Verne University","defense","Stephen Prescott","4","-","4","1.0/3","1.0","1.0/3","1.0","-","0-0","-/-","-","-","-","-","-","away",7516
2014,"La Verne University","defense","Grant Potter","3","1","4","-/-","-","-/-","-","-","0-0","-/-","-","-","-","-","-","away",7516
2014,"La Verne University","defense","Nik Gutierrez","1","2","3","1.5/7","1.5","-/-","-","-","0-0","-/-","-","-","1","-","-","away",7516
2014,"La Verne University","defense","Kason Kennedy","2","-","2","-/-","-","-/-","-","-","0-0","-/-","-","-","-","-","-","away",7516
2014,"La Verne University","defense","Anthony Penalber","-","2","2","-/-","-","-/-","-","-","0-0","-/-","-","-","-","-","-","away",7516
2014,"La Verne University","defense","Matt Canlas","1","1","2","-/-","-","-/-","-","-","0-0","-/-","-","-","-","-","-","away",7516
2014,"La Verne University","defense","Anthony Arguello","1","-","1","-/-","-","-/-","-","-","0-0","-/-","-","-","-","-","-","away",7516
2014,"La Verne University","defense","George Evans","1","-","1","-/-","-","-/-","-","-","0-0","-/-","-","-","-","-","-","away",7516
2014,"La Verne University","defense","Brian Okereke","1","-","1","-/-","-","-/-","-","-","0-0","-/-","-","-","-","-","-","away",7516
2014,"La Verne University","defense","Austin Boggan","1","-","1","-/-","-","-/-","-","-","0-0","-/-","-","-","-","-","-","away",7516
2014,"La Verne University","defense","Dalton Johnson","1","-","1","-/-","-","-/-","-","-","0-0","-/-","-","-","-","-","-","away",7516
2014,"La Verne University","defense","Matthew Nishanian","1","-","1","-/-","-","-/-","-","-","0-0","-/-","-","-","-","-","-","away",7516
2014,"Lewis and Clark College","defense","Max Winsberg","4","4","8","1.0/13","1.0","-/-","-","-","0-0","-/-","2-42","2","-","-","-","home",7514
2014,"Lewis and Clark College","defense","Nick Nasse","6","1","7","-/-","-","-/-","-","-","0-0","-/-","-","-","-","-","-","home",7514
2014,"Lewis and Clark College","defense","A.J. Herrera","5","2","7","-/-","-","-/-","-","-","0-0","-/-","-","-","-","-","-","home",7514
2014,"Lewis and Clark College","defense","James Ingram","4","2","6","-/-","-","-/-","-","-","0-0","-/-","-","-","1","-","-","home",7514
2014,"Lewis and Clark College","defense","Victor Bunce","3","2","5","-/-","-","-/-","-","-","0-0","-/-","-","-","-","-","-","home",7514
2014,"Lewis and Clark College","defense","Andrew Sova","3","1","4","-/-","-","-/-","-","-","0-0","-/-","-","-","-","-","-","home",7514
2014,"Lewis and Clark College","defense","Andrew Frick","4","-","4","-/-","-","-/-","-","-","0-0","-/-","-","-","-","-","-","home",7514
2014,"Lewis and Clark College","defense","Griffin Lazarus","1","2","3","-/-","-","-/-","-","-","0-0","-/-","-","-","-","-","-","home",7514
2014,"Lewis and Clark College","defense","Wyatt Rouser","2","1","3","-/-","-","-/-","-","-","0-0","-/-","-","-","-","-","-","home",7514
2014,"Lewis and Clark College","defense","Henry Wei","3","-","3","1.0/1","1.0","-/-","-","-","0-0","-/-","1-0","1","-","-","-","home",7514
2014,"Lewis and Clark College","defense","Brendan MacDonald","1","2","3","-/-","-","-/-","-","-","0-0","-/-","-","-","-","-","-","home",7514
2014,"Lewis and Clark College","defense","Paul Slaats","2","1","3","2.0/7","2.0","1.0/6","1.0","-","0-0","-/-","-","-","-","-","-","home",7514
2014,"Lewis and Clark College","defense","Eduardo Ramirez","1","1","2","-/-","-","-/-","-","-","0-0","-/-","-","-","-","-","-","home",7514
2014,"Lewis and Clark College","defense","Geno Quaid","1","1","2","-/-","-","-/-","-","-","0-0","-/-","-","-","-","-","-","home",7514
2014,"Lewis and Clark College","defense","Jon Finkelstein","1","1","2","-/-","-","-/-","-","-","0-0","-/-","-","-","1","-","-","home",7514
2014,"Lewis and Clark College","defense","Matthew Orehek","2","-","2","-/-","-","-/-","-","-","0-0","-/-","-","-","-","-","-","home",7514
2014,"Lewis and Clark College","defense","Chris Fang","1","-","1","-/-","-","-/-","-","-","0-0","-/-","-","-","-","-","-","home",7514
2014,"Lewis and Clark College","defense","Sam Healy","-","1","1","-/-","-","-/-","-","-","0-0","-/-","-","-","-","-","-","home",7514
2014,"Lewis and Clark College","defense","Robby Weissenfels","-","1","1","-/-","-","-/-","-","-","0-0","-/-","-","-","-","-","-","home",7514
2014,"Lewis and Clark College","defense","Connor Stastney","1","-","1","-/-","-","-/-","-","-","0-0","-/-","-","-","-","-","-","home",7514
2014,"Lewis and Clark College","defense","Gator Adams","1","-","1","-/-","-","-/-","-","-","0-0","-/-","-","-","1","-","-","home",7514
2014,"Lewis and Clark College","defense","Jake Glasser","-","1","1","-/-","-","-/-","-","-","0-0","-/-","-","-","-","-","-","home",7514
2014,"Lewis and Clark College","defense","Will Shannon","-","1","1","-/-","-","-/-","-","-","0-0","-/-","-","-","3","-","-","home",7514
2014,"Lewis and Clark College","defense","Jared Schattenkerk","-","1","1","-/-","-","-/-","-","-","0-0","-/-","-","-","-","-","-","home",7514
2014,"Lewis and Clark College","defense","Andrew Traver","6","4","10","1.0/2","1.0","-/-","-","-","0-0","-/-","-","-","-","-","-","away",7514
2014,"Lewis and Clark College","defense","Josh Cena","5","3","8","-/-","-","-/-","-","-","0-0","-/-","-","-","-","-","-","away",7514
2014,"Lewis and Clark College","defense","Stein Retzlaff","8","-","8","-/-","-","-/-","-","-","0-0","-/-","-","-","-","-","-","away",7514
2014,"Lewis and Clark College","defense","Roy Taylor","6","1","7","1.0/2","1.0","-/-","-","-","0-0","-/-","-","-","-","-","-","away",7514
2014,"Lewis and Clark College","defense","Siosifa Tonga","4","-","4","-/-","-","-/-","-","-","0-0","-/-","-","-","-","-","-","away",7514
2014,"Lewis and Clark College","defense","Curtis Shirey","3","1","4","-/-","-","-/-","-","-","0-0","-/-","-","-","-","-","-","away",7514
2014,"Lewis and Clark College","defense","Blake Garrison","1","2","3","-/-","-","-/-","-","-","0-0","-/-","-","-","-","-","-","away",7514
2014,"Lewis and Clark College","defense","Alex Fitch","2","1","3","-/-","-","-/-","-","-","0-1","1/-","-","-","-","-","-","away",7514
2014,"Lewis and Clark College","defense","Dylan Stacy","2","-","2","2.0/12","2.0","1.0/9","1.0","-","0-0","-/-","-","-","-","-","-","away",7514
2014,"Lewis and Clark College","defense","Mario Delegato","1","1","2","-/-","-","-/-","-","-","0-0","-/-","-","-","-","-","-","away",7514
2014,"Lewis and Clark College","defense","Jake Anderson","2","-","2","1.0/9","1.0","1.0/9","1.0","1","1-0","-/-","-","-","-","-","-","away",7514
2014,"Lewis and Clark College","defense","John McClenny","2","-","2","1.0/2","1.0","-/-","-","-","0-0","-/-","-","-","-","-","-","away",7514
2014,"Lewis and Clark College","defense","Harrison Forch","1","1","2","-/-","-","-/-","-","-","0-0","-/-","-","-","-","-","-","away",7514
2014,"Lewis and Clark College","defense","Cody Rochon","1","-","1","-/-","-","-/-","-","-","0-0","-/-","-","-","-","-","-","away",7514
2014,"Lewis and Clark College","defense","Brennan Wortmann","1","-","1","-/-","-","-/-","-","-","0-0","-/-","-","-","-","-","-","away",7514
2014,"Lewis and Clark College","defense","Remington Campbell","1","-","1","-/-","-","-/-","-","-","0-0","-/-","-","-","-","-","-","away",7514
2014,"Lewis and Clark College","defense","Henry Lemus","1","-","1","-/-","-","-/-","-","-","0-0","-/-","-","-","-","-","-","away",7514
2014,"Lewis and Clark College","defense","Colby Mazzuca","1","-","1","-/-","-","-/-","-","-","0-0","-/-","-","-","-","-","-","away",7514
2014,"Lewis and Clark College","defense","Patrick Blaylock","1","-","1","-/-","-","-/-","-","-","0-0","-/-","-","-","-","-","-","away",7514
2014,"Lewis and Clark College","defense","Sean Magraw","1","-","1","-/-","-","-/-","-","-","0-0","-/-","-","-","-","-","-","away",7514
2014,"Occidental College","defense","Matthew Mulvehill","4","6","10","-/-","-","-/-","-","-","0-0","-/-","-","-","-","-","-","home",7518
2014,"Occidental College","defense","Devin Chapman","6","3","9","1.5/8","1.5","-/-","-","-","0-0","-/-","-","-","-","-","-","home",7518
2014,"Occidental College","defense","Aaron Noffke","3","5","8","3.0/14","3.0","2.0/14","2.0","-","0-0","-/-","-","-","-","-","-","home",7518
2014,"Occidental College","defense","Nicholas McHugh","4","3","7","-/-","-","-/-","-","-","0-0","-/-","-","-","-","-","-","home",7518
2014,"Occidental College","defense","Marcus McDuffie","2","4","6","-/-","-","-/-","-","-","0-0","-/-","-","-","-","-","-","home",7518
2014,"Occidental College","defense","Adam Goltche","4","1","5","0.5/1","0.5","-/-","-","-","0-0","-/-","-","-","-","-","-","home",7518
2014,"Occidental College","defense","Shay Mueller","4","1","5","-/-","-","-/-","-","-","0-0","-/-","-","-","1","-","-","home",7518
2014,"Occidental College","defense","Evan Buckwalter","4","1","5","-/-","-","-/-","-","-","0-0","-/-","-","-","-","-","-","home",7518
2014,"Occidental College","defense","Ross Fiegener","3","1","4","-/-","-","-/-","-","-","0-0","-/-","-","-","-","-","-","home",7518
2014,"Occidental College","defense","Dallas Gosselin","3","1","4","1.5/4","1.5","1.0/2","1.0","-","0-0","-/-","-","-","-","-","-","home",7518
2014,"Occidental College","defense","Casey Dudley","2","1","3","-/-","-","-/-","-","-","0-0","-/-","-","-","-","-","-","home",7518
2014,"Occidental College","defense","Chaz Shizumura","3","-","3","-/-","-","-/-","-","-","0-0","-/-","-","-","1","-","-","home",7518
2014,"Occidental College","defense","Nicholas Mungia","2","1","3","2.0/5","2.0","-/-","-","-","0-0","-/-","-","-","1","-","-","home",7518
2014,"Occidental College","defense","Zachary Hunter","1","2","3","0.5/1","0.5","-/-","-","-","0-0","-/-","-","-","-","-","-","home",7518
2014,"Occidental College","defense","Adam Koel","2","-","2","-/-","-","-/-","-","-","0-0","-/-","-","-","-","-","-","home",7518
2014,"Occidental College","defense","Teran Mawhinney","-","1","1","-/-","-","-/-","-","-","0-0","-/-","-","-","1","-","-","home",7518
2014,"Occidental College","defense","Christian Lee","1","-","1","-/-","-","-/-","-","-","0-0","-/-","-","-","-","-","-","home",7518
2014,"Occidental College","defense","Brett Kassel","1","-","1","-/-","-","-/-","-","-","0-0","-/-","-","-","-","-","-","home",7518
2014,"Occidental College","defense","Zach Heerwagen","-","1","1","-/-","-","-/-","-","-","0-0","-/-","-","-","-","-","-","home",7518
2014,"Occidental College","defense","TEAM","1","-","1","-/-","-","-/-","-","-","0-0","-/-","-","-","-","-","-","home",7518
2014,"Occidental College","defense","James Ingram","4","4","8","-/-","-","-/-","-","-","0-0","-/-","1-0","1","-","1","-","away",7518
2014,"Occidental College","defense","Griffin Lazarus","5","2","7","-/-","-","-/-","-","-","0-0","-/-","-","-","-","-","-","away",7518
2014,"Occidental College","defense","A.J. Herrera","4","2","6","1.5/7","1.5","1.0/6","1.0","-","0-0","-/-","-","-","-","-","-","away",7518
2014,"Occidental College","defense","Nick Nasse","3","2","5","-/-","-","-/-","-","-","0-0","-/-","-","-","1","-","-","away",7518
2014,"Occidental College","defense","Paul Slaats","4","1","5","-/-","-","-/-","-","-","0-0","-/-","-","-","-","-","-","away",7518
2014,"Occidental College","defense","Andrew Sova","1","3","4","1.5/6","1.5","1.0/6","1.0","-","0-0","-/-","-","-","-","-","-","away",7518
2014,"Occidental College","defense","Henry Wei","3","1","4","1.0/1","1.0","-/-","-","-","0-0","-/-","-","-","-","-","-","away",7518
2014,"Occidental College","defense","Max Winsberg","2","2","4","-/-","-","-/-","-","-","0-0","-/-","-","-","-","-","-","away",7518
2014,"Occidental College","defense","TEAM","3","-","3","-/-","-","-/-","-","-","0-0","-/-","-","-","-","-","-","away",7518
2014,"Occidental College","defense","Geno Quaid","1","1","2","-/-","-","-/-","-","-","0-0","-/-","-","-","-","-","-","away",7518
2014,"Occidental College","defense","Alex Chang","1","1","2","1.0/2","1.0","-/-","-","-","0-0","-/-","-","-","-","-","-","away",7518
2014,"Occidental College","defense","Eduardo Ramirez","1","-","1","-/-","-","-/-","-","-","0-0","-/-","-","-","-","-","-","away",7518
2014,"Occidental College","defense","Tiger Brown","-","1","1","-/-","-","-/-","-","-","0-0","-/-","-","-","-","-","-","away",7518
2014,"Occidental College","defense","Victor Bunce","-","-","-","-/-","-","-/-","-","-","0-0","-/-","1-0","1","2","-","-","away",7518
2014,"Pomona-Pitzer","defense","Evan Lloyd","4","5","9","-/-","-","-/-","-","-","0-0","-/-","-","-","-","-","-","home",7521
2014,"Pomona-Pitzer","defense","Don Swan","5","3","8","1.0/1","1.0","-/-","-","1","1-0","-/-","-","-","-","-","-","home",7521
2014,"Pomona-Pitzer","defense","Brian Friel","4","3","7","2.0/3","2.0","1.0/2","1.0","-","0-1","1/-","-","-","-","-","-","home",7521
2014,"Pomona-Pitzer","defense","Kyle Whalen","1","4","5","-/-","-","-/-","-","-","0-0","-/-","-","-","2","-","-","home",7521
2014,"Pomona-Pitzer","defense","Bulolo Jonga","-","2","2","-/-","-","-/-","-","-","0-0","-/-","-","-","-","-","-","home",7521
2014,"Pomona-Pitzer","defense","Nelson Cole","2","-","2","1.0/3","1.0","-/-","-","-","0-0","-/-","-","-","-","-","-","home",7521
2014,"Pomona-Pitzer","defense","Grant Frazier","1","1","2","1.0/2","1.0","-/-","-","-","0-0","-/-","-","-","-","-","-","home",7521
2014,"Pomona-Pitzer","defense","Blake Gunn","-","2","2","-/-","-","-/-","-","-","0-0","-/-","-","-","-","-","-","home",7521
2014,"Pomona-Pitzer","defense","Nick Urban","1","1","2","-/-","-","-/-","-","-","0-0","-/-","-","-","-","-","-","home",7521
2014,"Pomona-Pitzer","defense","Cameron Tyus","-","1","1","-/-","-","-/-","-","-","0-0","-/-","-","-","-","-","-","home",7521
2014,"Pomona-Pitzer","defense","Jack Pietrykowski","1","-","1","-/-","-","-/-","-","-","0-0","-/-","-","-","-","-","-","home",7521
2014,"Pomona-Pitzer","defense","Errol Francis","1","-","1","-/-","-","-/-","-","-","0-0","-/-","-","-","-","-","-","home",7521
2014,"Pomona-Pitzer","defense","Isaac Richard","1","-","1","-/-","-","-/-","-","-","0-0","-/-","-","-","-","-","-","home",7521
2014,"Pomona-Pitzer","defense","Vince Morgan","1","-","1","-/-","-","-/-","-","-","0-0","-/-","-","-","-","-","-","home",7521
2014,"Pomona-Pitzer","defense","Brian Rauzi","1","-","1","-/-","-","-/-","-","-","0-0","-/-","-","-","-","-","-","home",7521
2014,"Pomona-Pitzer","defense","Ryan Abele","-","1","1","-/-","-","-/-","-","-","0-0","-/-","-","-","-","-","-","home",7521
2014,"Pomona-Pitzer","defense","Adam Hinthorne","1","-","1","-/-","-","-/-","-","-","0-0","-/-","-","-","-","-","-","home",7521
2014,"Pomona-Pitzer","defense","Eric Montgomery","-","1","1","-/-","-","-/-","-","-","0-1","1/-","1-0","1","1","-","-","home",7521
2014,"Pomona-Pitzer","defense","Geno Quaid","6","5","11","-/-","-","-/-","-","-","0-0","-/-","-","-","-","-","-","away",7521
2014,"Pomona-Pitzer","defense","Max Winsberg","7","3","10","1.0/7","1.0","1.0/7","1.0","2","2-0","-/-","2-119","2","-","-","-","away",7521
2014,"Pomona-Pitzer","defense","Victor Bunce","8","1","9","-/-","-","-/-","-","-","0-0","-/-","2-0","2","1","-","-","away",7521
2014,"Pomona-Pitzer","defense","Nick Nasse","6","1","7","2.0/4","2.0","-/-","-","-","0-0","-/-","-","-","1","-","-","away",7521
2014,"Pomona-Pitzer","defense","Tiger Brown","5","1","6","-/-","-","-/-","-","-","0-0","-/-","1-10","1","-","-","-","away",7521
2014,"Pomona-Pitzer","defense","Alex Chang","3","3","6","3.0/12","3.0","2.0/10","2.0","-","0-0","-/-","-","-","-","-","-","away",7521
2014,"Pomona-Pitzer","defense","James Ingram","4","1","5","1.0/2","1.0","-/-","-","-","0-0","-/-","-","-","-","-","-","away",7521
2014,"Pomona-Pitzer","defense","A.J. Herrera","2","3","5","-/-","-","-/-","-","-","0-0","-/-","-","-","-","-","-","away",7521
2014,"Pomona-Pitzer","defense","Andrew Sova","2","2","4","1.0/1","1.0","1.0/1","1.0","-","0-1","1/-","-","-","-","-","-","away",7521
2014,"Pomona-Pitzer","defense","Eduardo Ramirez","3","1","4","-/-","-","-/-","-","-","0-0","-/-","-","-","-","-","-","away",7521
2014,"Pomona-Pitzer","defense","Henry Wei","3","1","4","1.0/2","1.0","-/-","-","-","0-0","-/-","-","-","-","-","-","away",7521
2014,"Pomona-Pitzer","defense","Will Shannon","3","-","3","-/-","-","-/-","-","-","0-0","-/-","1-0","1","-","-","-","away",7521
2014,"Pomona-Pitzer","defense","Brendan MacDonald","2","1","3","-/-","-","-/-","-","-","0-0","-/-","-","-","-","-","-","away",7521
2014,"Pomona-Pitzer","defense","Trey Smith","2","-","2","-/-","-","-/-","-","-","0-0","-/-","-","-","-","-","-","away",7521
2014,"Pomona-Pitzer","defense","Jake Glasser","2","-","2","-/-","-","-/-","-","-","0-0","-/-","-","-","-","-","-","away",7521
2014,"Pomona-Pitzer","defense","Ryan Farney","1","-","1","-/-","-","-/-","-","-","0-0","-/-","-","-","-","-","-","away",7521
2014,"Pomona-Pitzer","defense","Wyatt Rouser","-","1","1","-/-","-","-/-","-","-","0-0","-/-","-","-","-","-","-","away",7521
2014,"Pomona-Pitzer","defense","Gator Adams","1","-","1","-/-","-","-/-","-","-","0-0","-/-","-","-","-","-","-","away",7521
2014,"Pomona-Pitzer","defense","Matthew Orehek","1","-","1","-/-","-","-/-","-","-","0-0","-/-","-","-","-","-","-","away",7521
2014,"Pomona-Pitzer","defense","Jared Schattenkerk","-","1","1","-/-","-","-/-","-","-","0-0","-/-","-","-","-","-","-","away",7521
2014,"Pomona-Pitzer","defense","Andrew Frick","-","1","1","-/-","-","-/-","-","-","0-0","-/-","-","-","-","-","-","away",7521
2014,"Pomona-Pitzer","defense","Austin Crist","1","-","1","-/-","-","-/-","-","-","0-0","-/-","-","-","-","-","-","away",7521
2014,"Pomona-Pitzer","defense","Paul Slaats","1","-","1","-/-","-","-/-","-","-","0-0","-/-","-","-","-","-","-","away",7521
2014,"University of Puget Sound","defense","Max Mirande","4","13","17","1.0/24","1.0","0.5/1","0.5","-","0-0","-/-","1-29","1","-","-","-","home",7513
2014,"University of Puget Sound","defense","Matt Gilbert","3","8","11","-/-","-","-/-","-","-","0-0","-/-","2--30","2","-","-","-","home",7513
2014,"University of Puget Sound","defense","Jake Wuesthoff","5","4","9","-/-","-","-/-","-","-","0-0","-/-","-","-","2","-","-","home",7513
2014,"University of Puget Sound","defense","Austin Moore","1","8","9","-/-","-","-/-","-","-","0-0","-/-","-","-","-","-","-","home",7513
2014,"University of Puget Sound","defense","William Geary","1","6","7","0.5/6","0.5","-/-","-","-","0-0","-/-","-","-","-","-","-","home",7513
2014,"University of Puget Sound","defense","Chris Beaulaurier","1","6","7","0.5/1","0.5","0.5/1","0.5","-","0-0","-/-","-","-","-","-","-","home",7513
2014,"University of Puget Sound","defense","Doug Owusu","2","5","7","1.0/25","1.0","0.5/1","0.5","-","0-0","-/-","-","-","1","-","-","home",7513
2014,"University of Puget Sound","defense","Connor Savage","5","1","6","1.0/4","1.0","-/-","-","-","0-0","-/-","-","-","-","-","-","home",7513
2014,"University of Puget Sound","defense","Jeremy Perkovich","1","3","4","0.5/-","0.5","0.5/-","0.5","-","0-0","-/-","-","-","-","-","-","home",7513
2014,"University of Puget Sound","defense","Hayden Keefe","-","4","4","-/-","-","-/-","-","-","0-0","-/-","-","-","-","-","-","home",7513
2014,"University of Puget Sound","defense","TEAM","4","-","4","-/-","-","-/-","-","-","0-0","-/-","-","-","1","-","-","home",7513
2014,"University of Puget Sound","defense","Nasser Abdelrasul","2","1","3","-/-","-","-/-","-","-","0-0","-/-","1-40","1","2","-","-","home",7513
2014,"University of Puget Sound","defense","Arda Bulak","-","2","2","0.5/5","0.5","-/-","-","-","0-0","-/-","-","-","-","-","-","home",7513
2014,"University of Puget Sound","defense","Misha Gordon","-","2","2","-/-","-","-/-","-","-","0-0","-/-","-","-","-","-","-","home",7513
2014,"University of Puget Sound","defense","Kevin Miller","1","-","1","-/-","-","-/-","-","-","0-0","-/-","-","-","-","-","-","home",7513
2014,"University of Puget Sound","defense","Tanner Diebold","1","-","1","-/-","-","-/-","-","-","0-0","-/-","-","-","-","-","-","home",7513
2014,"University of Puget Sound","defense","Thomas Riley","1","-","1","-/-","-","-/-","-","-","0-0","-/-","-","-","1","-","-","home",7513
2014,"University of Puget Sound","defense","Peter Bell","1","-","1","-/-","-","-/-","-","-","0-0","-/-","-","-","-","-","-","home",7513
2014,"University of Puget Sound","defense","Donovan Mosier","-","1","1","-/-","-","-/-","-","-","0-0","-/-","-","-","-","-","-","home",7513
2014,"University of Puget Sound","defense","Monty Newman","-","1","1","-/-","-","-/-","-","-","0-0","-/-","-","-","-","-","-","home",7513
2014,"University of Puget Sound","defense","Dylan Cunningham","-","1","1","-/-","-","-/-","-","-","0-0","-/-","-","-","-","-","-","home",7513
2014,"University of Puget Sound","defense","Brent McCoy","-","-","-","-/-","-","-/-","-","-","0-0","-/-","-","-","1","-","-","home",7513
2014,"University of Puget Sound","defense","Max Winsberg","14","2","16","1.0/4","1.0","-/-","-","-","0-0","-/-","-","-","-","-","-","away",7513
2014,"University of Puget Sound","defense","A.J. Herrera","6","3","9","1.0/3","1.0","-/-","-","-","0-0","-/-","-","-","-","-","-","away",7513
2014,"University of Puget Sound","defense","Eduardo Ramirez","4","2","6","-/-","-","-/-","-","-","0-1","1/-","-","-","-","-","-","away",7513
2014,"University of Puget Sound","defense","Paul Slaats","6","-","6","-/-","-","-/-","-","-","0-0","-/-","-","-","1","-","-","away",7513
2014,"University of Puget Sound","defense","Griffin Lazarus","3","1","4","-/-","-","-/-","-","-","0-0","-/-","-","-","-","-","-","away",7513
2014,"University of Puget Sound","defense","Henry Wei","2","1","3","-/-","-","-/-","-","-","0-0","-/-","-","-","-","-","-","away",7513
2014,"University of Puget Sound","defense","Alex Chang","2","1","3","1.0/14","1.0","1.0/14","1.0","1","1-0","-/-","-","-","-","-","-","away",7513
2014,"University of Puget Sound","defense","Andrew Frick","2","1","3","1.0/2","1.0","-/-","-","-","0-0","-/-","-","-","-","-","-","away",7513
2014,"University of Puget Sound","defense","TEAM","3","-","3","1.0/2","1.0","-/-","-","-","0-0","-/-","-","-","-","-","-","away",7513
2014,"University of Puget Sound","defense","Tyler Stanek","2","-","2","-/-","-","-/-","-","-","0-0","-/-","-","-","-","-","-","away",7513
2014,"University of Puget Sound","defense","James Ingram","2","-","2","-/-","-","-/-","-","-","0-0","-/-","-","-","1","-","-","away",7513
2014,"University of Puget Sound","defense","Will Shannon","2","-","2","1.0/1","1.0","-/-","-","-","0-0","-/-","-","-","-","-","-","away",7513
2014,"University of Puget Sound","defense","Chris Fang","1","-","1","-/-","-","-/-","-","-","0-0","-/-","2-50","2","1","-","-","away",7513
2014,"University of Puget Sound","defense","Andrew Sova","1","-","1","1.0/7","1.0","1.0/7","1.0","-","0-0","-/-","-","-","-","-","-","away",7513
2014,"University of Puget Sound","defense","Kevin Martz","1","-","1","-/-","-","-/-","-","-","0-0","-/-","-","-","-","-","-","away",7513
2014,"University of Puget Sound","defense","Tiger Brown","-","1","1","-/-","-","-/-","-","-","0-0","-/-","1-0","1","1","-","-","away",7513
2014,"University of Puget Sound","defense","Victor Bunce","1","-","1","-/-","-","-/-","-","-","0-0","-/-","-","-","1","-","-","away",7513
2014,"University of Puget Sound","defense","Nick Gott","1","-","1","-/-","-","-/-","-","-","0-0","-/-","-","-","-","-","-","away",7513
2014,"University of Puget Sound","defense","Nick Nasse","1","-","1","-/-","-","-/-","-","-","0-0","-/-","-","-","-","-","-","away",7513
2014,"University of Puget Sound","defense","Dalton Barnes","1","-","1","-/-","-","-/-","-","-","0-0","-/-","-","-","-","-","-","away",7513
2014,"University of Redlands","defense","Jalen DeVine","4","4","8","-/-","-","-/-","-","-","0-1","1/20","-","-","-","-","2","home",7517
2014,"University of Redlands","defense","Brian Keyser","2","5","7","1.0/6","1.0","1.0/6","1.0","-","0-0","-/-","-","-","1","-","4","home",7517
2014,"University of Redlands","defense","Connor Hoffman","6","1","7","-/-","-","-/-","-","-","0-0","-/-","-","-","-","-","-","home",7517
2014,"University of Redlands","defense","Michael Tootle","5","2","7","1.5/10","1.5","1.0/9","1.0","-","0-0","-/-","-","-","1","-","2","home",7517
2014,"University of Redlands","defense","Mitch Shepherd","1","6","7","1.0/2","1.0","-/-","-","-","0-0","-/-","-","-","-","-","2","home",7517
2014,"University of Redlands","defense","Griffin Lord","1","5","6","1.0/1","1.0","-/-","-","-","0-0","-/-","-","-","-","-","1","home",7517
2014,"University of Redlands","defense","Stephen Reyes","3","2","5","-/-","-","-/-","-","-","0-0","-/-","1-16","1","1","-","-","home",7517
2014,"University of Redlands","defense","Patrick Neville","1","4","5","-/-","-","-/-","-","-","0-0","-/-","-","-","1","-","-","home",7517
2014,"University of Redlands","defense","Jordan Bixler","2","3","5","0.5/1","0.5","-/-","-","-","0-0","-/-","-","-","-","-","1","home",7517
2014,"University of Redlands","defense","Dj Dawson jr.","2","2","4","1.5/3","1.5","-/-","-","-","0-0","-/-","-","-","1","-","-","home",7517
2014,"University of Redlands","defense","Aaron Mandell","4","-","4","-/-","-","-/-","-","1","1-0","-/-","-","-","1","-","-","home",7517
2014,"University of Redlands","defense","Luke Simpson","-","4","4","0.5/1","0.5","-/-","-","-","0-0","-/-","-","-","-","-","-","home",7517
2014,"University of Redlands","defense","James Ramirez","1","-","1","-/-","-","-/-","-","-","0-0","-/-","-","-","-","-","-","home",7517
2014,"University of Redlands","defense","Trevor Raras","1","-","1","-/-","-","-/-","-","-","0-0","-/-","-","-","-","-","2","home",7517
2014,"University of Redlands","defense","Michael Jordano","-","1","1","-/-","-","-/-","-","-","0-0","-/-","1-0","1","-","-","-","home",7517
2014,"University of Redlands","defense","Taku Shiozaki","-","1","1","-/-","-","-/-","-","-","0-0","-/-","-","-","-","-","-","home",7517
2014,"University of Redlands","defense","Tyrone Sauls jr","1","-","1","-/-","-","-/-","-","1","1-0","-/-","-","-","-","-","-","home",7517
2014,"University of Redlands","defense","Andrew Lewis","-","1","1","-/-","-","-/-","-","-","0-0","-/-","-","-","-","-","-","home",7517
2014,"University of Redlands","defense","David Nwagbara","-","1","1","-/-","-","-/-","-","-","0-0","-/-","-","-","-","-","-","home",7517
2014,"University of Redlands","defense","Jack Rulon","-","1","1","-/-","-","-/-","-","-","0-0","-/-","-","-","-","-","-","home",7517
2014,"University of Redlands","defense","Conner Schultz","-","1","1","-/-","-","-/-","-","-","0-0","-/-","-","-","-","-","-","home",7517
2014,"University of Redlands","defense","Ishmal Bartley","-","1","1","-/-","-","-/-","-","-","0-0","-/-","-","-","-","-","-","home",7517
2014,"University of Redlands","defense","Sean Murray","-","-","-","-/-","-","-/-","-","-","0-1","1/-","-","-","-","-","-","home",7517
2014,"University of Redlands","defense","Griffin Lazarus","6","5","11","-/-","-","-/-","-","-","0-0","-/-","-","-","-","-","-","away",7517
2014,"University of Redlands","defense","Max Winsberg","5","4","9","1.0/3","1.0","-/-","-","-","0-0","-/-","1-0","1","-","-","-","away",7517
2014,"University of Redlands","defense","A.J. Herrera","2","6","8","0.5/-","0.5","-/-","-","-","0-0","-/-","-","-","-","-","1","away",7517
2014,"University of Redlands","defense","Eduardo Ramirez","3","4","7","-/-","-","-/-","-","-","0-0","-/-","-","-","-","-","-","away",7517
2014,"University of Redlands","defense","Andrew Sova","3","3","6","1.5/7","1.5","1.0/6","1.0","-","0-0","-/-","-","-","-","-","2","away",7517
2014,"University of Redlands","defense","James Ingram","1","4","5","-/-","-","-/-","-","-","0-0","-/-","-","-","-","-","-","away",7517
2014,"University of Redlands","defense","Paul Slaats","4","1","5","-/-","-","-/-","-","-","0-0","-/-","-","-","-","-","-","away",7517
2014,"University of Redlands","defense","Henry Wei","1","3","4","-/-","-","-/-","-","-","0-0","-/-","-","-","-","-","2","away",7517
2014,"University of Redlands","defense","Nick Nasse","1","3","4","-/-","-","-/-","-","-","0-0","-/-","-","-","1","1","-","away",7517
2014,"University of Redlands","defense","Victor Bunce","2","1","3","-/-","-","-/-","-","-","0-0","-/-","-","-","-","-","-","away",7517
2014,"University of Redlands","defense","Tiger Brown","-","2","2","-/-","-","-/-","-","-","0-0","-/-","-","-","-","-","-","away",7517
2014,"University of Redlands","defense","Andrew Frick","1","1","2","-/-","-","-/-","-","-","0-0","-/-","-","-","-","-","-","away",7517
2014,"University of Redlands","defense","Austin Crist","2","-","2","-/-","-","-/-","-","-","0-0","-/-","-","-","-","-","-","away",7517
2014,"University of Redlands","defense","Chris Cziesla","1","1","2","-/-","-","-/-","-","-","0-0","-/-","-","-","-","-","-","away",7517
2014,"University of Redlands","defense","Gator Adams","1","-","1","-/-","-","-/-","-","-","0-0","-/-","-","-","-","-","1","away",7517
2014,"University of Redlands","defense","Geno Quaid","1","-","1","-/-","-","-/-","-","-","0-0","-/-","-","-","-","-","-","away",7517
2014,"University of Redlands","defense","Spencer Drazovich","-","1","1","-/-","-","-/-","-","-","0-0","-/-","-","-","-","-","-","away",7517
2014,"University of Redlands","defense","Anthony Tung","-","1","1","-/-","-","-/-","-","-","0-0","-/-","-","-","-","-","-","away",7517
2014,"University of Redlands","defense","Sean Pyne","-","-","-","-/-","-","-/-","-","-","0-0","-/-","-","-","-","-","1","away",7517
2014,"Whittier College","defense","Gator Adams","3","3","6","1.0/5","1.0","-/-","-","-","0-0","-/-","-","-","1","-","-","home",7520
2014,"Whittier College","defense","Alex Chang","3","3","6","2.0/16","2.0","2.0/16","2.0","-","0-0","-/-","-","-","-","-","-","home",7520
2014,"Whittier College","defense","Geno Quaid","2","2","4","-/-","-","-/-","-","-","0-0","-/-","-","-","-","-","-","home",7520
2014,"Whittier College","defense","Victor Bunce","3","-","3","-/-","-","-/-","-","-","0-0","-/-","-","-","1","-","-","home",7520
2014,"Whittier College","defense","Will Shannon","2","1","3","-/-","-","-/-","-","-","0-0","-/-","-","-","3","-","-","home",7520
2014,"Whittier College","defense","Jared Schattenkerk","2","1","3","-/-","-","-/-","-","-","0-0","-/-","-","-","-","-","-","home",7520
2014,"Whittier College","defense","Chris Fang","1","1","2","-/-","-","-/-","-","-","0-0","-/-","-","-","-","-","-","home",7520
2014,"Whittier College","defense","Robby Weissenfels","2","-","2","-/-","-","-/-","-","-","0-0","-/-","-","-","-","-","-","home",7520
2014,"Whittier College","defense","Tiger Brown","-","2","2","-/-","-","-/-","-","-","0-0","-/-","-","-","-","-","-","home",7520
2014,"Whittier College","defense","Jake Glasser","2","-","2","1.0/1","1.0","1.0/1","1.0","-","0-0","-/-","-","-","-","-","-","home",7520
2014,"Whittier College","defense","A.J. Herrera","1","1","2","-/-","-","-/-","-","-","0-1","1/-","-","-","1","-","-","home",7520
2014,"Whittier College","defense","Trey Smith","1","-","1","-/-","-","-/-","-","-","0-0","-/-","-","-","-","-","-","home",7520
2014,"Whittier College","defense","Matthew Aven","1","-","1","-/-","-","-/-","-","-","0-0","-/-","-","-","-","-","-","home",7520
2014,"Whittier College","defense","Matthew Orehek","-","1","1","-/-","-","-/-","-","-","0-0","-/-","-","-","-","-","-","home",7520
2014,"Whittier College","defense","Henry Wei","1","-","1","1.0/2","1.0","-/-","-","-","0-0","-/-","-","-","-","-","-","home",7520
2014,"Whittier College","defense","Nick Nasse","1","-","1","1.0/4","1.0","1.0/4","1.0","-","0-0","-/-","-","-","-","-","-","home",7520
2014,"Whittier College","defense","Max Winsberg","1","-","1","1.0/6","1.0","-/-","-","-","0-0","-/-","-","-","-","-","-","home",7520
2014,"Whittier College","defense","Ryan Haughton","1","-","1","1.0/6","1.0","-/-","-","1","1-0","-/-","-","-","-","-","-","home",7520
2014,"Whittier College","defense","Patrick Dixon","1","-","1","-/-","-","-/-","-","-","0-0","-/-","-","-","-","-","-","home",7520
2014,"Whittier College","defense","Paul Slaats","-","1","1","-/-","-","-/-","-","-","0-1","1/-","-","-","-","-","-","home",7520
2014,"Whittier College","defense","TEAM","-","-","-","-/-","-","-/-","-","-","0-0","-/-","-","-","-","-","-","home",7520
2014,"Whittier College","defense","Trevor Phillips","3","11","14","2.0/3","2.0","1.0/2","1.0","1","1-0","-/-","-","-","-","-","-","away",7520
2014,"Whittier College","defense","Dieg Villasenor","8","4","12","-/-","-","-/-","-","-","0-0","-/-","-","-","-","-","-","away",7520
2014,"Whittier College","defense","Austin Ford","4","6","10","-/-","-","-/-","-","-","0-0","-/-","-","-","-","-","-","away",7520
2014,"Whittier College","defense","Sam Bettencourt","7","3","10","-/-","-","-/-","-","-","0-0","-/-","-","-","-","-","-","away",7520
2014,"Whittier College","defense","Jeff Gutierrez","4","4","8","1.0/4","1.0","-/-","-","1","1-0","-/-","-","-","-","-","-","away",7520
2014,"Whittier College","defense","Tyquion Ballard","5","2","7","1.0/5","1.0","1.0/5","1.0","1","1-0","-/-","-","-","-","-","-","away",7520
2014,"Whittier College","defense","Austin Brasher","4","2","6","1.0/1","1.0","-/-","-","-","0-1","1/-","-","-","-","-","-","away",7520
2014,"Whittier College","defense","Masson Blow","1","4","5","1.0/2","1.0","-/-","-","-","0-0","-/-","-","-","-","-","-","away",7520
2014,"Whittier College","defense","Lorenzo Mena","1","3","4","-/-","-","-/-","-","-","0-0","-/-","-","-","-","-","-","away",7520
2014,"Whittier College","defense","Josh Pride","1","2","3","-/-","-","-/-","-","-","0-0","-/-","-","-","-","-","-","away",7520
2014,"Whittier College","defense","Jontavi Timmons","1","2","3","-/-","-","-/-","-","-","0-0","-/-","-","-","-","-","-","away",7520
2014,"Whittier College","defense","Kevin Tapia","3","-","3","-/-","-","-/-","-","-","0-0","-/-","-","-","-","-","-","away",7520
2014,"Whittier College","defense","Hayden Wright","1","2","3","0.5/1","0.5","-/-","-","-","0-0","-/-","-","-","-","-","-","away",7520
2014,"Whittier College","defense","Mundo Guzman","2","-","2","-/-","-","-/-","-","-","0-0","-/-","-","-","-","-","-","away",7520
2014,"Whittier College","defense","Gregori Verdugo","1","1","2","-/-","-","-/-","-","-","0-0","-/-","-","-","-","-","-","away",7520
2014,"Whittier College","defense","Matt Condon","1","1","2","-/-","-","-/-","-","-","0-0","-/-","-","-","-","-","-","away",7520
2014,"Whittier College","defense","Joey Willm","-","1","1","-/-","-","-/-","-","-","0-0","-/-","-","-","-","-","-","away",7520
2014,"Whittier College","defense","Billy Thomas","-","1","1","-/-","-","-/-","-","-","0-0","-/-","-","-","-","-","-","away",7520
2014,"Whittier College","defense","Kyle Kerlee","1","-","1","-/-","-","-/-","-","-","0-0","-/-","-","-","-","-","-","away",7520
2014,"Whittier College","defense","Lance Manzon","-","1","1","-/-","-","-/-","-","-","0-0","-/-","-","-","-","-","-","away",7520
2014,"Whittier College","defense","Kevin Hedlund","-","1","1","0.5/-","0.5","-/-","-","-","0-0","-/-","-","-","-","-","-","away",7520
2014,"Whittier College","defense","Alex Lopez","-","1","1","-/-","-","-/-","-","-","0-0","-/-","-","-","-","-","-","away",7520
2014,"Whittier College","defense","Nathan Blaikie","1","-","1","-/-","-","-/-","-","-","0-0","-/-","-","-","-","-","-","away",7520
2014,"Whittier College","defense","Carl Bryan","-","-","-","-/-","-","-/-","-","-","0-1","1/-","-","-","-","-","-","away",7520
2015,"Cal Lutheran University","defense","EJ Edinburgh","10","3","13","-/-","-","-/-","-","-","0-0","-/-","-","-","-","-","-","home",727
2015,"Cal Lutheran University","defense","R. Hernandez","7","1","8","-/-","-","-/-","-","-","0-0","-/-","-","-","-","-","-","home",727
2015,"Cal Lutheran University","defense","J. Heidemann","4","3","7","-/-","-","-/-","-","-","0-0","-/-","-","-","-","-","-","home",727
2015,"Cal Lutheran University","defense","Trevor Roe","4","3","7","-/-","-","-/-","-","-","0-0","-/-","-","-","-","-","-","home",727
2015,"Cal Lutheran University","defense","Cale Dester","3","3","6","-/-","-","-/-","-","-","0-0","-/-","-","-","-","-","-","home",727
2015,"Cal Lutheran University","defense","D. Rothschild","2","3","5","-/-","-","-/-","-","-","0-0","-/-","-","-","-","-","-","home",727
2015,"Cal Lutheran University","defense","Ronny Camacho","4","1","5","1.0/1","1.0","-/-","-","-","0-0","-/-","-","-","-","-","-","home",727
2015,"Cal Lutheran University","defense","Logan Sanders","3","1","4","1.0/2","1.0","-/-","-","-","0-0","-/-","-","-","1","-","-","home",727
2015,"Cal Lutheran University","defense","Lucas Quinn","2","2","4","-/-","-","-/-","-","-","0-0","-/-","-","-","-","-","-","home",727
2015,"Cal Lutheran University","defense","K. Duffy-Huerta","2","2","4","1.0/2","1.0","1.0/2","1.0","-","0-0","-/-","-","-","-","-","-","home",727
2015,"Cal Lutheran University","defense","Josh Bartley","1","2","3","-/-","-","-/-","-","-","0-0","-/-","-","-","1","-","-","home",727
2015,"Cal Lutheran University","defense","K TurnerJackson","1","-","1","-/-","-","-/-","-","-","0-0","-/-","-","-","-","-","-","home",727
2015,"Cal Lutheran University","defense","Dalton Santos","1","-","1","-/-","-","-/-","-","-","0-0","-/-","-","-","-","-","-","home",727
2015,"Cal Lutheran University","defense","Brysen Kokubun","1","-","1","-/-","-","-/-","-","-","0-0","-/-","-","-","-","-","-","home",727
2015,"Cal Lutheran University","defense","Isaac Seymour","-","1","1","-/-","-","-/-","-","-","0-0","-/-","-","-","-","-","-","home",727
2015,"Cal Lutheran University","defense","Casey Cole","-","1","1","-/-","-","-/-","-","-","0-0","-/-","-","-","-","-","-","home",727
2015,"Cal Lutheran University","defense","Michael Welch","1","-","1","-/-","-","-/-","-","-","0-0","-/-","-","-","-","-","-","home",727
2015,"Cal Lutheran University","defense","R. Weissenfels","8","1","9","2.0/5","2.0","2.0/5","2.0","-","0-0","-/-","-","-","-","-","-","away",727
2015,"Cal Lutheran University","defense","B. MacDonald","1","5","6","-/-","-","-/-","-","-","0-0","-/-","-","-","-","-","-","away",727
2015,"Cal Lutheran University","defense","Andrew Sova","1","3","4","1.0/6","1.0","1.0/6","1.0","-","0-0","-/-","-","-","-","-","-","away",727
2015,"Cal Lutheran University","defense","Henry Wei","1","3","4","-/-","-","-/-","-","-","0-0","-/-","-","-","-","-","-","away",727
2015,"Cal Lutheran University","defense","James Ingram","3","-","3","1.0/1","1.0","-/-","-","-","0-0","-/-","-","-","1","-","-","away",727
2015,"Cal Lutheran University","defense","Tiger Brown","3","-","3","-/-","-","-/-","-","-","0-0","-/-","-","-","-","-","-","away",727
2015,"Cal Lutheran University","defense","Gator Adams","1","2","3","-/-","-","-/-","-","-","0-0","-/-","-","-","-","-","-","away",727
2015,"Cal Lutheran University","defense","Will Shannon","2","1","3","-/-","-","-/-","-","-","0-0","-/-","1-0","1","-","-","-","away",727
2015,"Cal Lutheran University","defense","Geno Quaid","1","1","2","-/-","-","-/-","-","-","0-0","-/-","-","-","1","-","-","away",727
2015,"Cal Lutheran University","defense","Trey Smith","-","1","1","-/-","-","-/-","-","-","0-0","-/-","-","-","-","-","-","away",727
2015,"Cal Lutheran University","defense","Eduardo Ramirez","1","-","1","-/-","-","-/-","-","-","0-0","-/-","-","-","-","-","-","away",727
2015,"Cal Lutheran University","defense","Jackson Zeledon","-","1","1","-/-","-","-/-","-","-","0-0","-/-","-","-","-","-","-","away",727
2015,"Cal Lutheran University","defense","Will Edwards","1","-","1","-/-","-","-/-","-","-","0-0","-/-","-","-","-","-","-","away",727
2015,"Cal Lutheran University","defense","Jake Glasser","-","1","1","0.5/6","0.5","0.5/6","0.5","-","0-0","-/-","-","-","-","-","-","away",727
2015,"Cal Lutheran University","defense","Trevor Lewis","-","1","1","-/-","-","-/-","-","-","0-0","-/-","-","-","-","-","-","away",727
2015,"Cal Lutheran University","defense","Andrew Frick","-","1","1","0.5/5","0.5","0.5/5","0.5","-","0-0","-/-","-","-","-","-","-","away",727
2015,"Cal Lutheran University","defense","Paul Slaats","-","1","1","-/-","-","-/-","-","-","0-0","-/-","-","-","-","-","-","away",727
2015,"Cal Lutheran University","defense","Victor Bunce","-","-","-","-/-","-","-/-","-","-","0-0","-/-","-","-","3","-","-","away",727
2015,"Cal Lutheran University","defense","Mitchell Allan","-","-","-","-/-","-","-/-","-","-","0-0","-/-","1-0","1","-","-","-","away",727
2015,"Chapman University","defense","C. Larkin","7","2","9","-/-","-","-/-","-","-","0-0","-/-","-","-","-","-","-","home",723
2015,"Chapman University","defense","G. Frediani","5","2","7","2.0/3","2.0","-/-","-","-","0-0","-/-","-","-","-","-","-","home",723
2015,"Chapman University","defense","D. Ray","5","2","7","1.0/6","1.0","1.0/6","1.0","-","0-0","-/-","-","-","-","-","-","home",723
2015,"Chapman University","defense","B. Wadors","4","2","6","1.5/7","1.5","1.0/7","1.0","-","0-0","-/-","-","-","-","-","-","home",723
2015,"Chapman University","defense","D. DeMarco","4","1","5","-/-","-","-/-","-","-","0-0","-/-","-","-","1","-","-","home",723
2015,"Chapman University","defense","J. Covarrubias","4","-","4","-/-","-","-/-","-","-","0-0","-/-","-","-","1","-","-","home",723
2015,"Chapman University","defense","R. Hanna","2","2","4","-/-","-","-/-","-","-","0-0","-/-","-","-","-","-","-","home",723
2015,"Chapman University","defense","A. O'Shea","1","3","4","1.0/6","1.0","-/-","-","-","0-0","-/-","-","-","-","1","-","home",723
2015,"Chapman University","defense","A. Rorie","2","1","3","0.5/1","0.5","-/-","-","-","0-0","-/-","-","-","-","-","-","home",723
2015,"Chapman University","defense","J. Cullen","1","1","2","-/-","-","-/-","-","-","0-0","-/-","-","-","-","-","-","home",723
2015,"Chapman University","defense","E. Favors III","2","-","2","-/-","-","-/-","-","-","0-0","-/-","-","-","-","-","-","home",723
2015,"Chapman University","defense","D. Kelly","1","-","1","-/-","-","-/-","-","-","0-0","-/-","-","-","-","-","-","home",723
2015,"Chapman University","defense","L. Marks","1","-","1","-/-","-","-/-","-","-","0-0","-/-","-","-","-","-","-","home",723
2015,"Chapman University","defense","B. Keeve","1","-","1","-/-","-","-/-","-","-","0-0","-/-","-","-","-","-","-","home",723
2015,"Chapman University","defense","M. Brown","1","-","1","-/-","-","-/-","-","-","0-0","-/-","-","-","-","-","-","home",723
2015,"Chapman University","defense","G. McDonald","-","1","1","-/-","-","-/-","-","-","0-0","-/-","-","-","-","-","-","home",723
2015,"Chapman University","defense","M. Ahles","-","1","1","-/-","-","-/-","-","-","0-0","-/-","-","-","-","-","-","home",723
2015,"Chapman University","defense","B. Retuta","-","1","1","-/-","-","-/-","-","-","0-0","-/-","-","-","-","-","-","home",723
2015,"Chapman University","defense","D. Luca","-","1","1","-/-","-","-/-","-","-","0-0","-/-","-","-","-","-","-","home",723
2015,"Chapman University","defense","Henry Wei","7","3","10","5.0/23","5.0","2.0/16","2.0","-","0-0","-/-","-","-","-","-","-","away",723
2015,"Chapman University","defense","B. MacDonald","6","4","10","-/-","-","-/-","-","-","0-0","-/-","-","-","-","-","-","away",723
2015,"Chapman University","defense","Geno Quaid","7","2","9","2.0/6","2.0","1.0/5","1.0","-","0-0","-/-","-","-","-","-","-","away",723
2015,"Chapman University","defense","Will Edwards","4","3","7","-/-","-","-/-","-","-","0-0","-/-","-","-","-","-","-","away",723
2015,"Chapman University","defense","Tiger Brown","6","-","6","-/-","-","-/-","-","-","0-0","-/-","-","-","-","-","-","away",723
2015,"Chapman University","defense","James Ingram","2","3","5","-/-","-","-/-","-","-","0-0","-/-","-","-","-","-","-","away",723
2015,"Chapman University","defense","Mitchell Allan","1","4","5","-/-","-","-/-","-","-","0-0","-/-","-","-","-","-","-","away",723
2015,"Chapman University","defense","Gator Adams","2","2","4","1.0/2","1.0","-/-","-","-","0-0","-/-","-","-","-","-","-","away",723
2015,"Chapman University","defense","Paul Slaats","2","2","4","0.5/1","0.5","-/-","-","-","0-0","-/-","-","-","-","-","-","away",723
2015,"Chapman University","defense","Eduardo Ramirez","2","1","3","0.5/1","0.5","-/-","-","-","0-0","-/-","-","-","-","-","-","away",723
2015,"Chapman University","defense","TEAM","3","-","3","-/-","-","-/-","-","-","0-0","-/-","-","-","-","-","-","away",723
2015,"Chapman University","defense","Andrew Sova","2","-","2","1.0/7","1.0","-/-","-","-","0-0","-/-","-","-","-","-","-","away",723
2015,"Chapman University","defense","Mac Cooney","1","1","2","-/-","-","-/-","-","-","0-0","-/-","-","-","-","-","-","away",723
2015,"Chapman University","defense","Andrew Frick","2","-","2","-/-","-","-/-","-","-","0-0","-/-","-","-","-","-","-","away",723
2015,"Chapman University","defense","Tyler Stanek","1","-","1","-/-","-","-/-","-","-","0-0","-/-","-","-","-","-","-","away",723
2015,"Chapman University","defense","R. Weissenfels","-","1","1","-/-","-","-/-","-","-","0-0","-/-","-","-","-","-","-","away",723
2015,"Chapman University","defense","Victor Bunce","-","1","1","-/-","-","-/-","-","-","0-0","-/-","-","-","-","-","-","away",723
2015,"Chapman University","defense","Jake Glasser","-","1","1","-/-","-","-/-","-","-","0-0","-/-","-","-","-","-","-","away",723
2015,"Chapman University","defense","Trevor Lewis","-","1","1","-/-","-","-/-","-","-","0-0","-/-","-","-","-","-","-","away",723
2015,"Chapman University","defense","Ryan Haughton","-","1","1","-/-","-","-/-","-","-","0-0","-/-","-","-","-","-","-","away",723
2015,"Chapman University","defense","Chris Cziesla","1","-","1","-/-","-","-/-","-","-","0-0","-/-","-","-","-","-","-","away",723
2015,"La Verne University","defense","Penalber, A.","5","7","12","1.0/5","1.0","1.0/5","1.0","-","0-0","-/-","-","-","1","-","-","home",724
2015,"La Verne University","defense","Hill, Carvonte","3","8","11","-/-","-","-/-","-","-","0-0","-/-","-","-","2","-","-","home",724
2015,"La Verne University","defense","Truhitte, C.","6","3","9","-/-","-","-/-","-","-","0-0","-/-","-","-","-","-","-","home",724
2015,"La Verne University","defense","Kennedy, Kason","4","2","6","-/-","-","-/-","-","-","0-0","-/-","-","-","-","-","-","home",724
2015,"La Verne University","defense","Colson, Keoni","3","1","4","-/-","-","-/-","-","-","0-0","-/-","-","-","2","-","-","home",724
2015,"La Verne University","defense","Young, An-Tony","2","2","4","-/-","-","-/-","-","-","0-0","-/-","-","-","-","-","-","home",724
2015,"La Verne University","defense","Canlas, Matt","3","1","4","-/-","-","-/-","-","-","0-0","-/-","-","-","-","-","-","home",724
2015,"La Verne University","defense","Apodaca, David","1","3","4","0.5/2","0.5","0.5/2","0.5","-","0-0","-/-","-","-","-","-","-","home",724
2015,"La Verne University","defense","Acosta, Eric","2","1","3","-/-","-","-/-","-","-","0-0","-/-","-","-","-","-","-","home",724
2015,"La Verne University","defense","Nishanian, M.","3","-","3","-/-","-","-/-","-","-","0-0","-/-","-","-","-","-","-","home",724
2015,"La Verne University","defense","Shepherd, M.","1","1","2","-/-","-","-/-","-","1","1-0","-/-","-","-","-","-","-","home",724
2015,"La Verne University","defense","Brown, Austin","2","-","2","1.0/2","1.0","-/-","-","-","0-1","1/-","-","-","-","-","-","home",724
2015,"La Verne University","defense","Hooks, Derrin","1","-","1","-/-","-","-/-","-","-","0-0","-/-","-","-","1","-","-","home",724
2015,"La Verne University","defense","Hardy, Joshua","-","1","1","0.5/1","0.5","0.5/1","0.5","-","0-0","-/-","1-70","1","-","-","-","home",724
2015,"La Verne University","defense","Tyler, Messiah","-","1","1","0.5/2","0.5","0.5/2","0.5","-","0-0","-/-","-","-","-","-","-","home",724
2015,"La Verne University","defense","Kerr, Cameron","-","1","1","0.5/3","0.5","0.5/3","0.5","-","0-0","-/-","-","-","-","-","-","home",724
2015,"La Verne University","defense","James Ingram","5","4","9","-/-","-","-/-","-","-","0-0","-/-","-","-","1","-","-","away",724
2015,"La Verne University","defense","Tiger Brown","2","5","7","-/-","-","-/-","-","-","0-0","-/-","-","-","-","-","-","away",724
2015,"La Verne University","defense","B. MacDonald","1","6","7","0.5/2","0.5","0.5/2","0.5","-","0-0","-/-","-","-","-","-","-","away",724
2015,"La Verne University","defense","Gator Adams","4","2","6","1.0/2","1.0","-/-","-","-","0-0","-/-","-","-","-","-","-","away",724
2015,"La Verne University","defense","Geno Quaid","4","2","6","-/-","-","-/-","-","-","0-0","-/-","-","-","-","-","-","away",724
2015,"La Verne University","defense","Paul Slaats","3","3","6","0.5/2","0.5","0.5/2","0.5","-","0-0","-/-","-","-","-","-","-","away",724
2015,"La Verne University","defense","Victor Bunce","4","1","5","-/-","-","-/-","-","-","0-0","-/-","1-0","1","1","-","-","away",724
2015,"La Verne University","defense","Eduardo Ramirez","2","1","3","-/-","-","-/-","-","-","0-0","-/-","-","-","1","-","-","away",724
2015,"La Verne University","defense","Jake Glasser","2","1","3","2.0/12","2.0","1.0/5","1.0","-","0-0","-/-","-","-","-","-","-","away",724
2015,"La Verne University","defense","Mitchell Allan","1","2","3","-/-","-","-/-","-","-","0-0","-/-","-","-","-","-","-","away",724
2015,"La Verne University","defense","R. Weissenfels","1","1","2","1.0/4","1.0","-/-","-","-","0-0","-/-","-","-","-","1","-","away",724
2015,"La Verne University","defense","Will Edwards","2","-","2","-/-","-","-/-","-","-","0-0","-/-","-","-","-","-","-","away",724
2015,"La Verne University","defense","Will Shannon","1","1","2","-/-","-","-/-","-","-","0-0","-/-","-","-","1","-","-","away",724
2015,"La Verne University","defense","Henry Wei","1","1","2","-/-","-","-/-","-","-","0-0","-/-","-","-","1","-","-","away",724
2015,"La Verne University","defense","Andrew Frick","2","-","2","-/-","-","-/-","-","-","0-0","-/-","-","-","-","-","-","away",724
2015,"La Verne University","defense","Trey Smith","1","-","1","-/-","-","-/-","-","-","0-0","-/-","-","-","-","-","-","away",724
2015,"La Verne University","defense","Connor Stastny","1","-","1","-/-","-","-/-","-","-","0-0","-/-","-","-","-","-","-","away",724
2015,"La Verne University","defense","Ryan Haughton","-","1","1","-/-","-","-/-","-","-","0-0","-/-","-","-","-","-","-","away",724
2015,"La Verne University","defense","J. Schattenkerk","-","1","1","-/-","-","-/-","-","-","0-0","-/-","-","-","-","-","-","away",724
2015,"La Verne University","defense","C. Tchamitchian","-","1","1","-/-","-","-/-","-","-","0-0","-/-","-","-","-","-","-","away",724
2015,"La Verne University","defense","Matt Howell","-","1","1","-/-","-","-/-","-","-","0-0","-/-","-","-","-","-","-","away",724
2015,"La Verne University","defense","Andrew Sova","-","-","-","-/-","-","-/-","-","-","0-0","-/-","-","-","-","1","-","away",724
2015,"Lewis and Clark College","defense","Campbell, Remin","6","3","9","-/-","-","-/-","-","-","0-1","1/-","-","-","-","-","-","home",722
2015,"Lewis and Clark College","defense","Retzlaff, Stein","3","6","9","-/-","-","-/-","-","-","0-0","-/-","-","-","-","-","-","home",722
2015,"Lewis and Clark College","defense","Tonga, Siosifa","5","3","8","-/-","-","-/-","-","-","0-0","-/-","-","-","1","-","-","home",722
2015,"Lewis and Clark College","defense","Mock, Deion","1","3","4","-/-","-","-/-","-","-","0-0","-/-","-","-","-","-","-","home",722
2015,"Lewis and Clark College","defense","Cena, Josh","2","2","4","-/-","-","-/-","-","-","0-0","-/-","-","-","1","-","-","home",722
2015,"Lewis and Clark College","defense","Iliscupidez, Jo","2","1","3","-/-","-","-/-","-","-","0-0","-/-","-","-","-","-","-","home",722
2015,"Lewis and Clark College","defense","Rogers, Lucas","2","1","3","-/-","-","-/-","-","-","0-0","-/-","-","-","-","-","-","home",722
2015,"Lewis and Clark College","defense","Salois, Gunnar","3","-","3","-/-","-","-/-","-","-","0-0","-/-","-","-","-","-","-","home",722
2015,"Lewis and Clark College","defense","Retzlaff, Thor","2","1","3","-/-","-","-/-","-","-","0-0","-/-","-","-","-","-","-","home",722
2015,"Lewis and Clark College","defense","Fitch, Alex","3","-","3","2.0/9","2.0","1.0/7","1.0","-","0-0","-/-","-","-","-","-","-","home",722
2015,"Lewis and Clark College","defense","Stacy, Dylan","2","-","2","-/-","-","-/-","-","-","0-0","-/-","-","-","-","-","-","home",722
2015,"Lewis and Clark College","defense","Fuentes, Cecil","2","-","2","-/-","-","-/-","-","-","0-0","-/-","-","-","-","-","-","home",722
2015,"Lewis and Clark College","defense","Magraw, Sean","1","1","2","-/-","-","-/-","-","-","0-0","-/-","-","-","-","-","-","home",722
2015,"Lewis and Clark College","defense","Johnson, Woody","-","2","2","-/-","-","-/-","-","-","0-0","-/-","-","-","-","-","-","home",722
2015,"Lewis and Clark College","defense","Avery, Noah","-","1","1","-/-","-","-/-","-","-","0-0","-/-","-","-","-","-","-","home",722
2015,"Lewis and Clark College","defense","Lao, Brandon","1","-","1","-/-","-","-/-","-","-","0-0","-/-","-","-","-","-","-","home",722
2015,"Lewis and Clark College","defense","Bulmer, Trevor","1","-","1","-/-","-","-/-","-","-","0-0","-/-","-","-","-","-","-","home",722
2015,"Lewis and Clark College","defense","Tostado, James","1","-","1","-/-","-","-/-","-","-","0-0","-/-","-","-","-","-","-","home",722
2015,"Lewis and Clark College","defense","Lutu, Kian","-","1","1","-/-","-","-/-","-","-","0-0","-/-","-","-","-","-","-","home",722
2015,"Lewis and Clark College","defense","White, J'juan","-","1","1","-/-","-","-/-","-","-","0-0","-/-","-","-","-","-","-","home",722
2015,"Lewis and Clark College","defense","Ingram, James","3","5","8","-/-","-","-/-","-","-","0-0","-/-","-","-","1","-","-","away",722
2015,"Lewis and Clark College","defense","Allan, Mitchell","5","3","8","-/-","-","-/-","-","-","0-0","-/-","-","-","-","-","-","away",722
2015,"Lewis and Clark College","defense","Quaid, Geno","2","4","6","-/-","-","-/-","-","-","0-0","-/-","-","-","-","-","-","away",722
2015,"Lewis and Clark College","defense","Sova, Andrew","3","2","5","1.0/6","1.0","-/-","-","1","1-0","-/-","-","-","-","-","-","away",722
2015,"Lewis and Clark College","defense","Bunce, Victor","4","1","5","-/-","-","-/-","-","-","0-0","-/-","1-0","1","1","-","-","away",722
2015,"Lewis and Clark College","defense","Wei, Henry","2","3","5","1.0/6","1.0","1.0/6","1.0","-","0-0","-/-","-","-","-","1","-","away",722
2015,"Lewis and Clark College","defense","Ramirez, Eduard","1","3","4","-/-","-","-/-","-","-","0-0","-/-","-","-","-","-","-","away",722
2015,"Lewis and Clark College","defense","Cooney, Mac","2","1","3","-/-","-","-/-","-","-","0-0","-/-","-","-","-","-","-","away",722
2015,"Lewis and Clark College","defense","MacDonald, Bren","1","2","3","-/-","-","-/-","-","-","0-0","-/-","1-0","1","1","-","-","away",722
2015,"Lewis and Clark College","defense","Stastny, Connor","1","1","2","-/-","-","-/-","-","-","0-0","-/-","-","-","-","-","-","away",722
2015,"Lewis and Clark College","defense","Adams, Gator","2","-","2","2.0/6","2.0","-/-","-","-","0-0","-/-","-","-","-","-","-","away",722
2015,"Lewis and Clark College","defense","Glasser, Jake","-","2","2","0.5/2","0.5","-/-","-","-","0-0","-/-","-","-","-","-","-","away",722
2015,"Lewis and Clark College","defense","Haughton, Ryan","2","-","2","-/-","-","-/-","-","-","0-1","1/-","-","-","-","-","-","away",722
2015,"Lewis and Clark College","defense","Weissenfels, Ro","1","-","1","-/-","-","-/-","-","-","0-0","-/-","-","-","-","-","-","away",722
2015,"Lewis and Clark College","defense","Smith, Trey","1","-","1","-/-","-","-/-","-","-","0-0","-/-","-","-","-","-","-","away",722
2015,"Lewis and Clark College","defense","Rouser, Wyatt","1","-","1","-/-","-","-/-","-","-","0-0","-/-","-","-","-","-","-","away",722
2015,"Lewis and Clark College","defense","Brown, Tiger","-","1","1","-/-","-","-/-","-","-","0-0","-/-","-","-","-","-","-","away",722
2015,"Lewis and Clark College","defense","Edwards, Will","-","1","1","-/-","-","-/-","-","-","0-0","-/-","-","-","-","-","-","away",722
2015,"Lewis and Clark College","defense","Shannon, Will","1","-","1","-/-","-","-/-","-","-","0-0","-/-","-","-","-","-","-","away",722
2015,"Lewis and Clark College","defense","Schattenkerk, J","-","1","1","0.5/1","0.5","-/-","-","-","0-0","-/-","-","-","-","-","-","away",722
2015,"Lewis and Clark College","defense","Slaats, Paul","1","-","1","-/-","-","-/-","-","-","0-0","-/-","-","-","-","-","-","away",722
2015,"Occidental College","defense","Paul Slaats","3","8","11","1.0/1","1.0","-/-","-","-","0-0","-/-","-","-","-","1","-","home",726
2015,"Occidental College","defense","James Ingram","7","3","10","-/-","-","-/-","-","-","0-0","-/-","-","-","1","-","-","home",726
2015,"Occidental College","defense","B. MacDonald","5","5","10","-/-","-","-/-","-","1","1-0","-/-","-","-","-","-","-","home",726
2015,"Occidental College","defense","Gator Adams","3","6","9","-/-","-","-/-","-","-","0-0","-/-","-","-","-","-","-","home",726
2015,"Occidental College","defense","R. Weissenfels","3","4","7","1.0/5","1.0","-/-","-","-","0-0","-/-","-","-","-","-","-","home",726
2015,"Occidental College","defense","Andrew Sova","1","6","7","-/-","-","-/-","-","-","0-0","-/-","-","-","-","-","-","home",726
2015,"Occidental College","defense","Geno Quaid","5","1","6","-/-","-","-/-","-","-","0-0","-/-","-","-","1","-","-","home",726
2015,"Occidental College","defense","Victor Bunce","3","2","5","-/-","-","-/-","-","-","0-0","-/-","2-0","2","2","-","-","home",726
2015,"Occidental College","defense","Tiger Brown","3","-","3","-/-","-","-/-","-","-","0-0","-/-","-","-","-","-","-","home",726
2015,"Occidental College","defense","Will Edwards","1","2","3","-/-","-","-/-","-","-","0-0","-/-","-","-","-","-","-","home",726
2015,"Occidental College","defense","Jake Glasser","1","2","3","1.0/1","1.0","-/-","-","-","0-0","-/-","-","-","-","-","-","home",726
2015,"Occidental College","defense","Mitchell Allan","1","1","2","-/-","-","-/-","-","-","0-0","-/-","-","-","-","-","-","home",726
2015,"Occidental College","defense","Trey Smith","-","1","1","-/-","-","-/-","-","-","0-0","-/-","-","-","-","-","-","home",726
2015,"Occidental College","defense","Eduardo Ramirez","-","1","1","-/-","-","-/-","-","-","0-0","-/-","-","-","-","-","-","home",726
2015,"Occidental College","defense","Connor Stastny","1","-","1","-/-","-","-/-","-","-","0-0","-/-","-","-","-","-","-","home",726
2015,"Occidental College","defense","Matthew Aven","1","-","1","-/-","-","-/-","-","-","0-0","-/-","-","-","-","-","-","home",726
2015,"Occidental College","defense","Henry Wei","-","1","1","-/-","-","-/-","-","-","0-0","-/-","-","-","-","-","-","home",726
2015,"Occidental College","defense","Andrew Frick","-","1","1","-/-","-","-/-","-","-","0-0","-/-","-","-","-","-","-","home",726
2015,"Occidental College","defense","Nicholas Mungia","7","7","14","-/-","-","-/-","-","-","0-0","-/-","-","-","-","-","-","away",726
2015,"Occidental College","defense","Chris Garcia","5","4","9","2.0/9","2.0","1.0/8","1.0","-","0-0","-/-","-","-","-","-","-","away",726
2015,"Occidental College","defense","M. Mulvehill","5","3","8","1.0/2","1.0","-/-","-","-","0-0","-/-","-","-","-","-","-","away",726
2015,"Occidental College","defense","Casey Dudley","1","6","7","-/-","-","-/-","-","-","0-0","-/-","-","-","-","-","-","away",726
2015,"Occidental College","defense","Evan Buckwalter","3","4","7","1.0/2","1.0","-/-","-","-","0-0","-/-","-","-","-","-","-","away",726
2015,"Occidental College","defense","Zachary Hunter","2","5","7","1.0/4","1.0","-/-","-","-","0-0","-/-","-","-","-","-","-","away",726
2015,"Occidental College","defense","Aaron Jones","2","4","6","1.5/8","1.5","-/-","-","1","1-1","1/63","-","-","-","-","-","away",726
2015,"Occidental College","defense","Chaz Shizumura","3","2","5","-/-","-","-/-","-","-","0-0","-/-","1-15","1","-","-","-","away",726
2015,"Occidental College","defense","Devin Chapman","2","3","5","-/-","-","-/-","-","-","0-0","-/-","-","-","-","-","-","away",726
2015,"Occidental College","defense","Elijah Duran","1","2","3","0.5/1","0.5","-/-","-","-","0-0","-/-","-","-","-","-","-","away",726
2015,"Occidental College","defense","Shay Mueller","1","2","3","-/-","-","-/-","-","-","0-0","-/-","-","-","1","-","-","away",726
2015,"Occidental College","defense","Garrett Van","1","1","2","-/-","-","-/-","-","-","0-0","-/-","-","-","-","-","-","away",726
2015,"Occidental College","defense","C. Rom-Toribio","1","1","2","-/-","-","-/-","-","-","0-0","-/-","-","-","-","-","-","away",726
2015,"Occidental College","defense","Carlton O'Neal","-","1","1","-/-","-","-/-","-","-","0-0","-/-","-","-","-","-","-","away",726
2015,"Occidental College","defense","Marcus McDuffie","-","1","1","-/-","-","-/-","-","-","0-0","-/-","-","-","-","-","-","away",726
2015,"Occidental College","defense","C. Malbrough","-","1","1","-/-","-","-/-","-","-","0-0","-/-","-","-","-","-","-","away",726
2015,"Occidental College","defense","Bryan Scott","1","-","1","-/-","-","-/-","-","1","1-0","-/-","-","-","-","-","-","away",726
2015,"Occidental College","defense","Max Gruber","-","1","1","-/-","-","-/-","-","-","0-0","-/-","-","-","-","-","-","away",726
2015,"Occidental College","defense","Jacob Shore","-","1","1","-/-","-","-/-","-","-","0-0","-/-","-","-","-","-","-","away",726
2015,"Occidental College","defense","Joey Garza","-","1","1","-/-","-","-/-","-","-","0-0","-/-","-","-","-","-","-","away",726
2015,"Occidental College","defense","Zach Heerwagen","-","1","1","-/-","-","-/-","-","-","0-0","-/-","-","-","-","-","-","away",726
2015,"Occidental College","defense","Will Sheerin","-","1","1","-/-","-","-/-","-","-","0-0","-/-","-","-","-","-","-","away",726
2015,"Occidental College","defense","TEAM","1","-","1","-/-","-","-/-","-","1","1-1","1/-","-","-","-","-","-","away",726
2015,"Pomona-Pitzer","defense","B. MacDonald","8","3","11","0.5/2","0.5","-/-","-","-","0-0","-/-","-","-","1","-","-","home",729
2015,"Pomona-Pitzer","defense","Victor Bunce","9","-","9","-/-","-","-/-","-","1","1-0","-/-","-","-","1","-","-","home",729
2015,"Pomona-Pitzer","defense","Paul Slaats","3","3","6","2.5/3","2.5","-/-","-","-","0-0","-/-","-","-","-","-","-","home",729
2015,"Pomona-Pitzer","defense","Tiger Brown","5","-","5","-/-","-","-/-","-","-","0-0","-/-","1-24","1","-","-","-","home",729
2015,"Pomona-Pitzer","defense","James Ingram","4","-","4","-/-","-","-/-","-","-","0-0","-/-","-","-","1","-","-","home",729
2015,"Pomona-Pitzer","defense","R. Weissenfels","2","1","3","0.5/1","0.5","-/-","-","-","0-1","1/-","-","-","-","-","-","home",729
2015,"Pomona-Pitzer","defense","Gator Adams","3","-","3","1.0/1","1.0","1.0/1","1.0","-","0-0","-/-","-","-","-","-","-","home",729
2015,"Pomona-Pitzer","defense","Geno Quaid","2","1","3","-/-","-","-/-","-","-","0-0","-/-","-","-","1","-","-","home",729
2015,"Pomona-Pitzer","defense","Eduardo Ramirez","2","-","2","-/-","-","-/-","-","-","0-0","-/-","-","-","-","-","-","home",729
2015,"Pomona-Pitzer","defense","Henry Wei","-","2","2","0.5/2","0.5","-/-","-","-","0-0","-/-","-","-","-","-","-","home",729
2015,"Pomona-Pitzer","defense","Mitchell Allan","2","-","2","-/-","-","-/-","-","-","0-0","-/-","-","-","-","-","-","home",729
2015,"Pomona-Pitzer","defense","Andrew Sova","-","1","1","-/-","-","-/-","-","-","0-0","-/-","-","-","-","-","-","home",729
2015,"Pomona-Pitzer","defense","Jake Glasser","1","-","1","1.0/8","1.0","1.0/8","1.0","-","0-0","-/-","-","-","-","-","-","home",729
2015,"Pomona-Pitzer","defense","Ryan Haughton","1","-","1","-/-","-","-/-","-","-","0-0","-/-","-","-","-","-","-","home",729
2015,"Pomona-Pitzer","defense","Andrew Frick","1","-","1","-/-","-","-/-","-","-","0-0","-/-","-","-","-","-","-","home",729
2015,"Pomona-Pitzer","defense","Patrick Dixon","-","1","1","-/-","-","-/-","-","-","0-0","-/-","-","-","-","-","-","home",729
2015,"Pomona-Pitzer","defense","Chris Cziesla","1","-","1","-/-","-","-/-","-","-","0-0","-/-","-","-","-","-","-","home",729
2015,"Pomona-Pitzer","defense","Evan Lloyd","5","6","11","0.5/-","0.5","-/-","-","-","0-0","-/-","-","-","-","-","-","away",729
2015,"Pomona-Pitzer","defense","David Howell","5","2","7","-/-","-","-/-","-","-","0-0","-/-","-","-","-","-","-","away",729
2015,"Pomona-Pitzer","defense","Andrew Phillips","2","4","6","-/-","-","-/-","-","-","0-0","-/-","-","-","-","-","-","away",729
2015,"Pomona-Pitzer","defense","Eric Smith","3","3","6","1.0/1","1.0","-/-","-","-","0-0","-/-","-","-","-","-","-","away",729
2015,"Pomona-Pitzer","defense","Zach Harris","3","3","6","1.0/10","1.0","1.0/10","1.0","-","0-0","-/-","-","-","1","-","-","away",729
2015,"Pomona-Pitzer","defense","Elan Harris","3","2","5","-/-","-","-/-","-","-","0-0","-/-","-","-","-","-","-","away",729
2015,"Pomona-Pitzer","defense","Adam Hinthorne","2","2","4","1.0/1","1.0","-/-","-","-","0-0","-/-","-","-","3","-","-","away",729
2015,"Pomona-Pitzer","defense","Conner Martinez","3","1","4","1.0/5","1.0","-/-","-","-","0-0","-/-","-","-","-","-","-","away",729
2015,"Pomona-Pitzer","defense","Charlie Fries","2","2","4","1.5/2","1.5","-/-","-","-","0-0","-/-","-","-","-","-","-","away",729
2015,"Pomona-Pitzer","defense","Brian Rauzi","3","-","3","-/-","-","-/-","-","-","0-0","-/-","-","-","-","-","-","away",729
2015,"Pomona-Pitzer","defense","Sean Cremin","1","2","3","-/-","-","-/-","-","-","0-0","-/-","-","-","-","-","-","away",729
2015,"Pomona-Pitzer","defense","Bulolo Jonga","1","1","2","-/-","-","-/-","-","-","0-0","-/-","-","-","-","-","-","away",729
2015,"Pomona-Pitzer","defense","Jack Storrs","2","-","2","-/-","-","-/-","-","-","0-0","-/-","-","-","-","-","-","away",729
2015,"Pomona-Pitzer","defense","Joe Ha","1","1","2","-/-","-","-/-","-","-","0-0","-/-","-","-","-","-","-","away",729
2015,"Pomona-Pitzer","defense","Blake Gunn","1","1","2","-/-","-","-/-","-","-","0-0","-/-","-","-","-","-","-","away",729
2015,"Pomona-Pitzer","defense","Nelson Cole","1","-","1","-/-","-","-/-","-","-","0-0","-/-","-","-","-","-","-","away",729
2015,"Pomona-Pitzer","defense","TEAM","1","-","1","-/-","-","-/-","-","-","0-0","-/-","-","-","-","-","-","away",729
2015,"University of Puget Sound","defense","B. MacDonald","2","12","14","-/-","-","-/-","-","-","0-0","-/-","-","-","-","-","-","home",721
2015,"University of Puget Sound","defense","Gator Adams","4","4","8","0.5/2","0.5","0.5/2","0.5","-","0-0","-/-","1-17","1","-","-","-","home",721
2015,"University of Puget Sound","defense","Henry Wei","1","6","7","0.5/1","0.5","-/-","-","-","0-0","-/-","-","-","-","-","-","home",721
2015,"University of Puget Sound","defense","J. Schattenkerk","3","4","7","-/-","-","-/-","-","-","0-0","-/-","-","-","-","-","-","home",721
2015,"University of Puget Sound","defense","James Ingram","4","1","5","-/-","-","-/-","-","-","0-0","-/-","-","-","-","-","-","home",721
2015,"University of Puget Sound","defense","Geno Quaid","2","3","5","-/-","-","-/-","-","-","0-0","-/-","1-0","1","-","-","-","home",721
2015,"University of Puget Sound","defense","Will Shannon","3","2","5","-/-","-","-/-","-","-","0-0","-/-","-","-","2","-","-","home",721
2015,"University of Puget Sound","defense","Andrew Sova","1","3","4","0.5/2","0.5","0.5/2","0.5","-","0-0","-/-","-","-","-","-","-","home",721
2015,"University of Puget Sound","defense","Eduardo Ramirez","3","1","4","1.0/1","1.0","-/-","-","-","0-0","-/-","-","-","-","-","-","home",721
2015,"University of Puget Sound","defense","Victor Bunce","4","-","4","1.0/3","1.0","-/-","-","-","0-0","-/-","3-107","3","1","-","-","home",721
2015,"University of Puget Sound","defense","Paul Slaats","-","4","4","0.5/-","0.5","-/-","-","-","0-0","-/-","-","-","-","-","-","home",721
2015,"University of Puget Sound","defense","Ryan Haughton","2","1","3","-/-","-","-/-","-","-","0-0","-/-","-","-","-","-","-","home",721
2015,"University of Puget Sound","defense","Wyatt Rouser","1","1","2","1.0/2","1.0","-/-","-","-","0-0","-/-","-","-","-","-","-","home",721
2015,"University of Puget Sound","defense","Tiger Brown","-","2","2","-/-","-","-/-","-","-","0-0","-/-","-","-","-","-","-","home",721
2015,"University of Puget Sound","defense","Jake Glasser","2","-","2","-/-","-","-/-","-","-","0-0","-/-","-","-","-","-","-","home",721
2015,"University of Puget Sound","defense","Mitchell Allan","-","2","2","-/-","-","-/-","-","-","0-0","-/-","-","-","-","-","-","home",721
2015,"University of Puget Sound","defense","Will Edwards","1","-","1","-/-","-","-/-","-","-","0-0","-/-","-","-","-","-","-","home",721
2015,"University of Puget Sound","defense","Mac Cooney","1","-","1","-/-","-","-/-","-","-","0-0","-/-","-","-","-","-","-","home",721
2015,"University of Puget Sound","defense","Matthew Aven","1","-","1","-/-","-","-/-","-","-","0-0","-/-","-","-","-","-","-","home",721
2015,"University of Puget Sound","defense","A.J. Herrera","-","1","1","-/-","-","-/-","-","-","0-0","-/-","-","-","1","-","-","home",721
2015,"University of Puget Sound","defense","Austin Crist","1","-","1","-/-","-","-/-","-","-","0-0","-/-","-","-","-","-","-","home",721
2015,"University of Puget Sound","defense","Patrick Dixon","-","1","1","-/-","-","-/-","-","-","0-0","-/-","-","-","-","-","-","home",721
2015,"University of Puget Sound","defense","TEAM","-","-","-","-/-","-","-/-","-","-","0-0","-/-","-","-","-","1","-","home",721
2015,"University of Puget Sound","defense","PILLING, B.","1","13","14","1.5/2","1.5","-/-","-","-","0-0","-/-","-","-","-","-","-","away",721
2015,"University of Puget Sound","defense","GILBERT, M.","2","11","13","1.0/1","1.0","-/-","-","-","0-1","1/-","-","-","-","-","-","away",721
2015,"University of Puget Sound","defense","WUESTHOFF, J.","6","7","13","1.5/4","1.5","-/-","-","2","2-0","-/-","-","-","-","-","-","away",721
2015,"University of Puget Sound","defense","MCCOY, B.","3","7","10","-/-","-","-/-","-","-","0-0","-/-","-","-","-","-","-","away",721
2015,"University of Puget Sound","defense","BEAULAURIER, C.","-","9","9","-/-","-","-/-","-","-","0-0","-/-","1-22","1","-","-","-","away",721
2015,"University of Puget Sound","defense","MOORE, A.","-","6","6","1.0/1","1.0","-/-","-","-","0-0","-/-","-","-","-","-","-","away",721
2015,"University of Puget Sound","defense","BULAK, A.","2","2","4","0.5/1","0.5","-/-","-","-","0-0","-/-","-","-","-","-","-","away",721
2015,"University of Puget Sound","defense","ZURFLUH, C.","1","2","3","0.5/-","0.5","-/-","-","-","0-0","-/-","-","-","-","-","-","away",721
2015,"University of Puget Sound","defense","OWUSU, D.","-","3","3","-/-","-","-/-","-","-","0-0","-/-","-","-","-","-","-","away",721
2015,"University of Puget Sound","defense","ESPEDAL, R.","2","-","2","-/-","-","-/-","-","-","0-0","-/-","-","-","-","-","-","away",721
2015,"University of Puget Sound","defense","GEARY, W.","1","1","2","-/-","-","-/-","-","-","0-0","-/-","-","-","-","-","-","away",721
2015,"University of Puget Sound","defense","HARTMANN, R.","1","1","2","-/-","-","-/-","-","-","0-0","-/-","-","-","-","-","-","away",721
2015,"University of Puget Sound","defense","LEE, C.","-","1","1","-/-","-","-/-","-","-","0-0","-/-","-","-","-","-","-","away",721
2015,"University of Puget Sound","defense","KINAST, N.","-","1","1","-/-","-","-/-","-","-","0-1","1/-","-","-","-","-","-","away",721
2015,"University of Puget Sound","defense","PERKOVICH, J.","-","1","1","-/-","-","-/-","-","-","0-0","-/-","-","-","-","-","-","away",721
2015,"University of Puget Sound","defense","TEATS, Z.","1","-","1","-/-","-","-/-","-","-","0-0","-/-","-","-","-","-","-","away",721
2015,"University of Puget Sound","defense","MCGUINN, M.","1","-","1","-/-","-","-/-","-","-","0-0","-/-","-","-","-","-","-","away",721
2015,"University of Puget Sound","defense","GILBERT, J.","-","1","1","-/-","-","-/-","-","-","0-0","-/-","-","-","-","-","-","away",721
2015,"University of Puget Sound","defense","TEAM","1","-","1","-/-","-","-/-","-","-","0-0","-/-","-","-","-","-","-","away",721
2015,"University of Puget Sound","defense","ANDRIS, M.","-","-","-","-/-","-","-/-","-","-","0-0","-/-","-","-","1","-","-","away",721
2015,"University of Redlands","defense","B. MacDonald","3","8","11","-/-","-","-/-","-","-","0-0","-/-","-","-","-","-","-","home",725
2015,"University of Redlands","defense","James Ingram","5","5","10","-/-","-","-/-","-","-","0-0","-/-","-","-","-","-","-","home",725
2015,"University of Redlands","defense","Geno Quaid","3","5","8","-/-","-","-/-","-","-","0-0","-/-","-","-","-","-","-","home",725
2015,"University of Redlands","defense","Henry Wei","-","6","6","-/-","-","-/-","-","-","0-0","-/-","-","-","-","-","-","home",725
2015,"University of Redlands","defense","R. Weissenfels","3","2","5","-/-","-","-/-","-","-","0-0","-/-","-","-","-","-","-","home",725
2015,"University of Redlands","defense","Gator Adams","2","3","5","-/-","-","-/-","-","-","0-0","-/-","-","-","-","-","-","home",725
2015,"University of Redlands","defense","Andrew Sova","3","1","4","1.0/1","1.0","-/-","-","-","0-0","-/-","-","-","-","-","-","home",725
2015,"University of Redlands","defense","Eduardo Ramirez","-","4","4","-/-","-","-/-","-","-","0-0","-/-","-","-","1","-","-","home",725
2015,"University of Redlands","defense","Victor Bunce","1","3","4","-/-","-","-/-","-","-","0-0","-/-","2-0","2","-","-","-","home",725
2015,"University of Redlands","defense","Paul Slaats","1","2","3","-/-","-","-/-","-","-","0-0","-/-","-","-","-","-","-","home",725
2015,"University of Redlands","defense","Tiger Brown","1","1","2","-/-","-","-/-","-","-","0-0","-/-","-","-","-","-","-","home",725
2015,"University of Redlands","defense","Andrew Frick","-","2","2","-/-","-","-/-","-","-","0-0","-/-","-","-","-","-","-","home",725
2015,"University of Redlands","defense","Trey Smith","-","1","1","-/-","-","-/-","-","-","0-0","-/-","-","-","-","-","-","home",725
2015,"University of Redlands","defense","Will Edwards","-","1","1","-/-","-","-/-","-","-","0-0","-/-","-","-","-","-","-","home",725
2015,"University of Redlands","defense","Austin Crist","1","-","1","-/-","-","-/-","-","-","0-0","-/-","-","-","-","-","-","home",725
2015,"University of Redlands","defense","Will Shannon","-","-","-","-/-","-","-/-","-","-","0-0","-/-","-","-","1","-","-","home",725
2015,"University of Redlands","defense","Mitchell Allan","-","-","-","-/-","-","-/-","-","-","0-0","-/-","-","-","1","-","-","home",725
2015,"University of Redlands","defense","Colin Spencer","10","2","12","-/-","-","-/-","-","-","0-0","-/-","-","-","-","-","-","away",725
2015,"University of Redlands","defense","Davis Peralta","4","8","12","1.0/5","1.0","-/-","-","-","0-0","-/-","-","-","-","-","-","away",725
2015,"University of Redlands","defense","Aaron Mandell","4","8","12","1.0/3","1.0","-/-","-","-","0-0","-/-","1-0","1","1","-","-","away",725
2015,"University of Redlands","defense","Justin Lantz","4","8","12","-/-","-","-/-","-","-","0-0","-/-","-","-","-","-","-","away",725
2015,"University of Redlands","defense","Mitch Shepherd","-","9","9","-/-","-","-/-","-","-","0-0","-/-","-","-","-","-","-","away",725
2015,"University of Redlands","defense","Conner Purnell","1","7","8","-/-","-","-/-","-","-","0-0","-/-","-","-","-","-","-","away",725
2015,"University of Redlands","defense","Jack Rulon","3","3","6","1.0/3","1.0","-/-","-","-","0-0","-/-","-","-","-","-","-","away",725
2015,"University of Redlands","defense","Adr. Rodriguez","1","4","5","-/-","-","-/-","-","-","0-0","-/-","-","-","-","-","-","away",725
2015,"University of Redlands","defense","Adam Goss","2","2","4","-/-","-","-/-","-","-","0-0","-/-","-","-","-","-","-","away",725
2015,"University of Redlands","defense","Griffin Lord","2","2","4","-/-","-","-/-","-","-","0-0","-/-","-","-","-","-","-","away",725
2015,"University of Redlands","defense","Tristan Corwin","1","3","4","-/-","-","-/-","-","-","0-0","-/-","-","-","-","-","-","away",725
2015,"University of Redlands","defense","Mike Khoury","2","1","3","1.0/2","1.0","-/-","-","-","0-0","-/-","-","-","-","-","-","away",725
2015,"University of Redlands","defense","Jalen DeVine","-","2","2","-/-","-","-/-","-","-","0-0","-/-","-","-","-","-","-","away",725
2015,"University of Redlands","defense","Brian Keyser","-","2","2","-/-","-","-/-","-","-","0-0","-/-","-","-","-","-","-","away",725
2015,"University of Redlands","defense","Trevor Raras","1","1","2","-/-","-","-/-","-","-","0-0","-/-","-","-","-","-","-","away",725
2015,"University of Redlands","defense","Josiah Alvira","-","1","1","-/-","-","-/-","-","-","0-0","-/-","-","-","-","-","-","away",725
2015,"University of Redlands","defense","Devin Guidry","1","-","1","-/-","-","-/-","-","-","0-0","-/-","-","-","-","-","-","away",725
2015,"University of Redlands","defense","Tobias Dates","-","1","1","-/-","-","-/-","-","-","0-0","-/-","-","-","-","-","-","away",725
2015,"University of Redlands","defense","Luke Simpson","-","1","1","-/-","-","-/-","-","-","0-0","-/-","-","-","-","-","-","away",725
2015,"University of Redlands","defense","TEAM","-","1","1","-/-","-","-/-","-","-","0-0","-/-","-","-","-","-","-","away",725
2015,"Whittier College","defense","A. Brasher","4","6","10","1.0/3","1.0","-/-","-","-","0-0","-/-","-","-","-","-","-","home",728
2015,"Whittier College","defense","D. Villasenor","2","6","8","-/-","-","-/-","-","-","0-0","-/-","-","-","1","-","-","home",728
2015,"Whittier College","defense","N. Markarian","4","4","8","0.5/1","0.5","-/-","-","-","0-0","-/-","-","-","-","-","-","home",728
2015,"Whittier College","defense","T. Hillman","2","3","5","-/-","-","-/-","-","-","0-0","-/-","-","-","-","-","-","home",728
2015,"Whittier College","defense","G. Verdugo","2","3","5","0.5/1","0.5","-/-","-","-","0-0","-/-","-","-","1","-","-","home",728
2015,"Whittier College","defense","M. Tabarez","1","4","5","1.0/1","1.0","-/-","-","-","0-0","-/-","-","-","-","-","-","home",728
2015,"Whittier College","defense","J. Castanos","-","5","5","0.5/2","0.5","-/-","-","-","0-0","-/-","-","-","-","-","-","home",728
2015,"Whittier College","defense","R. Duenas","-","4","4","0.5/2","0.5","-/-","-","-","0-0","-/-","-","-","-","-","-","home",728
2015,"Whittier College","defense","L. Schroeder","-","3","3","-/-","-","-/-","-","-","0-0","-/-","-","-","-","-","-","home",728
2015,"Whittier College","defense","T. Ballard","-","2","2","0.5/1","0.5","-/-","-","-","0-0","-/-","-","-","1","-","-","home",728
2015,"Whittier College","defense","B. Thomas","2","-","2","-/-","-","-/-","-","-","0-0","-/-","-","-","-","-","-","home",728
2015,"Whittier College","defense","I. Dixon","-","2","2","-/-","-","-/-","-","-","0-1","1/-","-","-","-","-","-","home",728
2015,"Whittier College","defense","D. Lantow","1","-","1","-/-","-","-/-","-","-","0-0","-/-","-","-","-","-","-","home",728
2015,"Whittier College","defense","B. Carter","-","1","1","-/-","-","-/-","-","-","0-0","-/-","-","-","-","-","-","home",728
2015,"Whittier College","defense","M. Hedlund","-","1","1","0.5/1","0.5","-/-","-","-","0-0","-/-","-","-","-","-","-","home",728
2015,"Whittier College","defense","A. Lopez","1","-","1","-/-","-","-/-","-","-","0-0","-/-","-","-","-","-","-","home",728
2015,"Whittier College","defense","TEAM","1","-","1","-/-","-","-/-","-","-","0-0","-/-","-","-","-","-","-","home",728
2015,"Whittier College","defense","B. MacDonald","6","6","12","0.5/-","0.5","-/-","-","-","0-0","-/-","-","-","-","-","-","away",728
2015,"Whittier College","defense","Paul Slaats","3","7","10","2.5/7","2.5","1.0/4","1.0","-","0-0","-/-","-","-","-","-","-","away",728
2015,"Whittier College","defense","Victor Bunce","4","1","5","-/-","-","-/-","-","-","0-1","1/-","-","-","3","-","-","away",728
2015,"Whittier College","defense","Gator Adams","2","3","5","2.0/7","2.0","-/-","-","-","0-0","-/-","-","-","-","-","-","away",728
2015,"Whittier College","defense","Andrew Sova","-","4","4","1.0/2","1.0","-/-","-","-","0-0","-/-","-","-","-","-","-","away",728
2015,"Whittier College","defense","Eduardo Ramirez","1","3","4","-/-","-","-/-","-","-","0-0","-/-","-","-","-","-","-","away",728
2015,"Whittier College","defense","Tiger Brown","2","2","4","-/-","-","-/-","-","-","0-0","-/-","-","-","-","-","-","away",728
2015,"Whittier College","defense","R. Weissenfels","3","-","3","-/-","-","-/-","-","-","0-0","-/-","-","-","-","-","-","away",728
2015,"Whittier College","defense","James Ingram","1","2","3","-/-","-","-/-","-","-","0-0","-/-","-","-","-","-","-","away",728
2015,"Whittier College","defense","Will Edwards","2","1","3","-/-","-","-/-","-","-","0-0","-/-","-","-","-","-","-","away",728
2015,"Whittier College","defense","Henry Wei","1","2","3","-/-","-","-/-","-","1","1-0","-/-","-","-","-","-","-","away",728
2015,"Whittier College","defense","C. Tchamitchian","-","3","3","0.5/1","0.5","-/-","-","-","0-0","-/-","-","-","-","-","-","away",728
2015,"Whittier College","defense","Andrew Frick","1","2","3","0.5/2","0.5","-/-","-","-","0-0","-/-","-","-","-","-","-","away",728
2015,"Whittier College","defense","Trevor Lewis","2","-","2","-/-","-","-/-","-","-","0-0","-/-","-","-","-","-","-","away",728
2015,"Whittier College","defense","Ryan Haughton","1","1","2","-/-","-","-/-","-","-","0-0","-/-","-","-","-","-","-","away",728
2015,"Whittier College","defense","J. Schattenkerk","1","1","2","0.5/1","0.5","-/-","-","-","0-0","-/-","-","-","-","-","-","away",728
2015,"Whittier College","defense","Geno Quaid","-","1","1","-/-","-","-/-","-","-","0-0","-/-","1-24","1","-","-","-","away",728
2015,"Whittier College","defense","Matthew Aven","1","-","1","-/-","-","-/-","-","-","0-0","-/-","-","-","-","-","-","away",728
2015,"Whittier College","defense","Jake Glasser","1","-","1","-/-","-","-/-","-","-","0-0","-/-","-","-","-","-","-","away",728
2015,"Whittier College","defense","Omar Rodriguez","-","1","1","0.5/3","0.5","-/-","-","-","0-0","-/-","-","-","-","-","-","away",728
2015,"Whittier College","defense","Matt Howell","-","1","1","-/-","-","-/-","-","-","0-0","-/-","-","-","-","-","-","away",728
2015,"Whittier College","defense","Mitchell Allan","-","1","1","-/-","-","-/-","-","-","0-0","-/-","-","-","-","-","-","away",728
2015,"Whittier College","defense","Elijah Jackson","-","-","-","-/-","-","-/-","-","-","0-0","-/-","1-1","1","-","-","-","away",728
2016,"Cal Lutheran University","defense","Mitchell Allan","3","7","10","-/-","-","-/-","-","-","0-0","-/-","-","-","-","-","-","home",7526
2016,"Cal Lutheran University","defense","Griffin Lazarus","5","3","8","-/-","-","-/-","-","-","0-0","-/-","-","-","-","-","-","home",7526
2016,"Cal Lutheran University","defense","Will Edwards","4","4","8","2.0/4","2.0","-/-","-","-","0-0","-/-","-","-","-","-","-","home",7526
2016,"Cal Lutheran University","defense","Robby Weissenfels","4","3","7","-/-","-","-/-","-","-","0-0","-/-","-","-","-","3","-","home",7526
2016,"Cal Lutheran University","defense","Brendan MacDonald","2","5","7","-/-","-","-/-","-","-","0-1","1/1","-","-","1","-","-","home",7526
2016,"Cal Lutheran University","defense","Victor Bunce","2","3","5","-/-","-","-/-","-","-","0-0","-/-","-","-","-","-","-","home",7526
2016,"Cal Lutheran University","defense","Tyson-Jay Saena","1","4","5","-/-","-","-/-","-","-","0-0","-/-","-","-","-","-","-","home",7526
2016,"Cal Lutheran University","defense","Mackenzie Cooney","2","2","4","-/-","-","-/-","-","-","0-0","-/-","-","-","1","-","-","home",7526
2016,"Cal Lutheran University","defense","Jake Glasser","2","2","4","1.0/2","1.0","1.0/2","1.0","-","0-0","-/-","-","-","-","-","-","home",7526
2016,"Cal Lutheran University","defense","Paul Slaats","-","4","4","-/-","-","-/-","-","-","0-0","-/-","-","-","-","-","-","home",7526
2016,"Cal Lutheran University","defense","Tiger Brown","2","1","3","-/-","-","-/-","-","-","0-0","-/-","-","-","-","-","-","home",7526
2016,"Cal Lutheran University","defense","Geno Quaid","1","1","2","-/-","-","-/-","-","-","0-0","-/-","-","-","2","-","-","home",7526
2016,"Cal Lutheran University","defense","Frankie Rayis","-","2","2","-/-","-","-/-","-","-","0-0","-/-","-","-","-","-","-","home",7526
2016,"Cal Lutheran University","defense","Luke Livingston","1","1","2","-/-","-","-/-","-","-","0-0","-/-","-","-","-","-","-","home",7526
2016,"Cal Lutheran University","defense","TEAM","2","-","2","1.0/1","1.0","-/-","-","2","2-0","-/-","-","-","-","-","-","home",7526
2016,"Cal Lutheran University","defense","Matthew Aven","1","-","1","-/-","-","-/-","-","-","0-0","-/-","-","-","-","-","-","home",7526
2016,"Cal Lutheran University","defense","Connor Pederson","1","-","1","-/-","-","-/-","-","-","0-0","-/-","-","-","-","-","-","home",7526
2016,"Cal Lutheran University","defense","James Plunk","1","-","1","-/-","-","-/-","-","-","0-0","-/-","-","-","-","-","-","home",7526
2016,"Cal Lutheran University","defense","Christian Tchamitchian","-","1","1","-/-","-","-/-","-","-","0-0","-/-","-","-","-","-","-","home",7526
2016,"Cal Lutheran University","defense","Lukas Svitek","-","1","1","-/-","-","-/-","-","-","0-0","-/-","-","-","-","-","-","home",7526
2016,"Cal Lutheran University","defense","Patrick Dixon","1","-","1","-/-","-","-/-","-","-","0-0","-/-","-","-","-","-","-","home",7526
2016,"Cal Lutheran University","defense","Jackson Zeledon","-","-","-","-/-","-","-/-","-","-","0-1","1/-","-","-","-","-","-","home",7526
2016,"Cal Lutheran University","defense","Trevor Roe","4","7","11","1.0/1","1.0","-/-","-","-","0-0","-/-","-","-","1","-","-","away",7526
2016,"Cal Lutheran University","defense","Acquarey Eddington","3","5","8","2.0/10","2.0","1.0/6","1.0","-","0-0","-/-","-","-","-","-","-","away",7526
2016,"Cal Lutheran University","defense","Tyler Hood","1","7","8","0.5/1","0.5","0.5/1","0.5","-","0-0","-/-","-","-","1","-","-","away",7526
2016,"Cal Lutheran University","defense","Anthony Rios-Carlsen","1","5","6","-/-","-","-/-","-","-","0-0","-/-","-","-","-","-","-","away",7526
2016,"Cal Lutheran University","defense","Xavier Fuery","-","6","6","0.5/1","0.5","-/-","-","-","0-0","-/-","-","-","-","-","-","away",7526
2016,"Cal Lutheran University","defense","Ty Lozano","2","3","5","0.5/2","0.5","-/-","-","-","0-0","-/-","-","-","1","-","-","away",7526
2016,"Cal Lutheran University","defense","Nick Gordon","1","4","5","-/-","-","-/-","-","-","0-1","1/35","-","-","-","-","-","away",7526
2016,"Cal Lutheran University","defense","TEAM","4","1","5","2.0/32","2.0","-/-","-","4","4-0","-/-","-","-","1","-","-","away",7526
2016,"Cal Lutheran University","defense","Jerome Hull","3","1","4","-/-","-","-/-","-","-","0-0","-/-","1-0","1","2","-","-","away",7526
2016,"Cal Lutheran University","defense","DeJon Rothschild","-","3","3","0.5/2","0.5","0.5/2","0.5","-","0-1","1/-","-","-","-","-","-","away",7526
2016,"Cal Lutheran University","defense","Lucas Quinn","2","1","3","-/-","-","-/-","-","-","0-0","-/-","-","-","-","-","-","away",7526
2016,"Cal Lutheran University","defense","Josh Cruz","1","2","3","-/-","-","-/-","-","-","0-0","-/-","-","-","-","-","-","away",7526
2016,"Cal Lutheran University","defense","Auston Kniseley","-","2","2","-/-","-","-/-","-","-","0-0","-/-","-","-","-","-","-","away",7526
2016,"Cal Lutheran University","defense","Kris Turner-Jackson","-","1","1","-/-","-","-/-","-","-","0-1","1/-","-","-","-","-","-","away",7526
2016,"Cal Lutheran University","defense","Diego Hernandez","1","-","1","-/-","-","-/-","-","-","0-0","-/-","-","-","-","-","-","away",7526
2016,"Cal Lutheran University","defense","Laz Ford","-","1","1","-/-","-","-/-","-","-","0-0","-/-","-","-","-","-","-","away",7526
2016,"Cal Lutheran University","defense","Isaac Seymour","1","-","1","-/-","-","-/-","-","-","0-0","-/-","-","-","-","-","-","away",7526
2016,"Cal Lutheran University","defense","Obasi Dees","-","1","1","-/-","-","-/-","-","-","0-0","-/-","-","-","-","-","-","away",7526
2016,"Cal Lutheran University","defense","Nathaniel Thompson","-","1","1","-/-","-","-/-","-","-","0-0","-/-","-","-","-","-","-","away",7526
2016,"Cal Lutheran University","defense","Johnny Wise","-","1","1","-/-","-","-/-","-","-","0-0","-/-","-","-","-","-","-","away",7526
2016,"Cal Lutheran University","defense","Michael Welch","-","1","1","-/-","-","-/-","-","-","0-0","-/-","-","-","-","-","-","away",7526
2016,"Cal Lutheran University","defense","Andrew Vasquez","-","1","1","-/-","-","-/-","-","-","0-0","-/-","-","-","-","-","-","away",7526
2016,"Cal Lutheran University","defense","Kaiden Mowery","-","1","1","-/-","-","-/-","-","-","0-0","-/-","-","-","-","-","-","away",7526
2016,"Cal Lutheran University","defense","Logan Sanders","-","-","-","-/-","-","-/-","-","-","0-0","-/-","-","-","1","-","-","away",7526
2016,"Chapman University","defense","Brendan MacDonald","1","5","6","1.5/10","1.5","1.0/9","1.0","-","0-0","-/-","-","-","-","-","-","home",7529
2016,"Chapman University","defense","Jake Glasser","3","2","5","3.5/11","3.5","2.0/10","2.0","-","0-0","-/-","-","-","-","-","-","home",7529
2016,"Chapman University","defense","Tyson-Jay Saena","3","1","4","-/-","-","-/-","-","-","0-0","-/-","-","-","-","-","-","home",7529
2016,"Chapman University","defense","Paul Slaats","3","1","4","1.0/1","1.0","1.0/1","1.0","-","0-0","-/-","-","-","-","-","-","home",7529
2016,"Chapman University","defense","Mitchell Allan","3","1","4","1.0/3","1.0","-/-","-","-","0-0","-/-","-","-","-","-","-","home",7529
2016,"Chapman University","defense","Mackenzie Cooney","2","1","3","-/-","-","-/-","-","-","0-0","-/-","-","-","-","-","-","home",7529
2016,"Chapman University","defense","Robby Weissenfels","-","3","3","-/-","-","-/-","-","-","0-0","-/-","-","-","-","1","-","home",7529
2016,"Chapman University","defense","Victor Bunce","3","-","3","-/-","-","-/-","-","-","0-0","-/-","1-0","1","1","-","-","home",7529
2016,"Chapman University","defense","Kevin Shoyer","-","2","2","-/-","-","-/-","-","-","0-0","-/-","-","-","-","-","-","home",7529
2016,"Chapman University","defense","Geno Quaid","1","1","2","1.0/6","1.0","-/-","-","-","0-0","-/-","-","-","-","-","-","home",7529
2016,"Chapman University","defense","Christian Curcio","2","-","2","-/-","-","-/-","-","-","0-0","-/-","-","-","-","-","-","home",7529
2016,"Chapman University","defense","Christian Tchamitchian","1","1","2","1.0/6","1.0","1.0/6","1.0","-","0-0","-/-","-","-","-","-","-","home",7529
2016,"Chapman University","defense","Tiger Brown","1","-","1","-/-","-","-/-","-","-","0-0","-/-","-","-","-","-","-","home",7529
2016,"Chapman University","defense","Will Edwards","1","-","1","1.0/1","1.0","-/-","-","-","0-0","-/-","-","-","-","-","-","home",7529
2016,"Chapman University","defense","Gator Adams","1","-","1","1.0/6","1.0","1.0/6","1.0","-","0-0","-/-","-","-","-","-","-","home",7529
2016,"Chapman University","defense","Connor Pederson","1","-","1","-/-","-","-/-","-","-","0-0","-/-","-","-","-","-","-","home",7529
2016,"Chapman University","defense","James Plunk","-","1","1","-/-","-","-/-","-","-","0-0","-/-","-","-","-","-","-","home",7529
2016,"Chapman University","defense","Ryan Haughton","-","1","1","-/-","-","-/-","-","-","0-0","-/-","-","-","-","-","-","home",7529
2016,"Chapman University","defense","Patrick Dixon","1","-","1","-/-","-","-/-","-","-","0-0","-/-","-","-","-","-","-","home",7529
2016,"Chapman University","defense","Eddie Favors III","6","8","14","0.5/1","0.5","-/-","-","-","0-0","-/-","-","-","-","-","-","away",7529
2016,"Chapman University","defense","Devin Ray","5","5","10","-/-","-","-/-","-","-","0-0","-/-","-","-","-","-","-","away",7529
2016,"Chapman University","defense","Miles Ahles","2","7","9","-/-","-","-/-","-","-","0-0","-/-","-","-","-","-","-","away",7529
2016,"Chapman University","defense","Christopher Williams","5","2","7","0.5/-","0.5","-/-","-","-","0-0","-/-","-","-","1","1","-","away",7529
2016,"Chapman University","defense","Adam O'Shea","-","6","6","0.5/1","0.5","-/-","-","-","0-0","-/-","-","-","-","-","-","away",7529
2016,"Chapman University","defense","Austin Pyka","-","6","6","0.5/2","0.5","-/-","-","-","0-0","-/-","-","-","-","-","-","away",7529
2016,"Chapman University","defense","Andrew Dieken","1","4","5","2.0/4","2.0","0.5/2","0.5","-","0-0","-/-","-","-","1","-","-","away",7529
2016,"Chapman University","defense","Ben Wadors","-","3","3","0.5/1","0.5","-/-","-","-","0-0","-/-","-","-","-","-","-","away",7529
2016,"Chapman University","defense","Devin Kelly","3","-","3","-/-","-","-/-","-","-","0-0","-/-","-","-","-","-","-","away",7529
2016,"Chapman University","defense","Ron Washington","1","2","3","-/-","-","-/-","-","-","0-0","-/-","-","-","-","-","-","away",7529
2016,"Chapman University","defense","Curt Calomeni","2","1","3","-/-","-","-/-","-","-","0-0","-/-","-","-","-","-","-","away",7529
2016,"Chapman University","defense","Kayvan Aminzadeh","-","2","2","-/-","-","-/-","-","-","0-0","-/-","-","-","-","-","-","away",7529
2016,"Chapman University","defense","Lorenzo Marks","1","1","2","-/-","-","-/-","-","-","0-0","-/-","1-0","1","-","-","-","away",7529
2016,"Chapman University","defense","Noah Doneen","1","1","2","-/-","-","-/-","-","1","1-0","-/-","-","-","1","-","-","away",7529
2016,"Chapman University","defense","Ethan Weinstein","1","-","1","-/-","-","-/-","-","-","0-0","-/-","-","-","-","-","-","away",7529
2016,"Chapman University","defense","Matthew Layton","1","-","1","-/-","-","-/-","-","-","0-0","-/-","-","-","-","-","-","away",7529
2016,"Chapman University","defense","Trevor Ross","-","1","1","-/-","-","-/-","-","-","0-0","-/-","-","-","-","-","-","away",7529
2016,"Chapman University","defense","Dominic Ashley","-","1","1","-/-","-","-/-","-","-","0-0","-/-","-","-","-","-","-","away",7529
2016,"Chapman University","defense","Ben Bruce","-","1","1","-/-","-","-/-","-","-","0-0","-/-","-","-","-","-","-","away",7529
2016,"Chapman University","defense","Noah Kjos","-","1","1","-/-","-","-/-","-","-","0-0","-/-","-","-","-","-","-","away",7529
2016,"Chapman University","defense","Derek Hart","-","1","1","0.5/1","0.5","0.5/1","0.5","-","0-0","-/-","-","-","-","-","-","away",7529
2016,"Chapman University","defense","Roy Berry","-","1","1","-/-","-","-/-","-","-","0-0","-/-","-","-","-","-","-","away",7529
2016,"Chapman University","defense","Ricky Medeiros","-","1","1","-/-","-","-/-","-","-","0-0","-/-","-","-","-","-","-","away",7529
2016,"Chapman University","defense","Dominic Luca","-","1","1","-/-","-","-/-","-","-","0-0","-/-","-","-","-","-","-","away",7529
2016,"Chapman University","defense","TEAM","1","-","1","-/-","-","-/-","-","-","0-0","-/-","-","-","1","-","-","away",7529
2016,"La Verne University","defense","Henry Wei","8","3","11","3.0/20","3.0","2.0/19","2.0","-","0-0","-/-","-","-","-","-","-","home",7528
2016,"La Verne University","defense","Jake Glasser","6","4","10","3.5/8","3.5","1.0/5","1.0","1","1-0","-/-","-","-","-","-","-","home",7528
2016,"La Verne University","defense","Brendan MacDonald","3","7","10","1.0/1","1.0","-/-","-","-","0-0","-/-","-","-","-","-","-","home",7528
2016,"La Verne University","defense","Will Edwards","5","4","9","-/-","-","-/-","-","-","0-0","-/-","-","-","-","-","-","home",7528
2016,"La Verne University","defense","Kevin Shoyer","4","2","6","-/-","-","-/-","-","-","0-0","-/-","-","-","-","-","-","home",7528
2016,"La Verne University","defense","Robby Weissenfels","3","2","5","-/-","-","-/-","-","-","0-0","-/-","-","-","-","-","-","home",7528
2016,"La Verne University","defense","Geno Quaid","2","2","4","-/-","-","-/-","-","-","0-0","-/-","1-5","1","1","-","-","home",7528
2016,"La Verne University","defense","Mitchell Allan","2","2","4","1.0/1","1.0","-/-","-","-","0-0","-/-","-","-","1","-","-","home",7528
2016,"La Verne University","defense","Paul Slaats","-","3","3","-/-","-","-/-","-","-","0-0","-/-","-","-","-","-","-","home",7528
2016,"La Verne University","defense","Jackson Zeledon","1","1","2","-/-","-","-/-","-","-","0-0","-/-","-","-","-","-","-","home",7528
2016,"La Verne University","defense","Tiger Brown","2","-","2","-/-","-","-/-","-","-","0-0","-/-","-","-","-","-","-","home",7528
2016,"La Verne University","defense","Victor Bunce","2","-","2","-/-","-","-/-","-","-","0-0","-/-","-","-","1","-","-","home",7528
2016,"La Verne University","defense","Eamon Gallagher","-","1","1","-/-","-","-/-","-","-","0-0","-/-","-","-","-","-","-","home",7528
2016,"La Verne University","defense","Connor Pederson","1","-","1","-/-","-","-/-","-","-","0-0","-/-","-","-","-","-","-","home",7528
2016,"La Verne University","defense","Kanoa Gilliland","-","1","1","0.5/2","0.5","-/-","-","-","0-0","-/-","-","-","-","-","-","home",7528
2016,"La Verne University","defense","Christian Tchamitchian","1","-","1","-/-","-","-/-","-","-","0-0","-/-","-","-","-","-","-","home",7528
2016,"La Verne University","defense","Tyson-Jay Saena","1","-","1","-/-","-","-/-","-","-","0-0","-/-","-","-","-","-","-","home",7528
2016,"La Verne University","defense","Austin Brown","4","5","9","2.5/9","2.5","1.0/7","1.0","-","0-0","-/-","-","-","-","-","-","away",7528
2016,"La Verne University","defense","Josh Hardy","2","5","7","1.0/7","1.0","1.0/7","1.0","-","0-0","-/-","-","-","2","-","-","away",7528
2016,"La Verne University","defense","Alexander Martinez","2","5","7","-/-","-","-/-","-","-","0-0","-/-","-","-","-","-","-","away",7528
2016,"La Verne University","defense","Conner Johnson","3","4","7","-/-","-","-/-","-","-","0-0","-/-","-","-","-","-","-","away",7528
2016,"La Verne University","defense","Cameron Graham","1","6","7","0.5/1","0.5","-/-","-","-","0-0","-/-","-","-","-","-","-","away",7528
2016,"La Verne University","defense","Jose Aguero","4","2","6","-/-","-","-/-","-","-","0-0","-/-","-","-","1","-","-","away",7528
2016,"La Verne University","defense","Josh Padilla","3","1","4","1.0/3","1.0","-/-","-","-","0-0","-/-","-","-","-","-","-","away",7528
2016,"La Verne University","defense","Derrin Hooks","2","2","4","0.5/1","0.5","-/-","-","-","0-0","-/-","-","-","-","-","-","away",7528
2016,"La Verne University","defense","David Kain","1","2","3","-/-","-","-/-","-","-","0-0","-/-","-","-","-","-","-","away",7528
2016,"La Verne University","defense","Mikael Bunse","-","3","3","0.5/1","0.5","-/-","-","-","0-0","-/-","-","-","-","-","-","away",7528
2016,"La Verne University","defense","TEAM","3","-","3","2.0/22","2.0","-/-","-","1","1-0","-/-","-","-","-","-","-","away",7528
2016,"La Verne University","defense","Blayr Stone","-","2","2","-/-","-","-/-","-","-","0-0","-/-","-","-","-","-","-","away",7528
2016,"La Verne University","defense","James Ferraro","-","2","2","-/-","-","-/-","-","-","0-0","-/-","-","-","-","-","-","away",7528
2016,"La Verne University","defense","Tucker Hartmann","1","1","2","-/-","-","-/-","-","-","0-0","-/-","-","-","-","-","-","away",7528
2016,"La Verne University","defense","An-Tony Young","2","-","2","-/-","-","-/-","-","-","0-0","-/-","-","-","-","-","-","away",7528
2016,"La Verne University","defense","Derrick Nubia","-","2","2","-/-","-","-/-","-","-","0-0","-/-","-","-","-","-","-","away",7528
2016,"La Verne University","defense","Robby Bagley III","2","-","2","1.0/3","1.0","-/-","-","-","0-0","-/-","-","-","-","-","-","away",7528
2016,"La Verne University","defense","Shawn Kagan","-","2","2","-/-","-","-/-","-","-","0-0","-/-","-","-","-","-","-","away",7528
2016,"La Verne University","defense","Russell Boucher","1","-","1","-/-","-","-/-","-","-","0-0","-/-","-","-","-","-","-","away",7528
2016,"La Verne University","defense","George Evans III","-","1","1","-/-","-","-/-","-","-","0-0","-/-","-","-","-","-","-","away",7528
2016,"La Verne University","defense","Matt Nishanian","1","-","1","-/-","-","-/-","-","-","0-0","-/-","-","-","-","-","-","away",7528
2016,"La Verne University","defense","Michael Medina","-","1","1","-/-","-","-/-","-","-","0-0","-/-","-","-","-","-","-","away",7528
2016,"La Verne University","defense","Robert Brown","-","1","1","-/-","-","-/-","-","-","0-0","-/-","-","-","1","-","-","away",7528
2016,"La Verne University","defense","Israel Macias","-","1","1","-/-","-","-/-","-","-","0-0","-/-","-","-","-","-","-","away",7528
2016,"La Verne University","defense","Destin Cabatbat","-","1","1","-/-","-","-/-","-","-","0-0","-/-","-","-","-","-","-","away",7528
2016,"La Verne University","defense","Andrew Carrasco","-","1","1","-/-","-","-/-","-","-","0-0","-/-","-","-","-","-","-","away",7528
2016,"Lewis and Clark College","defense","Mackenzie Cooney","3","4","7","-/-","-","-/-","-","-","0-0","-/-","-","-","-","-","-","home",7522
2016,"Lewis and Clark College","defense","Brendan MacDonald","1","6","7","-/-","-","-/-","-","-","0-0","-/-","-","-","-","-","-","home",7522
2016,"Lewis and Clark College","defense","Geno Quaid","1","5","6","-/-","-","-/-","-","-","0-0","-/-","-","-","-","-","-","home",7522
2016,"Lewis and Clark College","defense","Mitchell Allan","3","3","6","0.5/3","0.5","0.5/3","0.5","-","0-0","-/-","-","-","-","-","-","home",7522
2016,"Lewis and Clark College","defense","Victor Bunce","3","2","5","-/-","-","-/-","-","-","0-0","-/-","-","-","1","-","-","home",7522
2016,"Lewis and Clark College","defense","Henry Wei","2","3","5","1.5/5","1.5","0.5/3","0.5","1","1-0","-/-","-","-","-","-","-","home",7522
2016,"Lewis and Clark College","defense","Paul Slaats","1","4","5","1.0/4","1.0","0.5/4","0.5","-","0-0","-/-","-","-","-","-","-","home",7522
2016,"Lewis and Clark College","defense","Robby Weissenfels","3","1","4","1.0/4","1.0","-/-","-","-","0-0","-/-","-","-","-","-","-","home",7522
2016,"Lewis and Clark College","defense","Griffin Lazarus","2","2","4","-/-","-","-/-","-","-","0-0","-/-","1-0","1","-","-","-","home",7522
2016,"Lewis and Clark College","defense","Tiger Brown","2","1","3","0.5/1","0.5","-/-","-","-","0-0","-/-","-","-","-","-","-","home",7522
2016,"Lewis and Clark College","defense","Lukas Svitek","2","1","3","-/-","-","-/-","-","-","0-0","-/-","-","-","-","-","-","home",7522
2016,"Lewis and Clark College","defense","Tyson-Jay Saena","3","-","3","1.0/2","1.0","-/-","-","1","1-1","1/-","-","-","-","-","-","home",7522
2016,"Lewis and Clark College","defense","Kevin Shoyer","-","2","2","-/-","-","-/-","-","-","0-0","-/-","-","-","-","-","-","home",7522
2016,"Lewis and Clark College","defense","Will Edwards","-","2","2","-/-","-","-/-","-","-","0-0","-/-","-","-","-","-","-","home",7522
2016,"Lewis and Clark College","defense","Jake Glasser","-","2","2","0.5/4","0.5","0.5/4","0.5","-","0-0","-/-","-","-","-","-","-","home",7522
2016,"Lewis and Clark College","defense","James Plunk","-","2","2","-/-","-","-/-","-","-","0-0","-/-","-","-","-","-","-","home",7522
2016,"Lewis and Clark College","defense","Will Buckstaff","1","-","1","-/-","-","-/-","-","-","0-0","-/-","-","-","-","-","-","home",7522
2016,"Lewis and Clark College","defense","Gator Adams","-","1","1","-/-","-","-/-","-","-","0-0","-/-","-","-","-","-","-","home",7522
2016,"Lewis and Clark College","defense","Christian Curcio","-","1","1","-/-","-","-/-","-","-","0-0","-/-","-","-","-","-","-","home",7522
2016,"Lewis and Clark College","defense","Ryan Haughton","-","1","1","-/-","-","-/-","-","-","0-0","-/-","-","-","-","-","-","home",7522
2016,"Lewis and Clark College","defense","Luke Livingston","-","1","1","-/-","-","-/-","-","-","0-0","-/-","-","-","-","-","-","home",7522
2016,"Lewis and Clark College","defense","Andrew Werst","3","7","10","1.0/10","1.0","1.0/10","1.0","-","0-0","-/-","-","-","-","-","-","away",7522
2016,"Lewis and Clark College","defense","Pete Lahti","4","4","8","1.0/1","1.0","-/-","-","-","0-0","-/-","-","-","-","-","-","away",7522
2016,"Lewis and Clark College","defense","Remington Campbell","1","7","8","-/-","-","-/-","-","-","0-0","-/-","-","-","-","-","-","away",7522
2016,"Lewis and Clark College","defense","Melvin Ho'omanawanui","3","4","7","-/-","-","-/-","-","-","0-0","-/-","-","-","-","-","-","away",7522
2016,"Lewis and Clark College","defense","Cale Crawford","-","6","6","-/-","-","-/-","-","-","0-0","-/-","-","-","-","-","-","away",7522
2016,"Lewis and Clark College","defense","Randy Manewa","2","4","6","-/-","-","-/-","-","-","0-0","-/-","-","-","1","-","-","away",7522
2016,"Lewis and Clark College","defense","Tawayne Malone","1","4","5","-/-","-","-/-","-","-","0-0","-/-","-","-","-","-","-","away",7522
2016,"Lewis and Clark College","defense","Andrew Paquin","2","3","5","-/-","-","-/-","-","-","0-0","-/-","-","-","1","-","-","away",7522
2016,"Lewis and Clark College","defense","Thor Retzlaff","-","4","4","-/-","-","-/-","-","-","0-0","-/-","-","-","-","-","-","away",7522
2016,"Lewis and Clark College","defense","Keola Palau","2","2","4","1.0/1","1.0","-/-","-","-","0-0","-/-","-","-","-","-","-","away",7522
2016,"Lewis and Clark College","defense","Dylan Stacy","2","1","3","-/-","-","-/-","-","-","0-0","-/-","-","-","-","-","-","away",7522
2016,"Lewis and Clark College","defense","Robert Nakihei","-","3","3","0.5/1","0.5","-/-","-","-","0-0","-/-","-","-","-","-","-","away",7522
2016,"Lewis and Clark College","defense","Anthony Bailey","2","1","3","-/-","-","-/-","-","-","0-0","-/-","-","-","-","-","-","away",7522
2016,"Lewis and Clark College","defense","Charlie Whitesell","1","1","2","-/-","-","-/-","-","-","0-0","-/-","-","-","-","-","-","away",7522
2016,"Lewis and Clark College","defense","Ramonne Canales","-","2","2","-/-","-","-/-","-","-","0-0","-/-","-","-","-","-","-","away",7522
2016,"Lewis and Clark College","defense","J'juan White","-","2","2","-/-","-","-/-","-","-","0-0","-/-","-","-","-","-","-","away",7522
2016,"Lewis and Clark College","defense","Blake Garrison","-","2","2","0.5/1","0.5","-/-","-","-","0-0","-/-","-","-","-","-","-","away",7522
2016,"Lewis and Clark College","defense","Noah Avery","1","-","1","-/-","-","-/-","-","-","0-0","-/-","-","-","-","-","-","away",7522
2016,"Lewis and Clark College","defense","Bryce Johnson","-","1","1","-/-","-","-/-","-","-","0-0","-/-","-","-","-","-","-","away",7522
2016,"Lewis and Clark College","defense","Michael Kytlica","1","-","1","-/-","-","-/-","-","-","0-0","-/-","-","-","-","-","-","away",7522
2016,"Occidental College","defense","Evan Buckwalter","6","9","15","-/-","-","-/-","-","-","0-0","-/-","-","-","-","-","-","home",7525
2016,"Occidental College","defense","Eamon McNeil","6","4","10","-/-","-","-/-","-","-","0-0","-/-","-","-","1","-","-","home",7525
2016,"Occidental College","defense","Jacob Shore","4","4","8","-/-","-","-/-","-","-","0-0","-/-","-","-","1","-","-","home",7525
2016,"Occidental College","defense","Elijah Duran","5","2","7","-/-","-","-/-","-","-","0-0","-/-","-","-","-","-","-","home",7525
2016,"Occidental College","defense","Marcus McDuffie","3","2","5","-/-","-","-/-","-","-","0-0","-/-","-","-","-","-","-","home",7525
2016,"Occidental College","defense","Matthew Mulvehill","3","2","5","-/-","-","-/-","-","-","0-0","-/-","-","-","-","-","-","home",7525
2016,"Occidental College","defense","Rahsaan Middleton","3","1","4","-/-","-","-/-","-","-","0-0","-/-","-","-","-","-","-","home",7525
2016,"Occidental College","defense","Christian Clark","1","3","4","-/-","-","-/-","-","-","0-0","-/-","-","-","-","-","-","home",7525
2016,"Occidental College","defense","Chaz Shizumura","2","1","3","-/-","-","-/-","-","-","0-0","-/-","-","-","-","-","-","home",7525
2016,"Occidental College","defense","Joey Garza","-","3","3","0.5/-","0.5","-/-","-","-","0-0","-/-","-","-","-","-","-","home",7525
2016,"Occidental College","defense","Mason Duran","1","2","3","-/-","-","-/-","-","-","0-0","-/-","-","-","-","-","-","home",7525
2016,"Occidental College","defense","Benjamin Kamerin","2","1","3","1.5/4","1.5","-/-","-","-","0-0","-/-","-","-","-","-","2","home",7525
2016,"Occidental College","defense","Will Sheerin","2","1","3","-/-","-","-/-","-","-","0-0","-/-","-","-","-","-","-","home",7525
2016,"Occidental College","defense","Harrison Wakefield","-","2","2","-/-","-","-/-","-","-","0-0","-/-","-","-","-","-","-","home",7525
2016,"Occidental College","defense","Anthony Stanley","2","-","2","-/-","-","-/-","-","-","0-0","-/-","-","-","-","-","-","home",7525
2016,"Occidental College","defense","Chase Holliday","1","-","1","-/-","-","-/-","-","-","0-0","-/-","-","-","-","-","-","home",7525
2016,"Occidental College","defense","Max Gruber","1","-","1","-/-","-","-/-","-","-","0-0","-/-","-","-","-","-","-","home",7525
2016,"Occidental College","defense","Javion Tinsley","-","1","1","-/-","-","-/-","-","-","0-0","-/-","-","-","-","-","-","home",7525
2016,"Occidental College","defense","Josh Yee","-","1","1","-/-","-","-/-","-","-","0-0","-/-","-","-","-","-","-","home",7525
2016,"Occidental College","defense","Kenneth Carmona Quintero","-","1","1","-/-","-","-/-","-","-","0-0","-/-","-","-","-","-","-","home",7525
2016,"Occidental College","defense","Will Edwards","5","3","8","-/-","-","-/-","-","-","0-0","-/-","-","-","-","-","-","away",7525
2016,"Occidental College","defense","Victor Bunce","6","2","8","1.0/1","1.0","-/-","-","-","0-0","-/-","-","-","-","-","-","away",7525
2016,"Occidental College","defense","Robby Weissenfels","2","3","5","-/-","-","-/-","-","-","0-0","-/-","-","-","-","-","1","away",7525
2016,"Occidental College","defense","Tiger Brown","3","2","5","-/-","-","-/-","-","-","0-0","-/-","-","-","-","-","-","away",7525
2016,"Occidental College","defense","Geno Quaid","4","1","5","-/-","-","-/-","-","-","0-0","-/-","-","-","-","-","-","away",7525
2016,"Occidental College","defense","Mitchell Allan","2","3","5","2.0/9","2.0","1.0/7","1.0","-","0-0","-/-","-","-","-","-","3","away",7525
2016,"Occidental College","defense","Brendan MacDonald","1","3","4","1.0/2","1.0","-/-","-","-","0-0","-/-","-","-","-","-","-","away",7525
2016,"Occidental College","defense","Griffin Lazarus","2","1","3","-/-","-","-/-","-","-","0-0","-/-","-","-","-","-","-","away",7525
2016,"Occidental College","defense","Paul Slaats","1","2","3","-/-","-","-/-","-","-","0-0","-/-","-","-","-","-","1","away",7525
2016,"Occidental College","defense","Mackenzie Cooney","1","1","2","-/-","-","-/-","-","-","0-0","-/-","-","-","-","-","-","away",7525
2016,"Occidental College","defense","Kevin Shoyer","2","-","2","-/-","-","-/-","-","-","0-0","-/-","-","-","-","-","-","away",7525
2016,"Occidental College","defense","Jake Glasser","-","2","2","-/-","-","-/-","-","-","0-0","-/-","-","-","-","-","2","away",7525
2016,"Occidental College","defense","Lukas Svitek","1","1","2","-/-","-","-/-","-","-","0-0","-/-","-","-","-","-","1","away",7525
2016,"Occidental College","defense","Tyson-Jay Saena","1","1","2","-/-","-","-/-","-","-","0-0","-/-","-","-","-","-","-","away",7525
2016,"Occidental College","defense","Will Buckstaff","1","-","1","-/-","-","-/-","-","-","0-0","-/-","-","-","-","-","-","away",7525
2016,"Occidental College","defense","Enzo Tallerico","-","1","1","-/-","-","-/-","-","-","0-0","-/-","-","-","-","-","-","away",7525
2016,"Occidental College","defense","Matthew Aven","1","-","1","-/-","-","-/-","-","-","0-0","-/-","-","-","-","-","-","away",7525
2016,"Occidental College","defense","Connor Pederson","-","1","1","-/-","-","-/-","-","-","0-0","-/-","-","-","-","-","-","away",7525
2016,"Occidental College","defense","Lucas Owan","-","1","1","-/-","-","-/-","-","-","0-0","-/-","-","-","-","-","-","away",7525
2016,"Occidental College","defense","James Plunk","-","1","1","-/-","-","-/-","-","-","0-0","-/-","-","-","-","-","-","away",7525
2016,"Occidental College","defense","Ryan Haughton","-","1","1","-/-","-","-/-","-","-","0-0","-/-","-","-","-","-","-","away",7525
2016,"Occidental College","defense","Connor Lehner","-","1","1","-/-","-","-/-","-","-","0-0","-/-","-","-","-","-","-","away",7525
2016,"Occidental College","defense","Henry Wei","1","-","1","-/-","-","-/-","-","-","0-0","-/-","-","-","-","-","2","away",7525
2016,"Occidental College","defense","Christian Tchamitchian","1","-","1","-/-","-","-/-","-","-","0-0","-/-","-","-","-","-","-","away",7525
2016,"Occidental College","defense","Owen Morrison","-","1","1","-/-","-","-/-","-","-","0-0","-/-","-","-","-","-","-","away",7525
2016,"Pomona-Pitzer","defense","Conner Martinez","3","6","9","-/-","-","-/-","-","-","0-0","-/-","-","-","1","-","-","home",7530
2016,"Pomona-Pitzer","defense","Brian Rauzi","3","5","8","0.5/4","0.5","0.5/4","0.5","-","0-0","-/-","-","-","-","-","-","home",7530
2016,"Pomona-Pitzer","defense","Blake Gunn","2","4","6","0.5/4","0.5","0.5/4","0.5","-","0-0","-/-","-","-","-","-","-","home",7530
2016,"Pomona-Pitzer","defense","Evan Lloyd","5","1","6","-/-","-","-/-","-","-","0-0","-/-","-","-","1","-","-","home",7530
2016,"Pomona-Pitzer","defense","Andrew Phillips","4","1","5","1.0/1","1.0","-/-","-","-","0-0","-/-","-","-","-","-","-","home",7530
2016,"Pomona-Pitzer","defense","Eric Smith","4","1","5","-/-","-","-/-","-","-","0-0","-/-","-","-","-","-","-","home",7530
2016,"Pomona-Pitzer","defense","Elan Harris","4","-","4","-/-","-","-/-","-","-","0-0","-/-","-","-","-","-","-","home",7530
2016,"Pomona-Pitzer","defense","Eric Montgomery","3","-","3","-/-","-","-/-","-","-","0-0","-/-","-","-","-","-","-","home",7530
2016,"Pomona-Pitzer","defense","Adam Hinthorne","-","2","2","-/-","-","-/-","-","-","0-0","-/-","-","-","-","-","-","home",7530
2016,"Pomona-Pitzer","defense","Sean Cremin","1","1","2","-/-","-","-/-","-","-","0-0","-/-","-","-","-","-","-","home",7530
2016,"Pomona-Pitzer","defense","Bulolo Jonga","1","-","1","-/-","-","-/-","-","-","0-0","-/-","-","-","-","-","-","home",7530
2016,"Pomona-Pitzer","defense","Alex Bresler","1","-","1","-/-","-","-/-","-","-","0-0","-/-","-","-","-","-","-","home",7530
2016,"Pomona-Pitzer","defense","Zach Harris","1","-","1","-/-","-","-/-","-","-","0-0","-/-","-","-","-","-","-","home",7530
2016,"Pomona-Pitzer","defense","Noah Cisse","-","1","1","-/-","-","-/-","-","-","0-0","-/-","-","-","-","-","-","home",7530
2016,"Pomona-Pitzer","defense","Andrew Heffler","1","-","1","-/-","-","-/-","-","1","1-0","-/-","-","-","-","-","-","home",7530
2016,"Pomona-Pitzer","defense","Nicholas Toro","1","-","1","1.0/4","1.0","1.0/4","1.0","-","0-0","-/-","-","-","-","-","-","home",7530
2016,"Pomona-Pitzer","defense","TEAM","-","-","-","-/-","-","-/-","-","-","0-1","1/-","-","-","-","-","-","home",7530
2016,"Pomona-Pitzer","defense","Kevin Shoyer","7","1","8","1.0/1","1.0","-/-","-","-","0-0","-/-","-","-","-","-","-","away",7530
2016,"Pomona-Pitzer","defense","Victor Bunce","5","2","7","-/-","-","-/-","-","-","0-0","-/-","-","-","-","-","-","away",7530
2016,"Pomona-Pitzer","defense","Brendan MacDonald","2","5","7","-/-","-","-/-","-","-","0-0","-/-","-","-","-","-","-","away",7530
2016,"Pomona-Pitzer","defense","Geno Quaid","4","2","6","-/-","-","-/-","-","-","0-0","-/-","1-33","1","-","-","-","away",7530
2016,"Pomona-Pitzer","defense","Jake Glasser","1","4","5","0.5/1","0.5","-/-","-","-","0-0","-/-","-","-","-","-","-","away",7530
2016,"Pomona-Pitzer","defense","Christian Tchamitchian","1","4","5","1.0/5","1.0","0.5/4","0.5","-","0-0","-/-","-","-","-","-","-","away",7530
2016,"Pomona-Pitzer","defense","Paul Slaats","3","2","5","2.5/2","2.5","-/-","-","-","0-0","-/-","-","-","-","-","-","away",7530
2016,"Pomona-Pitzer","defense","Robby Weissenfels","3","1","4","1.0/2","1.0","-/-","-","-","0-0","-/-","-","-","-","-","-","away",7530
2016,"Pomona-Pitzer","defense","Connor Lehner","2","1","3","0.5/1","0.5","-/-","-","-","0-0","-/-","-","-","-","-","-","away",7530
2016,"Pomona-Pitzer","defense","Tiger Brown","2","-","2","-/-","-","-/-","-","-","0-0","-/-","-","-","-","-","-","away",7530
2016,"Pomona-Pitzer","defense","Gator Adams","1","1","2","1.5/4","1.5","0.5/3","0.5","-","0-0","-/-","-","-","-","-","-","away",7530
2016,"Pomona-Pitzer","defense","James Plunk","2","-","2","-/-","-","-/-","-","-","0-0","-/-","-","-","-","-","-","away",7530
2016,"Pomona-Pitzer","defense","Henry Wei","1","1","2","0.5/4","0.5","0.5/4","0.5","-","0-0","-/-","-","-","-","-","-","away",7530
2016,"Pomona-Pitzer","defense","Mackenzie Cooney","1","-","1","-/-","-","-/-","-","-","0-0","-/-","-","-","-","-","-","away",7530
2016,"Pomona-Pitzer","defense","Jackson Zeledon","-","1","1","-/-","-","-/-","-","-","0-0","-/-","-","-","-","-","-","away",7530
2016,"Pomona-Pitzer","defense","Will Edwards","-","1","1","-/-","-","-/-","-","-","0-0","-/-","-","-","-","-","-","away",7530
2016,"Pomona-Pitzer","defense","Connor Pederson","1","-","1","-/-","-","-/-","-","-","0-0","-/-","-","-","-","-","-","away",7530
2016,"Pomona-Pitzer","defense","Kanoa Gilliland","-","1","1","0.5/5","0.5","0.5/5","0.5","-","0-0","-/-","-","-","-","-","-","away",7530
2016,"Pomona-Pitzer","defense","Tyson-Jay Saena","-","1","1","-/-","-","-/-","-","-","0-0","-/-","-","-","-","-","-","away",7530
2016,"University of Redlands","defense","DJ Hollingshead","6","3","9","-/-","-","-/-","-","-","0-0","-/-","1-12","1","3","-","-","home",7527
2016,"University of Redlands","defense","Dustin Nascimento","5","3","8","-/-","-","-/-","-","-","0-0","-/-","-","-","-","-","-","home",7527
2016,"University of Redlands","defense","Connor Hoffman","5","-","5","-/-","-","-/-","-","-","0-0","-/-","1-0","1","2","-","-","home",7527
2016,"University of Redlands","defense","Curren Lapes","3","2","5","-/-","-","-/-","-","-","0-0","-/-","-","-","-","-","1","home",7527
2016,"University of Redlands","defense","Brian Keyser","2","3","5","2.0/13","2.0","2.0/7","2.0","-","0-0","-/-","-","-","-","-","7","home",7527
2016,"University of Redlands","defense","Joe Munroe","3","2","5","3.0/24","3.0","3.0/24","3.0","-","0-0","-/-","-","-","-","-","2","home",7527
2016,"University of Redlands","defense","Mitch Shepherd","2","1","3","-/-","-","-/-","-","-","0-0","-/-","-","-","-","-","1","home",7527
2016,"University of Redlands","defense","Nick Castro","3","-","3","-/-","-","-/-","-","-","0-0","-/-","-","-","-","-","-","home",7527
2016,"University of Redlands","defense","Daniel Gonzales","2","1","3","-/-","-","-/-","-","-","0-0","-/-","-","-","4","-","-","home",7527
2016,"University of Redlands","defense","Miguel Betancourt","2","1","3","-/-","-","-/-","-","-","0-0","-/-","-","-","-","-","-","home",7527
2016,"University of Redlands","defense","Tristan Corwin","1","2","3","1.5/9","1.5","0.5/3","0.5","1","1-0","-/-","-","-","-","-","4","home",7527
2016,"University of Redlands","defense","Pete Riccolo","1","1","2","-/-","-","-/-","-","-","0-0","-/-","-","-","2","-","-","home",7527
2016,"University of Redlands","defense","Justin Lantz","1","1","2","-/-","-","-/-","-","-","0-0","-/-","-","-","-","-","-","home",7527
2016,"University of Redlands","defense","Austin Cuicchi","1","1","2","-/-","-","-/-","-","-","0-0","-/-","-","-","-","-","-","home",7527
2016,"University of Redlands","defense","Trevor Raras","-","1","1","0.5/4","0.5","0.5/4","0.5","-","0-1","1/-","-","-","-","-","2","home",7527
2016,"University of Redlands","defense","Aaron Mandell","1","-","1","-/-","-","-/-","-","-","0-0","-/-","-","-","-","-","-","home",7527
2016,"University of Redlands","defense","Vicente Sarver De Souza","-","1","1","-/-","-","-/-","-","-","0-0","-/-","-","-","-","-","-","home",7527
2016,"University of Redlands","defense","Xavier Villanueva","-","1","1","-/-","-","-/-","-","-","0-0","-/-","-","-","-","-","-","home",7527
2016,"University of Redlands","defense","Patrick Neville","-","-","-","-/-","-","-/-","-","-","0-0","-/-","-","-","-","-","1","home",7527
2016,"University of Redlands","defense","Brendan MacDonald","6","8","14","1.5/8","1.5","-/-","-","1","1-0","-/-","-","-","-","-","-","away",7527
2016,"University of Redlands","defense","Mitchell Allan","4","9","13","-/-","-","-/-","-","-","0-0","-/-","-","-","-","-","-","away",7527
2016,"University of Redlands","defense","Henry Wei","4","7","11","2.0/3","2.0","-/-","-","-","0-1","1/-","-","-","-","-","-","away",7527
2016,"University of Redlands","defense","Geno Quaid","2","4","6","0.5/1","0.5","-/-","-","-","0-0","-/-","-","-","-","-","-","away",7527
2016,"University of Redlands","defense","Paul Slaats","3","3","6","0.5/-","0.5","-/-","-","-","0-0","-/-","-","-","-","-","1","away",7527
2016,"University of Redlands","defense","Victor Bunce","2","2","4","-/-","-","-/-","-","-","0-0","-/-","1-0","1","1","-","-","away",7527
2016,"University of Redlands","defense","Will Edwards","-","3","3","0.5/2","0.5","-/-","-","-","0-0","-/-","-","-","-","-","-","away",7527
2016,"University of Redlands","defense","Griffin Lazarus","1","1","2","-/-","-","-/-","-","-","0-0","-/-","-","-","-","-","-","away",7527
2016,"University of Redlands","defense","Tiger Brown","2","-","2","-/-","-","-/-","-","-","0-0","-/-","-","-","-","-","-","away",7527
2016,"University of Redlands","defense","Tyson-Jay Saena","-","2","2","-/-","-","-/-","-","-","0-0","-/-","-","-","-","-","-","away",7527
2016,"University of Redlands","defense","Mackenzie Cooney","-","1","1","-/-","-","-/-","-","-","0-0","-/-","-","-","-","-","-","away",7527
2016,"University of Redlands","defense","Robby Weissenfels","-","1","1","-/-","-","-/-","-","-","0-0","-/-","-","-","-","-","2","away",7527
2016,"University of Redlands","defense","Jackson Zeledon","-","1","1","-/-","-","-/-","-","-","0-0","-/-","-","-","-","-","-","away",7527
2016,"University of Redlands","defense","Kevin Shoyer","1","-","1","-/-","-","-/-","-","-","0-0","-/-","-","-","-","-","-","away",7527
2016,"University of Redlands","defense","Jonah Cartwright","1","-","1","-/-","-","-/-","-","-","0-0","-/-","-","-","-","-","-","away",7527
2016,"University of Redlands","defense","Connor Pederson","-","1","1","-/-","-","-/-","-","-","0-0","-/-","-","-","-","-","-","away",7527
2016,"University of Redlands","defense","James Plunk","1","-","1","-/-","-","-/-","-","-","0-0","-/-","-","-","-","-","-","away",7527
2016,"University of Redlands","defense","Kanoa Gilliland","-","1","1","-/-","-","-/-","-","-","0-0","-/-","-","-","-","-","-","away",7527
2016,"University of Redlands","defense","Christian Tchamitchian","1","-","1","-/-","-","-/-","-","-","0-0","-/-","-","-","-","-","-","away",7527
2016,"University of Redlands","defense","Lukas Svitek","-","1","1","-/-","-","-/-","-","-","0-0","-/-","-","-","-","-","-","away",7527
2016,"University of Redlands","defense","Malcolm Stolarski","1","-","1","-/-","-","-/-","-","-","0-0","-/-","-","-","-","-","-","away",7527
2016,"University of Redlands","defense","Patrick Dixon","-","1","1","-/-","-","-/-","-","-","0-0","-/-","-","-","-","-","-","away",7527
2016,"University of Redlands","defense","Jake Glasser","-","-","-","-/-","-","-/-","-","-","0-0","-/-","-","-","-","-","3","away",7527
2016,"Washington and Lee","defense","Thomas Freeland","8","2","10","-/-","-","-/-","-","-","0-0","-/-","-","-","-","-","-","home",7523
2016,"Washington and Lee","defense","Grey Reames","7","2","9","0.5/1","0.5","-/-","-","1","1-0","-/-","-","-","-","-","-","home",7523
2016,"Washington and Lee","defense","Dominic Volpe","5","2","7","2.0/4","2.0","-/-","-","-","0-0","-/-","-","-","-","-","-","home",7523
2016,"Washington and Lee","defense","Max Garrett","4","3","7","-/-","-","-/-","-","-","0-0","-/-","-","-","-","-","-","home",7523
2016,"Washington and Lee","defense","Michael Shields","5","1","6","-/-","-","-/-","-","-","0-0","-/-","-","-","1","-","-","home",7523
2016,"Washington and Lee","defense","David Hogan","3","1","4","-/-","-","-/-","-","-","0-0","-/-","-","-","-","-","-","home",7523
2016,"Washington and Lee","defense","Will Dyson","2","1","3","0.5/1","0.5","-/-","-","-","0-0","-/-","3-25","3","3","-","-","home",7523
2016,"Washington and Lee","defense","Rhett Delk","3","-","3","2.0/15","2.0","2.0/15","2.0","-","0-0","-/-","-","-","-","-","-","home",7523
2016,"Washington and Lee","defense","Ian Gipson","1","1","2","-/-","-","-/-","-","-","0-0","-/-","-","-","-","-","-","home",7523
2016,"Washington and Lee","defense","Nate Faber","1","1","2","0.5/1","0.5","-/-","-","-","0-0","-/-","-","-","-","-","-","home",7523
2016,"Washington and Lee","defense","Trip Calihan","1","1","2","-/-","-","-/-","-","-","0-0","-/-","-","-","-","-","-","home",7523
2016,"Washington and Lee","defense","Jay Roberts","-","2","2","-/-","-","-/-","-","-","0-0","-/-","-","-","-","-","-","home",7523
2016,"Washington and Lee","defense","Reed Clark","2","-","2","-/-","-","-/-","-","-","0-0","-/-","-","-","-","-","-","home",7523
2016,"Washington and Lee","defense","Alex Cantrell","1","-","1","-/-","-","-/-","-","-","0-0","-/-","-","-","-","-","-","home",7523
2016,"Washington and Lee","defense","Andrew Brouse","1","-","1","-/-","-","-/-","-","-","0-0","-/-","-","-","-","-","-","home",7523
2016,"Washington and Lee","defense","Carter Huffman","1","-","1","-/-","-","-/-","-","-","0-0","-/-","-","-","-","-","-","home",7523
2016,"Washington and Lee","defense","John Carrick","-","1","1","0.5/2","0.5","-/-","-","-","0-0","-/-","-","-","-","-","-","home",7523
2016,"Washington and Lee","defense","Drew Richardson","1","-","1","-/-","-","-/-","-","-","0-0","-/-","-","-","-","-","-","home",7523
2016,"Washington and Lee","defense","Matt Barton","1","-","1","-/-","-","-/-","-","-","0-0","-/-","-","-","-","-","-","home",7523
2016,"Washington and Lee","defense","Shawn Caton","1","-","1","-/-","-","-/-","-","-","0-0","-/-","-","-","-","-","-","home",7523
2016,"Washington and Lee","defense","TEAM","-","-","-","-/-","-","-/-","-","-","0-1","1/-","-","-","-","-","-","home",7523
2016,"Washington and Lee","defense","Will Edwards","8","4","12","-/-","-","-/-","-","-","0-0","-/-","-","-","-","-","-","away",7523
2016,"Washington and Lee","defense","Griffin Lazarus","5","4","9","-/-","-","-/-","-","2","2-0","-/-","-","-","1","-","-","away",7523
2016,"Washington and Lee","defense","Geno Quaid","7","2","9","-/-","-","-/-","-","-","0-0","-/-","-","-","-","-","-","away",7523
2016,"Washington and Lee","defense","Brendan MacDonald","7","-","7","1.0/2","1.0","-/-","-","-","0-0","-/-","-","-","-","-","-","away",7523
2016,"Washington and Lee","defense","Mitchell Allan","5","1","6","-/-","-","-/-","-","-","0-0","-/-","-","-","-","2","-","away",7523
2016,"Washington and Lee","defense","Robby Weissenfels","5","-","5","1.0/5","1.0","-/-","-","-","0-0","-/-","-","-","-","-","-","away",7523
2016,"Washington and Lee","defense","Henry Wei","4","1","5","-/-","-","-/-","-","-","0-0","-/-","-","-","-","-","-","away",7523
2016,"Washington and Lee","defense","Victor Bunce","3","1","4","-/-","-","-/-","-","-","0-1","1/-","-","-","-","-","-","away",7523
2016,"Washington and Lee","defense","Jake Glasser","4","-","4","1.0/10","1.0","1.0/10","1.0","1","1-1","1/-","-","-","-","-","-","away",7523
2016,"Washington and Lee","defense","Mackenzie Cooney","3","-","3","-/-","-","-/-","-","-","0-0","-/-","-","-","-","-","-","away",7523
2016,"Washington and Lee","defense","Lukas Svitek","2","1","3","-/-","-","-/-","-","-","0-0","-/-","-","-","-","-","-","away",7523
2016,"Washington and Lee","defense","Tyson-Jay Saena","-","3","3","-/-","-","-/-","-","-","0-1","1/-","-","-","-","-","-","away",7523
2016,"Washington and Lee","defense","Connor Pederson","2","-","2","-/-","-","-/-","-","-","0-0","-/-","-","-","-","-","-","away",7523
2016,"Washington and Lee","defense","Will Buckstaff","1","-","1","-/-","-","-/-","-","-","0-0","-/-","-","-","-","-","-","away",7523
2016,"Washington and Lee","defense","Connor Stastny","1","-","1","-/-","-","-/-","-","-","0-0","-/-","-","-","-","-","-","away",7523
2016,"Washington and Lee","defense","Tiger Brown","1","-","1","-/-","-","-/-","-","-","0-0","-/-","-","-","-","-","-","away",7523
2016,"Washington and Lee","defense","Matthew Aven","1","-","1","-/-","-","-/-","-","-","0-0","-/-","-","-","-","-","-","away",7523
2016,"Washington and Lee","defense","Lucas Owan","1","-","1","-/-","-","-/-","-","-","0-0","-/-","-","-","-","-","-","away",7523
2016,"Washington and Lee","defense","Ryan Haughton","1","-","1","-/-","-","-/-","-","-","0-0","-/-","-","-","-","-","-","away",7523
2016,"Washington and Lee","defense","Christian Tchamitchian","-","1","1","-/-","-","-/-","-","-","0-0","-/-","-","-","-","-","-","away",7523
2016,"Washington and Lee","defense","Sean Pyne","1","-","1","-/-","-","-/-","-","-","0-0","-/-","-","-","-","-","-","away",7523
2016,"Washington and Lee","defense","Paul Slaats","1","-","1","1.0/6","1.0","1.0/6","1.0","-","0-0","-/-","-","-","-","-","-","away",7523
2016,"Whittier College","defense","Mitchell Allan","2","7","9","1.0/1","1.0","-/-","-","-","0-0","-/-","-","-","-","-","-","home",7524
2016,"Whittier College","defense","Robby Weissenfels","4","2","6","0.5/2","0.5","-/-","-","-","0-0","-/-","-","-","-","-","-","home",7524
2016,"Whittier College","defense","Victor Bunce","2","4","6","0.5/2","0.5","-/-","-","-","0-0","-/-","-","-","2","-","-","home",7524
2016,"Whittier College","defense","Jake Glasser","1","4","5","0.5/3","0.5","0.5/3","0.5","-","0-0","-/-","-","-","-","-","-","home",7524
2016,"Whittier College","defense","Henry Wei","3","2","5","2.0/5","2.0","0.5/3","0.5","1","1-1","1/-","-","-","-","-","-","home",7524
2016,"Whittier College","defense","Brendan MacDonald","2","3","5","-/-","-","-/-","-","-","0-0","-/-","-","-","-","-","-","home",7524
2016,"Whittier College","defense","Griffin Lazarus","2","2","4","-/-","-","-/-","-","-","0-0","-/-","1-8","1","1","-","-","home",7524
2016,"Whittier College","defense","Tiger Brown","1","3","4","-/-","-","-/-","-","-","0-0","-/-","-","-","-","-","-","home",7524
2016,"Whittier College","defense","Geno Quaid","3","1","4","0.5/-","0.5","-/-","-","-","0-0","-/-","-","-","-","-","-","home",7524
2016,"Whittier College","defense","Max Walton","2","2","4","-/-","-","-/-","-","-","0-0","-/-","-","-","-","-","-","home",7524
2016,"Whittier College","defense","Kevin Shoyer","1","2","3","-/-","-","-/-","-","-","0-0","-/-","-","-","-","-","-","home",7524
2016,"Whittier College","defense","Will Edwards","-","3","3","-/-","-","-/-","-","-","0-0","-/-","-","-","-","-","-","home",7524
2016,"Whittier College","defense","James Plunk","1","2","3","-/-","-","-/-","-","-","0-0","-/-","-","-","-","-","-","home",7524
2016,"Whittier College","defense","Christian Tchamitchian","1","1","2","-/-","-","-/-","-","-","0-0","-/-","-","-","-","-","-","home",7524
2016,"Whittier College","defense","Paul Slaats","2","-","2","1.0/2","1.0","1.0/2","1.0","1","1-0","-/-","-","-","-","-","-","home",7524
2016,"Whittier College","defense","Eamon Gallagher","-","1","1","-/-","-","-/-","-","-","0-0","-/-","-","-","-","-","-","home",7524
2016,"Whittier College","defense","Jackson Zeledon","-","1","1","-/-","-","-/-","-","-","0-0","-/-","-","-","-","-","-","home",7524
2016,"Whittier College","defense","Gator Adams","1","-","1","1.0/5","1.0","1.0/5","1.0","-","0-0","-/-","-","-","-","-","-","home",7524
2016,"Whittier College","defense","Ryan Haughton","1","-","1","1.0/2","1.0","-/-","-","-","0-0","-/-","-","-","-","-","-","home",7524
2016,"Whittier College","defense","Connor Lehner","1","-","1","1.0/4","1.0","1.0/4","1.0","-","0-0","-/-","-","-","-","-","-","home",7524
2016,"Whittier College","defense","Jared Schattenkerk","-","1","1","-/-","-","-/-","-","-","0-0","-/-","-","-","-","-","-","home",7524
2016,"Whittier College","defense","Lukas Svitek","-","1","1","-/-","-","-/-","-","-","0-0","-/-","-","-","-","-","-","home",7524
2016,"Whittier College","defense","Tyson-Jay Saena","-","1","1","-/-","-","-/-","-","-","0-0","-/-","-","-","-","-","-","home",7524
2016,"Whittier College","defense","Elijah Jackson","-","1","1","-/-","-","-/-","-","-","0-0","-/-","-","-","-","-","-","home",7524
2016,"Whittier College","defense","TEAM","1","-","1","-/-","-","-/-","-","-","0-0","-/-","-","-","-","-","-","home",7524
2016,"Whittier College","defense","Austin Brasher","5","4","9","3.0/4","3.0","-/-","-","-","0-0","-/-","-","-","-","-","-","away",7524
2016,"Whittier College","defense","Michael Pirnik","2","6","8","-/-","-","-/-","-","-","0-0","-/-","-","-","-","-","-","away",7524
2016,"Whittier College","defense","Andrew Rosales","4","3","7","-/-","-","-/-","-","-","0-0","-/-","-","-","-","-","-","away",7524
2016,"Whittier College","defense","Nicholas Markarian","4","3","7","1.5/2","1.5","-/-","-","1","1-0","-/-","-","-","-","-","-","away",7524
2016,"Whittier College","defense","Isaiah Guerrero","1","6","7","0.5/4","0.5","0.5/4","0.5","-","0-0","-/-","-","-","-","-","-","away",7524
2016,"Whittier College","defense","Aaron Vansant","2","4","6","-/-","-","-/-","-","-","0-0","-/-","-","-","-","-","-","away",7524
2016,"Whittier College","defense","Lorenzo Mena","2","3","5","2.0/5","2.0","0.5/3","0.5","-","0-0","-/-","-","-","-","-","-","away",7524
2016,"Whittier College","defense","Malachi Allen","2","2","4","1.0/1","1.0","-/-","-","-","0-1","1/-","-","-","-","-","-","away",7524
2016,"Whittier College","defense","Natnael Yitayew","3","1","4","-/-","-","-/-","-","-","0-0","-/-","-","-","-","-","-","away",7524
2016,"Whittier College","defense","Richard Watkins","1","3","4","-/-","-","-/-","-","-","0-0","-/-","-","-","-","-","-","away",7524
2016,"Whittier College","defense","Cale Quistgard","-","2","2","-/-","-","-/-","-","-","0-0","-/-","1-0","1","-","-","-","away",7524
2016,"Whittier College","defense","Rico Duenas","-","2","2","-/-","-","-/-","-","-","0-0","-/-","-","-","-","-","-","away",7524
2016,"Whittier College","defense","TEAM","2","-","2","-/-","-","-/-","-","1","1-0","-/-","-","-","-","-","-","away",7524
2016,"Whittier College","defense","Miguel Redmond","-","1","1","-/-","-","-/-","-","-","0-0","-/-","-","-","-","-","-","away",7524
2016,"Whittier College","defense","Jonathan Ceballos","1","-","1","-/-","-","-/-","-","-","0-0","-/-","-","-","-","-","-","away",7524
2016,"Whittier College","defense","Gregorio Verdugo","1","-","1","-/-","-","-/-","-","-","0-0","-/-","-","-","-","-","-","away",7524
2017,"Cal Lutheran University","defense","Ty Lozano","7","1","8","1.0/4","1.0","1.0/4","1.0","-","0-0","-/-","-","-","-","-","-","home",734
2017,"Cal Lutheran University","defense","Obasi Dees","6","1","7","-/-","-","-/-","-","-","0-0","-/-","1-2","1","2","-","-","home",734
2017,"Cal Lutheran University","defense","A. Eddington","3","3","6","2.5/12","2.5","1.0/4","1.0","-","0-0","-/-","-","-","-","-","-","home",734
2017,"Cal Lutheran University","defense","Nick Gordon","3","3","6","1.5/1","1.5","-/-","-","-","0-0","-/-","-","-","-","-","-","home",734
2017,"Cal Lutheran University","defense","C. Rivers","5","-","5","1.0/2","1.0","1.0/2","1.0","-","0-0","-/-","1-0","1","1","-","-","home",734
2017,"Cal Lutheran University","defense","Kaiden Mowery","1","4","5","2.0/11","2.0","-/-","-","-","0-0","-/-","-","-","-","-","-","home",734
2017,"Cal Lutheran University","defense","Dane Griffin","4","-","4","2.0/10","2.0","1.0/5","1.0","-","0-0","-/-","-","-","-","-","-","home",734
2017,"Cal Lutheran University","defense","Klayton Wood","2","2","4","-/-","-","-/-","-","-","0-0","-/-","1-32","1","1","-","-","home",734
2017,"Cal Lutheran University","defense","Ethan Pulley","1","2","3","-/-","-","-/-","-","-","0-0","-/-","-","-","-","-","-","home",734
2017,"Cal Lutheran University","defense","Auston Kniseley","2","1","3","-/-","-","-/-","-","-","0-0","-/-","-","-","-","-","-","home",734
2017,"Cal Lutheran University","defense","A. Rios-Carlsen","1","1","2","-/-","-","-/-","-","-","0-0","-/-","-","-","-","-","-","home",734
2017,"Cal Lutheran University","defense","Jerome Hull","2","-","2","-/-","-","-/-","-","-","0-0","-/-","-","-","-","-","-","home",734
2017,"Cal Lutheran University","defense","Izayah Mora","1","1","2","-/-","-","-/-","-","-","0-0","-/-","-","-","-","-","-","home",734
2017,"Cal Lutheran University","defense","S. Martinelli","1","1","2","-/-","-","-/-","-","-","0-0","-/-","-","-","-","-","-","home",734
2017,"Cal Lutheran University","defense","Caleb Casimere","-","1","1","-/-","-","-/-","-","-","0-0","-/-","-","-","-","-","-","home",734
2017,"Cal Lutheran University","defense","Gus Konadu","1","-","1","-/-","-","-/-","-","-","0-0","-/-","-","-","-","-","-","home",734
2017,"Cal Lutheran University","defense","William Kelly","-","1","1","-/-","-","-/-","-","-","0-0","-/-","-","-","-","-","-","home",734
2017,"Cal Lutheran University","defense","D. Juarez-Lweis","1","-","1","-/-","-","-/-","-","-","0-0","-/-","-","-","-","-","-","home",734
2017,"Cal Lutheran University","defense","Diego Hernandez","1","-","1","-/-","-","-/-","-","-","0-0","-/-","-","-","-","-","-","home",734
2017,"Cal Lutheran University","defense","N.McGowan-Smith","-","1","1","-/-","-","-/-","-","-","0-0","-/-","-","-","-","-","-","home",734
2017,"Cal Lutheran University","defense","Mason Evans","-","1","1","-/-","-","-/-","-","-","0-0","-/-","-","-","-","-","-","home",734
2017,"Cal Lutheran University","defense","Ryan Munoz","1","-","1","-/-","-","-/-","-","-","0-0","-/-","-","-","-","-","-","home",734
2017,"Cal Lutheran University","defense","Lucas Quinn","-","-","-","-/-","-","-/-","-","-","0-0","-/-","-","-","1","-","-","home",734
2017,"Cal Lutheran University","defense","B. MacDonald","3","6","9","0.5/1","0.5","-/-","-","-","0-0","-/-","-","-","-","-","-","away",734
2017,"Cal Lutheran University","defense","Victor Bunce","7","1","8","-/-","-","-/-","-","-","0-0","-/-","-","-","-","-","-","away",734
2017,"Cal Lutheran University","defense","Geno Quaid","1","4","5","-/-","-","-/-","-","-","0-0","-/-","-","-","-","-","-","away",734
2017,"Cal Lutheran University","defense","Mitchell Allan","2","3","5","-/-","-","-/-","-","-","0-0","-/-","-","-","-","-","-","away",734
2017,"Cal Lutheran University","defense","R. Weissenfels","1","2","3","-/-","-","-/-","-","-","0-0","-/-","-","-","-","-","-","away",734
2017,"Cal Lutheran University","defense","Sachi Mindich","2","1","3","-/-","-","-/-","-","-","0-0","-/-","-","-","-","-","-","away",734
2017,"Cal Lutheran University","defense","Connor Lehner","2","1","3","1.0/1","1.0","-/-","-","-","0-0","-/-","-","-","-","-","-","away",734
2017,"Cal Lutheran University","defense","Connor Sinclair","1","2","3","0.5/3","0.5","0.5/3","0.5","-","0-0","-/-","-","-","-","-","-","away",734
2017,"Cal Lutheran University","defense","Kevin Shoyer","1","1","2","-/-","-","-/-","-","-","0-0","-/-","-","-","-","-","-","away",734
2017,"Cal Lutheran University","defense","Lukas Svitek","1","1","2","0.5/2","0.5","0.5/2","0.5","-","0-0","-/-","-","-","-","-","-","away",734
2017,"Cal Lutheran University","defense","M. Cooney","1","-","1","-/-","-","-/-","-","-","0-0","-/-","-","-","1","-","-","away",734
2017,"Cal Lutheran University","defense","J. Keller","1","-","1","-/-","-","-/-","-","-","0-0","-/-","-","-","-","-","-","away",734
2017,"Cal Lutheran University","defense","M. Stuppiello I","-","1","1","-/-","-","-/-","-","-","0-0","-/-","-","-","-","-","-","away",734
2017,"Cal Lutheran University","defense","Matthew Sill","-","1","1","-/-","-","-/-","-","-","0-0","-/-","-","-","-","-","-","away",734
2017,"Cal Lutheran University","defense","Will Edwards","1","-","1","-/-","-","-/-","-","-","0-0","-/-","-","-","-","-","-","away",734
2017,"Cal Lutheran University","defense","Michael Porter","1","-","1","-/-","-","-/-","-","-","0-0","-/-","-","-","-","-","-","away",734
2017,"Cal Lutheran University","defense","Cade Moffatt","1","-","1","-/-","-","-/-","-","-","0-0","-/-","-","-","-","-","-","away",734
2017,"Cal Lutheran University","defense","C. Curcio","1","-","1","-/-","-","-/-","-","-","0-0","-/-","-","-","-","-","-","away",734
2017,"Cal Lutheran University","defense","Frankie Rayis","-","1","1","-/-","-","-/-","-","-","0-0","-/-","-","-","-","-","-","away",734
2017,"Cal Lutheran University","defense","Jack Cavellier","-","1","1","-/-","-","-/-","-","-","0-0","-/-","-","-","-","-","-","away",734
2017,"Cal Lutheran University","defense","Brian Wahl","1","-","1","-/-","-","-/-","-","-","0-0","-/-","-","-","-","-","-","away",734
2017,"Cal Lutheran University","defense","Luke Livingston","-","1","1","0.5/1","0.5","-/-","-","-","0-0","-/-","-","-","-","-","-","away",734
2017,"Cal Lutheran University","defense","Elijah Jackson","-","1","1","-/-","-","-/-","-","-","0-0","-/-","-","-","-","-","-","away",734
2017,"Chapman University","defense","M. Layton","1","9","10","0.5/1","0.5","-/-","-","-","0-0","-/-","-","-","-","-","-","home",737
2017,"Chapman University","defense","C. Calomeni","3","7","10","-/-","-","-/-","-","-","0-0","-/-","-","-","1","-","-","home",737
2017,"Chapman University","defense","D. Keefe","4","5","9","3.0/17","3.0","2.0/12","2.0","-","0-1","1/-","-","-","-","-","-","home",737
2017,"Chapman University","defense","C. Delgado","5","3","8","-/-","-","-/-","-","-","0-0","-/-","-","-","-","-","-","home",737
2017,"Chapman University","defense","C. Williams","4","3","7","-/-","-","-/-","-","-","0-0","-/-","-","-","-","-","-","home",737
2017,"Chapman University","defense","T. Hershey","5","-","5","1.0/2","1.0","-/-","-","-","0-0","-/-","-","-","1","-","-","home",737
2017,"Chapman University","defense","A. O'Shea","4","1","5","-/-","-","-/-","-","-","0-0","-/-","-","-","-","-","-","home",737
2017,"Chapman University","defense","A. Dieken","5","-","5","3.0/9","3.0","1.0/2","1.0","-","0-0","-/-","-","-","-","-","-","home",737
2017,"Chapman University","defense","R. Chaves","2","2","4","-/-","-","-/-","-","-","0-0","-/-","-","-","-","-","-","home",737
2017,"Chapman University","defense","D. Hart","3","1","4","0.5/1","0.5","-/-","-","1","1-0","-/-","-","-","-","-","-","home",737
2017,"Chapman University","defense","A. Pyka","2","2","4","0.5/1","0.5","-/-","-","-","0-0","-/-","-","-","-","-","-","home",737
2017,"Chapman University","defense","L. Faletoi","2","1","3","-/-","-","-/-","-","-","0-0","-/-","-","-","-","-","-","home",737
2017,"Chapman University","defense","P. Iyer","1","2","3","-/-","-","-/-","-","-","0-0","-/-","-","-","-","-","-","home",737
2017,"Chapman University","defense","N. Doneen","3","-","3","-/-","-","-/-","-","-","0-0","-/-","-","-","-","-","-","home",737
2017,"Chapman University","defense","C. Tsirtsis","2","-","2","-/-","-","-/-","-","-","0-0","-/-","-","-","-","-","-","home",737
2017,"Chapman University","defense","C. Wong","1","1","2","-/-","-","-/-","-","-","0-0","-/-","-","-","-","-","-","home",737
2017,"Chapman University","defense","R. Medeiros","-","2","2","0.5/3","0.5","-/-","-","-","0-0","-/-","-","-","-","-","-","home",737
2017,"Chapman University","defense","S. Estrin","-","1","1","-/-","-","-/-","-","-","0-0","-/-","-","-","-","-","-","home",737
2017,"Chapman University","defense","A. Bae","1","-","1","-/-","-","-/-","-","-","0-0","-/-","-","-","-","-","-","home",737
2017,"Chapman University","defense","J. Berger","-","1","1","-/-","-","-/-","-","-","0-0","-/-","-","-","-","-","-","home",737
2017,"Chapman University","defense","T. Reed","1","-","1","-/-","-","-/-","-","-","0-0","-/-","-","-","-","-","-","home",737
2017,"Chapman University","defense","C. King","1","-","1","-/-","-","-/-","-","-","0-0","-/-","-","-","-","-","-","home",737
2017,"Chapman University","defense","J. Bunnel","-","1","1","-/-","-","-/-","-","-","0-0","-/-","-","-","-","-","-","home",737
2017,"Chapman University","defense","C. Masterson","-","-","-","-/-","-","-/-","-","-","0-0","-/-","-","-","1","-","-","home",737
2017,"Chapman University","defense","Geno Quaid","6","4","10","-/-","-","-/-","-","-","0-0","-/-","-","-","2","-","-","away",737
2017,"Chapman University","defense","B. MacDonald","6","2","8","1.0/6","1.0","-/-","-","-","0-0","-/-","-","-","-","-","-","away",737
2017,"Chapman University","defense","Mitchell Allan","6","-","6","3.0/6","3.0","-/-","-","-","0-0","-/-","-","-","-","-","-","away",737
2017,"Chapman University","defense","Will Edwards","2","2","4","-/-","-","-/-","-","-","0-0","-/-","-","-","-","-","-","away",737
2017,"Chapman University","defense","R. Weissenfels","1","2","3","1.5/5","1.5","-/-","-","-","0-0","-/-","-","-","-","-","-","away",737
2017,"Chapman University","defense","Sachi Mindich","1","2","3","-/-","-","-/-","-","-","0-0","-/-","-","-","-","-","-","away",737
2017,"Chapman University","defense","Nick Gott","1","2","3","-/-","-","-/-","-","-","0-0","-/-","-","-","-","-","-","away",737
2017,"Chapman University","defense","Connor Lehner","3","-","3","-/-","-","-/-","-","-","0-0","-/-","-","-","-","-","-","away",737
2017,"Chapman University","defense","Victor Bunce","2","-","2","-/-","-","-/-","-","-","0-0","-/-","1-0","1","-","-","-","away",737
2017,"Chapman University","defense","TEAM","2","-","2","-/-","-","-/-","-","-","0-0","-/-","-","-","-","-","-","away",737
2017,"Chapman University","defense","J. Keller","1","-","1","-/-","-","-/-","-","-","0-0","-/-","-","-","-","-","-","away",737
2017,"Chapman University","defense","Eamon Gallagher","1","-","1","-/-","-","-/-","-","-","0-0","-/-","-","-","-","-","-","away",737
2017,"Chapman University","defense","Matthew Sill","1","-","1","-/-","-","-/-","-","-","0-0","-/-","-","-","-","-","-","away",737
2017,"Chapman University","defense","Michael Porter","1","-","1","-/-","-","-/-","-","-","0-0","-/-","-","-","-","-","-","away",737
2017,"Chapman University","defense","Cade Moffatt","1","-","1","-/-","-","-/-","-","-","0-0","-/-","-","-","1","-","-","away",737
2017,"Chapman University","defense","Alex Plunk","1","-","1","-/-","-","-/-","-","-","0-0","-/-","-","-","-","-","-","away",737
2017,"Chapman University","defense","Lukas Svitek","1","-","1","-/-","-","-/-","-","-","0-0","-/-","-","-","-","-","-","away",737
2017,"Chapman University","defense","Connor Sinclair","-","1","1","0.5/1","0.5","-/-","-","-","0-0","-/-","-","-","-","-","-","away",737
2017,"Chapman University","defense","Zachary Ralston","1","-","1","-/-","-","-/-","-","-","0-0","-/-","-","-","-","-","-","away",737
2017,"Chapman University","defense","Chance Sears","1","-","1","-/-","-","-/-","-","-","0-0","-/-","-","-","-","-","-","away",737
2017,"Chapman University","defense","M. Cooney","-","-","-","-/-","-","-/-","-","-","0-0","-/-","-","-","1","-","-","away",737
2017,"La Verne University","defense","Conner Johnson","5","7","12","1.5/7","1.5","0.5/4","0.5","-","0-0","-/-","-","-","-","-","-","home",736
2017,"La Verne University","defense","Connor Truhitte","7","4","11","2.5/10","2.5","0.5/3","0.5","-","0-0","-/-","-","-","-","-","-","home",736
2017,"La Verne University","defense","Alex Olivas","3","4","7","-/-","-","-/-","-","-","0-0","-/-","-","-","-","-","-","home",736
2017,"La Verne University","defense","Andrew Camargo","5","2","7","1.0/3","1.0","-/-","-","-","0-0","-/-","-","-","-","-","-","home",736
2017,"La Verne University","defense","Derrin Hooks","4","2","6","-/-","-","-/-","-","-","0-0","-/-","-","-","-","-","-","home",736
2017,"La Verne University","defense","Torii Hilbert","6","-","6","1.0/3","1.0","-/-","-","-","0-0","-/-","-","-","1","1","-","home",736
2017,"La Verne University","defense","Kyle Kelly","2","3","5","-/-","-","-/-","-","-","0-0","-/-","-","-","-","-","-","home",736
2017,"La Verne University","defense","M. Bloomfield","2","2","4","-/-","-","-/-","-","-","0-0","-/-","-","-","-","-","-","home",736
2017,"La Verne University","defense","Alex Martinez","2","1","3","0.5/6","0.5","0.5/6","0.5","-","0-0","-/-","-","-","-","-","-","home",736
2017,"La Verne University","defense","Jose Aguero","1","2","3","-/-","-","-/-","-","-","0-0","-/-","1-55","1","-","-","-","home",736
2017,"La Verne University","defense","Robby Bagley","1","1","2","0.5/6","0.5","0.5/6","0.5","-","0-0","-/-","-","-","-","-","-","home",736
2017,"La Verne University","defense","I. Gutierrez","2","-","2","1.0/5","1.0","-/-","-","-","0-0","-/-","-","-","-","-","-","home",736
2017,"La Verne University","defense","Russell Boucher","1","-","1","-/-","-","-/-","-","-","0-0","-/-","-","-","-","-","-","home",736
2017,"La Verne University","defense","Derrick Nubia","-","1","1","-/-","-","-/-","-","-","0-0","-/-","-","-","-","-","-","home",736
2017,"La Verne University","defense","James Gonsalves","1","-","1","-/-","-","-/-","-","-","0-0","-/-","-","-","-","-","-","home",736
2017,"La Verne University","defense","Robert Brown","-","1","1","-/-","-","-/-","-","-","0-0","-/-","-","-","-","-","-","home",736
2017,"La Verne University","defense","Marcus Blevins","1","-","1","-/-","-","-/-","-","-","0-0","-/-","-","-","-","-","-","home",736
2017,"La Verne University","defense","C. Mooneyhan","1","-","1","-/-","-","-/-","-","-","0-0","-/-","-","-","-","-","-","home",736
2017,"La Verne University","defense","G. De Loera","-","1","1","-/-","-","-/-","-","-","0-0","-/-","-","-","-","-","-","home",736
2017,"La Verne University","defense","Brandon Soto","-","1","1","-/-","-","-/-","-","-","0-0","-/-","-","-","-","-","-","home",736
2017,"La Verne University","defense","Austin Brown","1","-","1","-/-","-","-/-","-","-","0-0","-/-","-","-","-","-","-","home",736
2017,"La Verne University","defense","Cameron Graham","1","-","1","-/-","-","-/-","-","-","0-0","-/-","-","-","-","-","-","home",736
2017,"La Verne University","defense","B. MacDonald","4","2","6","-/-","-","-/-","-","-","0-0","-/-","-","-","1","-","-","away",736
2017,"La Verne University","defense","Mitchell Allan","4","2","6","1.5/4","1.5","-/-","-","-","0-0","-/-","-","-","-","-","-","away",736
2017,"La Verne University","defense","Geno Quaid","5","-","5","-/-","-","-/-","-","-","0-0","-/-","1-56","1","-","-","-","away",736
2017,"La Verne University","defense","Connor Lehner","2","2","4","-/-","-","-/-","-","-","0-0","-/-","-","-","-","-","-","away",736
2017,"La Verne University","defense","R. Weissenfels","2","1","3","0.5/-","0.5","-/-","-","-","0-0","-/-","-","-","-","-","-","away",736
2017,"La Verne University","defense","Sachi Mindich","3","-","3","-/-","-","-/-","-","-","0-1","1/-","-","-","1","-","-","away",736
2017,"La Verne University","defense","Victor Bunce","1","1","2","-/-","-","-/-","-","-","0-0","-/-","-","-","1","-","-","away",736
2017,"La Verne University","defense","Lukas Svitek","2","-","2","-/-","-","-/-","-","-","0-0","-/-","-","-","-","-","-","away",736
2017,"La Verne University","defense","Frankie Rayis","2","-","2","-/-","-","-/-","-","-","0-0","-/-","-","-","-","-","-","away",736
2017,"La Verne University","defense","M. Cooney","-","1","1","-/-","-","-/-","-","-","0-0","-/-","-","-","-","-","-","away",736
2017,"La Verne University","defense","Jake Norville","1","-","1","-/-","-","-/-","-","-","0-0","-/-","-","-","-","-","-","away",736
2017,"La Verne University","defense","Will Edwards","1","-","1","1.0/1","1.0","-/-","-","-","0-0","-/-","-","-","-","-","-","away",736
2017,"La Verne University","defense","Jack Cavellier","-","1","1","-/-","-","-/-","-","-","0-0","-/-","-","-","-","-","-","away",736
2017,"La Verne University","defense","Connor Sinclair","1","-","1","-/-","-","-/-","-","-","0-0","-/-","-","-","-","-","-","away",736
2017,"La Verne University","defense","Luke Livingston","1","-","1","-/-","-","-/-","-","-","0-0","-/-","-","-","-","-","-","away",736
2017,"Lewis and Clark College","defense","Campbell, Remin","6","-","6","1.0/2","1.0","1.0/2","1.0","-","0-0","-/-","-","-","-","-","-","home",730
2017,"Lewis and Clark College","defense","Werst, Andrew","5","1","6","1.5/9","1.5","1.5/9","1.5","1","1-1","1/-","-","-","-","-","-","home",730
2017,"Lewis and Clark College","defense","Malone, Tawayne","5","-","5","-/-","-","-/-","-","-","0-0","-/-","-","-","-","-","-","home",730
2017,"Lewis and Clark College","defense","Chang, Cameron","3","2","5","0.5/4","0.5","0.5/4","0.5","-","0-0","-/-","-","-","-","-","-","home",730
2017,"Lewis and Clark College","defense","Lahti, Pete","4","-","4","1.0/3","1.0","-/-","-","-","0-0","-/-","-","-","-","-","-","home",730
2017,"Lewis and Clark College","defense","Smith, Dante","2","1","3","-/-","-","-/-","-","-","0-0","-/-","-","-","-","-","-","home",730
2017,"Lewis and Clark College","defense","LaBoy, Makana","2","1","3","-/-","-","-/-","-","-","0-0","-/-","-","-","-","-","-","home",730
2017,"Lewis and Clark College","defense","Ho'omanawan, M.","2","1","3","-/-","-","-/-","-","-","0-0","-/-","-","-","-","-","-","home",730
2017,"Lewis and Clark College","defense","Tostado, James","3","-","3","1.0/4","1.0","-/-","-","-","0-0","-/-","-","-","-","-","-","home",730
2017,"Lewis and Clark College","defense","Retzlaff, Thor","3","-","3","1.0/1","1.0","-/-","-","-","0-0","-/-","-","-","1","-","-","home",730
2017,"Lewis and Clark College","defense","Canales, Ramonn","2","-","2","1.0/3","1.0","-/-","-","-","0-0","-/-","-","-","-","-","-","home",730
2017,"Lewis and Clark College","defense","Tharpe, Xavier","1","-","1","-/-","-","-/-","-","-","0-0","-/-","-","-","-","-","-","home",730
2017,"Lewis and Clark College","defense","Smith, Jonathan","1","-","1","-/-","-","-/-","-","1","1-0","-/-","-","-","-","-","-","home",730
2017,"Lewis and Clark College","defense","Crawford, Cale","1","-","1","-/-","-","-/-","-","-","0-0","-/-","-","-","-","-","-","home",730
2017,"Lewis and Clark College","defense","Kahale, Kaimana","1","-","1","-/-","-","-/-","-","-","0-0","-/-","-","-","-","-","-","home",730
2017,"Lewis and Clark College","defense","Palau, Keola","1","-","1","-/-","-","-/-","-","-","0-0","-/-","-","-","-","-","-","home",730
2017,"Lewis and Clark College","defense","Neuman, Berkele","1","-","1","-/-","-","-/-","-","-","0-0","-/-","-","-","-","-","-","home",730
2017,"Lewis and Clark College","defense","Garreaud, Dalla","1","-","1","-/-","-","-/-","-","-","0-0","-/-","-","-","-","-","-","home",730
2017,"Lewis and Clark College","defense","Garrison, Blake","1","-","1","-/-","-","-/-","-","-","0-0","-/-","-","-","-","-","-","home",730
2017,"Lewis and Clark College","defense","Roberson, Skout","1","-","1","-/-","-","-/-","-","-","0-0","-/-","-","-","-","-","-","home",730
2017,"Lewis and Clark College","defense","Mitchell Allan","6","1","7","1.0/4","1.0","-/-","-","-","0-0","-/-","-","-","-","-","-","away",730
2017,"Lewis and Clark College","defense","Will Edwards","4","2","6","1.5/4","1.5","1.0/3","1.0","-","0-0","-/-","-","-","-","-","-","away",730
2017,"Lewis and Clark College","defense","M. Cooney","5","-","5","-/-","-","-/-","-","-","0-0","-/-","-","-","-","-","-","away",730
2017,"Lewis and Clark College","defense","M. Stuppiello I","4","-","4","-/-","-","-/-","-","-","0-0","-/-","-","-","1","-","-","away",730
2017,"Lewis and Clark College","defense","B. MacDonald","3","1","4","1.0/6","1.0","1.0/6","1.0","-","0-1","1/-","-","-","-","-","-","away",730
2017,"Lewis and Clark College","defense","R. Weissenfels","2","-","2","1.0/4","1.0","-/-","-","-","0-0","-/-","-","-","-","-","-","away",730
2017,"Lewis and Clark College","defense","Kevin Shoyer","2","-","2","-/-","-","-/-","-","-","0-0","-/-","-","-","-","-","-","away",730
2017,"Lewis and Clark College","defense","Samuel Ness","-","2","2","0.5/1","0.5","-/-","-","-","0-0","-/-","-","-","-","-","-","away",730
2017,"Lewis and Clark College","defense","Michael Porter","2","-","2","-/-","-","-/-","-","-","0-0","-/-","-","-","-","-","-","away",730
2017,"Lewis and Clark College","defense","Nick Gott","2","-","2","2.0/17","2.0","1.0/15","1.0","-","0-0","-/-","-","-","-","-","-","away",730
2017,"Lewis and Clark College","defense","Lukas Svitek","1","1","2","-/-","-","-/-","-","-","0-0","-/-","-","-","-","-","-","away",730
2017,"Lewis and Clark College","defense","Victor Bunce","1","-","1","-/-","-","-/-","-","-","0-0","-/-","1-7","1","-","-","-","away",730
2017,"Lewis and Clark College","defense","Geno Quaid","1","-","1","-/-","-","-/-","-","-","0-0","-/-","-","-","1","-","-","away",730
2017,"Lewis and Clark College","defense","Cade Moffatt","1","-","1","-/-","-","-/-","-","-","0-0","-/-","-","-","-","-","-","away",730
2017,"Lewis and Clark College","defense","C. Henderson","1","-","1","-/-","-","-/-","-","-","0-0","-/-","-","-","-","-","-","away",730
2017,"Lewis and Clark College","defense","Alex Plunk","1","-","1","-/-","-","-/-","-","-","0-0","-/-","-","-","-","-","-","away",730
2017,"Lewis and Clark College","defense","David Chen","1","-","1","-/-","-","-/-","-","-","0-0","-/-","-","-","-","-","-","away",730
2017,"Lewis and Clark College","defense","Frankie Rayis","-","1","1","-/-","-","-/-","-","-","0-0","-/-","-","-","-","-","-","away",730
2017,"Lewis and Clark College","defense","Connor Sinclair","1","-","1","-/-","-","-/-","-","-","0-0","-/-","-","-","-","-","-","away",730
2017,"Lewis and Clark College","defense","Jae Kinney","1","-","1","1.0/1","1.0","-/-","-","-","0-0","-/-","-","-","-","-","-","away",730
2017,"Lewis and Clark College","defense","Luke Livingston","1","-","1","-/-","-","-/-","-","-","0-0","-/-","-","-","-","-","-","away",730
2017,"Lewis and Clark College","defense","Kanoa Gilliland","1","-","1","-/-","-","-/-","-","1","1-0","-/-","-","-","-","-","-","away",730
2017,"Lewis and Clark College","defense","Elijah Jackson","1","-","1","-/-","-","-/-","-","-","0-0","-/-","-","-","-","-","-","away",730
2017,"Lewis and Clark College","defense","TEAM","1","-","1","-/-","-","-/-","-","-","0-0","-/-","-","-","-","-","-","away",730
2017,"Occidental College","defense","B. MacDonald","4","4","8","1.5/6","1.5","1.5/6","1.5","1","1-1","1/-","-","-","-","-","-","home",733
2017,"Occidental College","defense","R. Weissenfels","2","3","5","0.5/-","0.5","-/-","-","-","0-0","-/-","-","-","1","1","-","home",733
2017,"Occidental College","defense","Samuel Ness","3","2","5","1.0/1","1.0","1.0/1","1.0","-","0-0","-/-","-","-","-","-","-","home",733
2017,"Occidental College","defense","Connor Lehner","2","3","5","-/-","-","-/-","-","-","0-0","-/-","-","-","1","-","-","home",733
2017,"Occidental College","defense","Mitchell Allan","-","4","4","1.5/6","1.5","1.0/5","1.0","-","0-0","-/-","-","-","-","-","-","home",733
2017,"Occidental College","defense","Luke Livingston","-","3","3","1.5/7","1.5","1.5/7","1.5","-","0-0","-/-","-","-","-","-","-","home",733
2017,"Occidental College","defense","M. Cooney","2","-","2","-/-","-","-/-","-","-","0-0","-/-","-","-","-","-","-","home",733
2017,"Occidental College","defense","M. Stuppiello I","1","1","2","-/-","-","-/-","-","-","0-0","-/-","-","-","-","-","-","home",733
2017,"Occidental College","defense","Kevin Shoyer","1","1","2","-/-","-","-/-","-","-","0-0","-/-","-","-","-","-","-","home",733
2017,"Occidental College","defense","Victor Bunce","2","-","2","-/-","-","-/-","-","-","0-0","-/-","1-0","1","1","-","-","home",733
2017,"Occidental College","defense","Geno Quaid","1","1","2","-/-","-","-/-","-","-","0-0","-/-","-","-","1","-","-","home",733
2017,"Occidental College","defense","Lukas Svitek","-","2","2","-/-","-","-/-","-","-","0-0","-/-","-","-","-","-","-","home",733
2017,"Occidental College","defense","Will Buckstaff","1","-","1","-/-","-","-/-","-","-","0-0","-/-","-","-","-","-","-","home",733
2017,"Occidental College","defense","Ethan Takeyama","-","1","1","-/-","-","-/-","-","-","0-0","-/-","-","-","-","-","-","home",733
2017,"Occidental College","defense","Michael Porter","1","-","1","-/-","-","-/-","-","-","0-0","-/-","-","-","-","-","-","home",733
2017,"Occidental College","defense","Alex Plunk","-","1","1","-/-","-","-/-","-","-","0-0","-/-","-","-","-","-","-","home",733
2017,"Occidental College","defense","David Chen","-","1","1","-/-","-","-/-","-","-","0-0","-/-","-","-","-","-","-","home",733
2017,"Occidental College","defense","Frankie Rayis","-","1","1","-/-","-","-/-","-","-","0-0","-/-","-","-","-","-","-","home",733
2017,"Occidental College","defense","Jack Cavellier","-","1","1","-/-","-","-/-","-","-","0-0","-/-","-","-","-","-","-","home",733
2017,"Occidental College","defense","Connor Sinclair","1","-","1","1.0/10","1.0","1.0/10","1.0","-","0-0","-/-","-","-","-","-","-","home",733
2017,"Occidental College","defense","Zachary Ralston","-","1","1","-/-","-","-/-","-","-","0-0","-/-","-","-","-","-","-","home",733
2017,"Occidental College","defense","Kanoa Gilliland","1","-","1","-/-","-","-/-","-","-","0-0","-/-","-","-","-","-","-","home",733
2017,"Occidental College","defense","Elijah Jackson","1","-","1","-/-","-","-/-","-","-","0-0","-/-","-","-","-","-","-","home",733
2017,"Occidental College","defense","Chris Garcia","5","5","10","-/-","-","-/-","-","-","0-0","-/-","-","-","-","-","-","away",733
2017,"Occidental College","defense","Jackson Caudle","8","2","10","1.0/5","1.0","1.0/5","1.0","-","0-0","-/-","-","-","-","-","-","away",733
2017,"Occidental College","defense","Travis Swanson","4","3","7","-/-","-","-/-","-","-","0-1","1/-","-","-","-","1","-","away",733
2017,"Occidental College","defense","Josiah Sheffie","3","4","7","-/-","-","-/-","-","-","0-0","-/-","-","-","1","-","-","away",733
2017,"Occidental College","defense","Joey Garza","4","3","7","1.0/2","1.0","1.0/2","1.0","-","0-0","-/-","-","-","-","-","-","away",733
2017,"Occidental College","defense","Billy Grossman","5","1","6","-/-","-","-/-","-","-","0-0","-/-","-","-","-","-","-","away",733
2017,"Occidental College","defense","C. Saludares","3","2","5","-/-","-","-/-","-","-","0-0","-/-","-","-","-","-","-","away",733
2017,"Occidental College","defense","H. Wakefield","3","2","5","1.0/4","1.0","-/-","-","-","0-0","-/-","-","-","-","-","-","away",733
2017,"Occidental College","defense","Christian Clark","2","2","4","-/-","-","-/-","-","-","0-0","-/-","-","-","1","-","-","away",733
2017,"Occidental College","defense","Josh Yee","2","2","4","-/-","-","-/-","-","-","0-0","-/-","-","-","-","-","-","away",733
2017,"Occidental College","defense","Gavin Campbell","1","2","3","-/-","-","-/-","-","-","0-0","-/-","-","-","-","-","-","away",733
2017,"Occidental College","defense","Javion Tinsley","2","-","2","-/-","-","-/-","-","-","0-0","-/-","-","-","-","-","-","away",733
2017,"Occidental College","defense","Anthony Stanley","2","-","2","-/-","-","-/-","-","-","0-0","-/-","-","-","-","-","-","away",733
2017,"Occidental College","defense","Carlos Fregoso","2","-","2","-/-","-","-/-","-","-","0-0","-/-","-","-","-","-","-","away",733
2017,"Occidental College","defense","Andrew Olivero","1","-","1","-/-","-","-/-","-","-","0-0","-/-","-","-","-","-","-","away",733
2017,"Occidental College","defense","A. Liapis","-","-","-","-/-","-","-/-","-","-","0-0","-/-","1-2","1","-","-","-","away",733
2017,"Pomona-Pitzer","defense","B. MacDonald","6","5","11","2.0/19","2.0","2.0/19","2.0","-","0-0","-/-","-","-","-","-","1","home",738
2017,"Pomona-Pitzer","defense","Will Edwards","6","3","9","2.0/3","2.0","1.0/2","1.0","1","1-0","-/-","-","-","-","-","-","home",738
2017,"Pomona-Pitzer","defense","Geno Quaid","1","7","8","-/-","-","-/-","-","-","0-0","-/-","-","-","-","-","-","home",738
2017,"Pomona-Pitzer","defense","R. Weissenfels","5","2","7","-/-","-","-/-","-","-","0-0","-/-","-","-","-","-","-","home",738
2017,"Pomona-Pitzer","defense","Samuel Ness","1","3","4","-/-","-","-/-","-","-","0-0","-/-","-","-","-","-","-","home",738
2017,"Pomona-Pitzer","defense","Nick Gott","2","2","4","-/-","-","-/-","-","-","0-0","-/-","-","-","-","-","-","home",738
2017,"Pomona-Pitzer","defense","M. Cooney","1","2","3","-/-","-","-/-","-","-","0-0","-/-","-","-","-","-","-","home",738
2017,"Pomona-Pitzer","defense","Sachi Mindich","1","2","3","-/-","-","-/-","-","-","0-0","-/-","-","-","-","-","-","home",738
2017,"Pomona-Pitzer","defense","Cade Moffatt","2","1","3","-/-","-","-/-","-","-","0-0","-/-","-","-","-","-","-","home",738
2017,"Pomona-Pitzer","defense","Shane Pico","-","2","2","-/-","-","-/-","-","-","0-0","-/-","-","-","-","-","-","home",738
2017,"Pomona-Pitzer","defense","Lukas Svitek","1","1","2","-/-","-","-/-","-","-","0-0","-/-","-","-","-","-","-","home",738
2017,"Pomona-Pitzer","defense","Frankie Rayis","-","2","2","-/-","-","-/-","-","-","0-0","-/-","-","-","-","-","-","home",738
2017,"Pomona-Pitzer","defense","Jack Cavellier","-","2","2","-/-","-","-/-","-","-","0-0","-/-","-","-","-","-","-","home",738
2017,"Pomona-Pitzer","defense","Connor Sinclair","1","1","2","-/-","-","-/-","-","-","0-0","-/-","-","-","-","-","-","home",738
2017,"Pomona-Pitzer","defense","Luke Livingston","2","-","2","-/-","-","-/-","-","-","0-0","-/-","-","-","-","-","-","home",738
2017,"Pomona-Pitzer","defense","M. Stuppiello I","-","1","1","-/-","-","-/-","-","-","0-0","-/-","-","-","-","-","-","home",738
2017,"Pomona-Pitzer","defense","Kevin Shoyer","1","-","1","-/-","-","-/-","-","-","0-0","-/-","-","-","-","-","-","home",738
2017,"Pomona-Pitzer","defense","Matthew Sill","-","1","1","-/-","-","-/-","-","-","0-0","-/-","-","-","-","-","-","home",738
2017,"Pomona-Pitzer","defense","Victor Bunce","-","1","1","-/-","-","-/-","-","-","0-0","-/-","1-31","1","-","-","-","home",738
2017,"Pomona-Pitzer","defense","Michael Porter","-","1","1","-/-","-","-/-","-","-","0-0","-/-","-","-","-","-","-","home",738
2017,"Pomona-Pitzer","defense","C. Henderson","-","1","1","-/-","-","-/-","-","-","0-0","-/-","-","-","-","-","-","home",738
2017,"Pomona-Pitzer","defense","Kanoa Gilliland","1","-","1","-/-","-","-/-","-","-","0-0","-/-","-","-","-","-","-","home",738
2017,"Pomona-Pitzer","defense","Evan Lloyd","5","6","11","-/-","-","-/-","-","-","0-1","1/-","-","-","-","-","-","away",738
2017,"Pomona-Pitzer","defense","Jack Storrs","5","5","10","-/-","-","-/-","-","-","0-0","-/-","-","-","-","-","-","away",738
2017,"Pomona-Pitzer","defense","Kyle Davis","1","8","9","-/-","-","-/-","-","-","0-0","-/-","-","-","-","1","1","away",738
2017,"Pomona-Pitzer","defense","Zach Harris","1","7","8","-/-","-","-/-","-","-","0-0","-/-","-","-","-","-","-","away",738
2017,"Pomona-Pitzer","defense","Eric Smith","1","6","7","-/-","-","-/-","-","-","0-0","-/-","-","-","-","-","-","away",738
2017,"Pomona-Pitzer","defense","Blake Gunn","2","5","7","-/-","-","-/-","-","-","0-0","-/-","-","-","-","-","-","away",738
2017,"Pomona-Pitzer","defense","Andrew Phillips","2","4","6","-/-","-","-/-","-","-","0-0","-/-","-","-","-","-","-","away",738
2017,"Pomona-Pitzer","defense","Adam Hinthorne","2","3","5","-/-","-","-/-","-","-","0-0","-/-","-","-","-","-","-","away",738
2017,"Pomona-Pitzer","defense","William Nahm","2","2","4","-/-","-","-/-","-","-","0-0","-/-","-","-","-","-","-","away",738
2017,"Pomona-Pitzer","defense","Elan Harris","1","2","3","-/-","-","-/-","-","-","0-0","-/-","1-0","1","-","-","-","away",738
2017,"Pomona-Pitzer","defense","Khalil Springs","-","3","3","-/-","-","-/-","-","-","0-0","-/-","-","-","-","-","-","away",738
2017,"Pomona-Pitzer","defense","Peter Troupe","1","1","2","-/-","-","-/-","-","-","0-0","-/-","-","-","-","-","-","away",738
2017,"Pomona-Pitzer","defense","Josh Portnoy","1","1","2","-/-","-","-/-","-","-","0-0","-/-","-","-","-","-","-","away",738
2017,"Pomona-Pitzer","defense","Tate Tussing","-","1","1","-/-","-","-/-","-","-","0-0","-/-","-","-","-","-","-","away",738
2017,"Pomona-Pitzer","defense","Ryan McGee","1","-","1","-/-","-","-/-","-","-","0-0","-/-","-","-","-","-","-","away",738
2017,"Pomona-Pitzer","defense","J. Battaglia","-","1","1","-/-","-","-/-","-","-","0-0","-/-","-","-","-","-","-","away",738
2017,"Pomona-Pitzer","defense","Apollo Thomas","-","1","1","-/-","-","-/-","-","-","0-0","-/-","-","-","-","-","-","away",738
2017,"Pomona-Pitzer","defense","Alex Gold","-","1","1","-/-","-","-/-","-","-","0-0","-/-","-","-","-","-","-","away",738
2017,"Pomona-Pitzer","defense","Paul Westcott","-","1","1","-/-","-","-/-","-","-","0-0","-/-","-","-","-","-","-","away",738
2017,"Pomona-Pitzer","defense","Andrew Heffler","1","-","1","-/-","-","-/-","-","-","0-0","-/-","-","-","-","-","-","away",738
2017,"Pomona-Pitzer","defense","Austin Prather","1","-","1","-/-","-","-/-","-","-","0-0","-/-","-","-","-","-","-","away",738
2017,"University of Redlands","defense","Geno Quaid","5","9","14","-/-","-","-/-","-","1","1-1","1/-","-","-","-","-","-","home",735
2017,"University of Redlands","defense","Mitchell Allan","5","6","11","1.0/8","1.0","1.0/8","1.0","-","0-0","-/-","-","-","-","-","-","home",735
2017,"University of Redlands","defense","Brendan MacDona","3","7","10","-/-","-","-/-","-","-","0-0","-/-","-","-","-","-","-","home",735
2017,"University of Redlands","defense","Victor Bunce","4","3","7","-/-","-","-/-","-","-","0-1","1/-","-","-","1","-","-","home",735
2017,"University of Redlands","defense","Frankie Rayis","-","5","5","-/-","-","-/-","-","-","0-0","-/-","-","-","-","-","-","home",735
2017,"University of Redlands","defense","Luke Livingston","-","5","5","0.5/-","0.5","0.5/-","0.5","-","0-0","-/-","-","-","-","-","-","home",735
2017,"University of Redlands","defense","Robby Weissenfe","1","3","4","-/-","-","-/-","-","-","0-0","-/-","-","-","1","-","-","home",735
2017,"University of Redlands","defense","Sachi Mindich","4","-","4","-/-","-","-/-","-","-","0-0","-/-","-","-","2","-","-","home",735
2017,"University of Redlands","defense","Connor Lehner","1","3","4","-/-","-","-/-","-","-","0-0","-/-","-","-","-","-","-","home",735
2017,"University of Redlands","defense","Will Edwards","-","3","3","-/-","-","-/-","-","-","0-0","-/-","-","-","-","-","-","home",735
2017,"University of Redlands","defense","Lukas Svitek","-","3","3","0.5/1","0.5","0.5/1","0.5","-","0-0","-/-","-","-","-","-","-","home",735
2017,"University of Redlands","defense","Mackenzie Coone","1","1","2","-/-","-","-/-","-","-","0-0","-/-","-","-","-","-","-","home",735
2017,"University of Redlands","defense","Michael Porter","2","-","2","-/-","-","-/-","-","1","1-0","-/-","-","-","-","-","-","home",735
2017,"University of Redlands","defense","Alex Plunk","1","1","2","-/-","-","-/-","-","-","0-0","-/-","-","-","-","-","-","home",735
2017,"University of Redlands","defense","Zach Heffernan","1","1","2","-/-","-","-/-","-","-","0-0","-/-","-","-","-","-","-","home",735
2017,"University of Redlands","defense","Eamon Gallagher","1","-","1","-/-","-","-/-","-","-","0-0","-/-","-","-","-","-","-","home",735
2017,"University of Redlands","defense","Jackson Zeledon","1","-","1","-/-","-","-/-","-","-","0-0","-/-","-","-","-","-","-","home",735
2017,"University of Redlands","defense","Kevin Shoyer","1","-","1","-/-","-","-/-","-","-","0-0","-/-","-","-","-","-","-","home",735
2017,"University of Redlands","defense","Jack Cavellier","-","1","1","-/-","-","-/-","-","-","0-0","-/-","-","-","-","-","-","home",735
2017,"University of Redlands","defense","Connor Sinclair","-","1","1","-/-","-","-/-","-","-","0-0","-/-","-","-","-","-","-","home",735
2017,"University of Redlands","defense","PJ Wilson","7","5","12","1.5/6","1.5","-/-","-","-","0-0","-/-","-","-","1","-","-","away",735
2017,"University of Redlands","defense","DJ Hollingshead","4","5","9","1.0/1","1.0","-/-","-","-","0-0","-/-","-","-","-","-","-","away",735
2017,"University of Redlands","defense","Nick Castro","4","4","8","1.5/5","1.5","-/-","-","-","0-0","-/-","-","-","-","-","1","away",735
2017,"University of Redlands","defense","Daniel Gonzales","4","2","6","-/-","-","-/-","-","-","0-0","-/-","1-0","1","1","-","-","away",735
2017,"University of Redlands","defense","Ryan Rieta","3","3","6","-/-","-","-/-","-","-","0-0","-/-","-","-","-","-","-","away",735
2017,"University of Redlands","defense","Curren Lapes","1","5","6","-/-","-","-/-","-","-","0-0","-/-","-","-","1","-","-","away",735
2017,"University of Redlands","defense","Mitch Shepherd","3","2","5","2.0/6","2.0","1.0/2","1.0","-","0-0","-/-","-","-","-","-","-","away",735
2017,"University of Redlands","defense","Spencer Conley","2","2","4","-/-","-","-/-","-","-","0-0","-/-","2-0","2","-","-","-","away",735
2017,"University of Redlands","defense","D. Nascimento","-","4","4","0.5/1","0.5","-/-","-","-","0-0","-/-","-","-","1","-","-","away",735
2017,"University of Redlands","defense","N. Manomat-Rodr","1","3","4","-/-","-","-/-","-","-","0-0","-/-","-","-","-","-","-","away",735
2017,"University of Redlands","defense","Pete Riccolo","2","2","4","-/-","-","-/-","-","-","0-0","-/-","-","-","-","-","-","away",735
2017,"University of Redlands","defense","Conner Kennedy","-","2","2","-/-","-","-/-","-","-","0-0","-/-","-","-","-","-","-","away",735
2017,"University of Redlands","defense","Elias Hackney","-","1","1","0.5/1","0.5","-/-","-","-","0-0","-/-","-","-","-","-","-","away",735
2017,"University of Redlands","defense","Evan Johnson","-","1","1","-/-","-","-/-","-","-","0-0","-/-","-","-","-","-","-","away",735
2017,"University of Redlands","defense","Bryce Broadwell","1","-","1","-/-","-","-/-","-","-","0-0","-/-","-","-","-","-","-","away",735
2017,"University of Redlands","defense","Tristan Corwin","1","-","1","-/-","-","-/-","-","-","0-1","1/-","-","-","-","-","-","away",735
2017,"University of Redlands","defense","M. Burnette Jr.","-","1","1","-/-","-","-/-","-","-","0-0","-/-","-","-","-","-","1","away",735
2017,"University of Redlands","defense","Alieu Corr","1","-","1","1.0/1","1.0","-/-","-","-","0-0","-/-","-","-","-","-","-","away",735
2017,"University of Redlands","defense","TEAM","1","-","1","1.0/2","1.0","1.0/2","1.0","1","1-0","-/-","-","-","-","-","-","away",735
2017,"Washington and Lee","defense","M. Cooney","8","2","10","-/-","-","-/-","-","-","0-0","-/-","-","-","-","-","-","home",731
2017,"Washington and Lee","defense","Will Edwards","5","3","8","1.0/2","1.0","-/-","-","-","0-0","-/-","-","-","-","-","-","home",731
2017,"Washington and Lee","defense","B. MacDonald","2","6","8","-/-","-","-/-","-","-","0-0","-/-","-","-","-","-","-","home",731
2017,"Washington and Lee","defense","Victor Bunce","6","-","6","1.0/2","1.0","-/-","-","-","0-0","-/-","-","-","1","-","-","home",731
2017,"Washington and Lee","defense","Geno Quaid","5","-","5","-/-","-","-/-","-","-","0-0","-/-","-","-","-","-","-","home",731
2017,"Washington and Lee","defense","Nick Gott","4","1","5","1.0/9","1.0","1.0/9","1.0","1","1-0","-/-","-","-","-","-","-","home",731
2017,"Washington and Lee","defense","R. Weissenfels","1","3","4","0.5/4","0.5","0.5/4","0.5","-","0-0","-/-","-","-","-","-","-","home",731
2017,"Washington and Lee","defense","Connor Sinclair","3","1","4","-/-","-","-/-","-","-","0-0","-/-","-","-","-","-","-","home",731
2017,"Washington and Lee","defense","Cade Moffatt","3","-","3","-/-","-","-/-","-","-","0-0","-/-","-","-","1","-","-","home",731
2017,"Washington and Lee","defense","Connor Lehner","1","2","3","0.5/4","0.5","0.5/4","0.5","-","0-0","-/-","-","-","-","-","-","home",731
2017,"Washington and Lee","defense","Luke Livingston","-","3","3","-/-","-","-/-","-","-","0-0","-/-","-","-","-","-","-","home",731
2017,"Washington and Lee","defense","Ethan Takeyama","1","1","2","-/-","-","-/-","-","-","0-0","-/-","-","-","-","-","-","home",731
2017,"Washington and Lee","defense","Lukas Svitek","2","-","2","-/-","-","-/-","-","-","0-0","-/-","-","-","-","-","-","home",731
2017,"Washington and Lee","defense","Spencer Sheff","-","1","1","-/-","-","-/-","-","-","0-0","-/-","-","-","-","-","-","home",731
2017,"Washington and Lee","defense","M. Stuppiello I","1","-","1","-/-","-","-/-","-","-","0-0","-/-","-","-","-","-","-","home",731
2017,"Washington and Lee","defense","Sam Healy","1","-","1","-/-","-","-/-","-","-","0-0","-/-","-","-","-","-","-","home",731
2017,"Washington and Lee","defense","Mitchell Allan","-","1","1","-/-","-","-/-","-","-","0-0","-/-","-","-","-","-","-","home",731
2017,"Washington and Lee","defense","Max Garrett","5","3","8","-/-","-","-/-","-","-","0-0","-/-","-","-","-","-","-","away",731
2017,"Washington and Lee","defense","Michael Shields","3","4","7","-/-","-","-/-","-","-","0-0","-/-","-","-","-","-","-","away",731
2017,"Washington and Lee","defense","Thomas Freeland","4","2","6","-/-","-","-/-","-","-","0-0","-/-","2-17","2","-","-","-","away",731
2017,"Washington and Lee","defense","Grey Reames","4","2","6","-/-","-","-/-","-","-","0-0","-/-","1-9","1","-","-","-","away",731
2017,"Washington and Lee","defense","Will Corry","2","3","5","-/-","-","-/-","-","-","0-0","-/-","-","-","-","-","-","away",731
2017,"Washington and Lee","defense","Trip Calihan","1","4","5","-/-","-","-/-","-","-","0-0","-/-","-","-","-","-","-","away",731
2017,"Washington and Lee","defense","Oak Mize","1","4","5","1.0/6","1.0","1.0/6","1.0","-","0-0","-/-","-","-","-","-","-","away",731
2017,"Washington and Lee","defense","Dominic Volpe","3","1","4","1.0/3","1.0","-/-","-","-","0-0","-/-","-","-","1","-","-","away",731
2017,"Washington and Lee","defense","Matt Dodson","3","1","4","-/-","-","-/-","-","-","0-0","-/-","-","-","-","-","-","away",731
2017,"Washington and Lee","defense","Andrew Frailer","1","2","3","1.5/2","1.5","1.0/2","1.0","1","1-0","-/-","-","-","-","-","-","away",731
2017,"Washington and Lee","defense","Reed Clark","1","2","3","-/-","-","-/-","-","-","0-0","-/-","-","-","-","-","-","away",731
2017,"Washington and Lee","defense","Carter Huffman","2","-","2","-/-","-","-/-","-","-","0-0","-/-","-","-","-","-","-","away",731
2017,"Washington and Lee","defense","Kurt Waibel","-","2","2","0.5/1","0.5","-/-","-","-","0-0","-/-","-","-","-","-","-","away",731
2017,"Washington and Lee","defense","Philip Davis","-","2","2","-/-","-","-/-","-","-","0-0","-/-","-","-","-","-","-","away",731
2017,"Washington and Lee","defense","David Hogan","1","-","1","-/-","-","-/-","-","-","0-0","-/-","-","-","-","-","-","away",731
2017,"Washington and Lee","defense","Sam Murphy","1","-","1","-/-","-","-/-","-","-","0-0","-/-","-","-","-","-","-","away",731
2017,"Washington and Lee","defense","J.T. Shorten","1","-","1","-/-","-","-/-","-","-","0-0","-/-","-","-","-","-","-","away",731
2017,"Whittier College","defense","Cooper Allen","8","3","11","-/-","-","-/-","-","-","0-0","-/-","-","-","-","-","-","home",732
2017,"Whittier College","defense","Andrew Rosales","6","-","6","-/-","-","-/-","-","-","0-0","-/-","-","-","-","-","-","home",732
2017,"Whittier College","defense","Edgar Hayes IV","1","4","5","-/-","-","-/-","-","-","0-0","-/-","-","-","-","-","-","home",732
2017,"Whittier College","defense","Nicholas Markar","3","1","4","1.0/1","1.0","-/-","-","-","0-0","-/-","-","-","-","-","-","home",732
2017,"Whittier College","defense","Darius Anthony","3","-","3","-/-","-","-/-","-","-","0-0","-/-","-","-","-","-","-","home",732
2017,"Whittier College","defense","Michael Pirnik","2","1","3","-/-","-","-/-","-","-","0-0","-/-","-","-","-","-","-","home",732
2017,"Whittier College","defense","Kevin Hedlund","1","2","3","0.5/-","0.5","0.5/-","0.5","-","0-0","-/-","-","-","-","-","-","home",732
2017,"Whittier College","defense","Caleb Charles","2","1","3","-/-","-","-/-","-","-","0-0","-/-","-","-","-","-","-","home",732
2017,"Whittier College","defense","Avyen Ramos","2","-","2","-/-","-","-/-","-","-","0-0","-/-","-","-","-","-","-","home",732
2017,"Whittier College","defense","Noah Hall","1","1","2","-/-","-","-/-","-","-","0-0","-/-","-","-","-","-","-","home",732
2017,"Whittier College","defense","Miles Tabarez","2","-","2","-/-","-","-/-","-","-","0-0","-/-","-","-","-","-","-","home",732
2017,"Whittier College","defense","Gilbert Hernand","1","1","2","-/-","-","-/-","-","-","0-0","-/-","-","-","-","-","-","home",732
2017,"Whittier College","defense","Andrew Magana","1","1","2","0.5/1","0.5","0.5/1","0.5","-","0-0","-/-","-","-","-","-","-","home",732
2017,"Whittier College","defense","Hussayn Abdul-Q","1","-","1","-/-","-","-/-","-","-","0-0","-/-","-","-","-","-","-","home",732
2017,"Whittier College","defense","Drew Lewis","-","1","1","-/-","-","-/-","-","-","0-0","-/-","-","-","-","-","-","home",732
2017,"Whittier College","defense","Ty Patterson","1","-","1","-/-","-","-/-","-","-","0-0","-/-","-","-","-","-","-","home",732
2017,"Whittier College","defense","Chance Trammell","1","-","1","-/-","-","-/-","-","-","0-1","1/-","-","-","-","-","-","home",732
2017,"Whittier College","defense","Eric Voss","1","-","1","-/-","-","-/-","-","-","0-0","-/-","-","-","-","-","-","home",732
2017,"Whittier College","defense","Trevor Crist","1","-","1","-/-","-","-/-","-","-","0-0","-/-","-","-","-","-","-","home",732
2017,"Whittier College","defense","Beck Dobrzanski","1","-","1","-/-","-","-/-","-","-","0-0","-/-","-","-","-","-","-","home",732
2017,"Whittier College","defense","Bryson Sanders","-","-","-","-/-","-","-/-","-","-","0-0","-/-","-","-","-","1","-","home",732
2017,"Whittier College","defense","Mitchell Allan","4","3","7","-/-","-","-/-","-","-","0-0","-/-","-","-","-","-","-","away",732
2017,"Whittier College","defense","Will Edwards","2","4","6","0.5/1","0.5","-/-","-","-","0-0","-/-","-","-","-","-","-","away",732
2017,"Whittier College","defense","Brendan MacDona","4","2","6","-/-","-","-/-","-","-","0-0","-/-","-","-","-","-","-","away",732
2017,"Whittier College","defense","Lukas Svitek","3","2","5","-/-","-","-/-","-","-","0-0","-/-","-","-","-","-","-","away",732
2017,"Whittier College","defense","Mackenzie Coone","4","-","4","-/-","-","-/-","-","-","0-0","-/-","-","-","-","-","-","away",732
2017,"Whittier College","defense","Robby Weissenfe","4","-","4","1.0/1","1.0","-/-","-","-","0-0","-/-","-","-","-","-","-","away",732
2017,"Whittier College","defense","Connor Lehner","3","1","4","-/-","-","-/-","-","-","0-0","-/-","-","-","-","-","-","away",732
2017,"Whittier College","defense","Kevin Shoyer","1","2","3","-/-","-","-/-","-","-","0-0","-/-","-","-","-","-","-","away",732
2017,"Whittier College","defense","Geno Quaid","3","-","3","-/-","-","-/-","-","-","0-0","-/-","-","-","-","-","-","away",732
2017,"Whittier College","defense","Cade Moffatt","3","-","3","-/-","-","-/-","-","-","0-0","-/-","1-0","1","-","-","-","away",732
2017,"Whittier College","defense","Luke Livingston","3","-","3","-/-","-","-/-","-","-","0-0","-/-","-","-","-","-","-","away",732
2017,"Whittier College","defense","Victor Bunce","2","-","2","-/-","-","-/-","-","-","0-0","-/-","-","-","-","-","-","away",732
2017,"Whittier College","defense","Nick Gott","2","-","2","-/-","-","-/-","-","-","0-0","-/-","-","-","-","-","-","away",732
2017,"Whittier College","defense","Connor Sinclair","1","1","2","0.5/1","0.5","-/-","-","1","1-0","-/-","-","-","-","-","-","away",732
2017,"Whittier College","defense","Dylan Byrd","-","1","1","-/-","-","-/-","-","-","0-0","-/-","-","-","-","-","-","away",732
2017,"Whittier College","defense","Sachi Mindich","-","1","1","-/-","-","-/-","-","-","0-0","-/-","-","-","-","-","-","away",732
2017,"Whittier College","defense","Matthew Sill","1","-","1","-/-","-","-/-","-","-","0-0","-/-","-","-","-","-","-","away",732
2017,"Whittier College","defense","Michael Porter","1","-","1","-/-","-","-/-","-","-","0-0","-/-","-","-","-","-","-","away",732
2017,"Whittier College","defense","Carter Henderso","1","-","1","-/-","-","-/-","-","-","0-0","-/-","-","-","-","-","-","away",732
2017,"Whittier College","defense","Zach Heffernan","1","-","1","-/-","-","-/-","-","-","0-0","-/-","-","-","-","-","-","away",732
2017,"Whittier College","defense","Jack Cavellier","-","1","1","-/-","-","-/-","-","-","0-0","-/-","-","-","-","-","-","away",732
2018,"Cal Lutheran University","defense","S. Satterlee","6","5","11","1.0/4","1.0","-/-","-","-","0-0","-/-","-","-","-","-","-","home",743
2018,"Cal Lutheran University","defense","Benjamin Cooney","4","3","7","-/-","-","-/-","-","-","0-0","-/-","-","-","-","-","-","home",743
2018,"Cal Lutheran University","defense","Cade Moffatt","7","-","7","-/-","-","-/-","-","-","0-0","-/-","-","-","3","-","-","home",743
2018,"Cal Lutheran University","defense","Mitchell Allan","4","3","7","2.0/6","2.0","1.0/4","1.0","-","0-0","-/-","-","-","-","-","-","home",743
2018,"Cal Lutheran University","defense","Connor Lehner","4","2","6","1.0/2","1.0","-/-","-","-","0-0","-/-","-","-","-","-","-","home",743
2018,"Cal Lutheran University","defense","Dylan Porter","4","1","5","1.0/2","1.0","-/-","-","-","0-0","-/-","-","-","-","-","-","home",743
2018,"Cal Lutheran University","defense","M. Cooney","1","3","4","-/-","-","-/-","-","-","0-0","-/-","-","-","-","-","-","home",743
2018,"Cal Lutheran University","defense","Camrion Davis","3","-","3","1.0/10","1.0","-/-","-","-","0-0","-/-","-","-","-","-","1","home",743
2018,"Cal Lutheran University","defense","Alex Plunk","1","1","2","-/-","-","-/-","-","-","0-0","-/-","-","-","-","-","-","home",743
2018,"Cal Lutheran University","defense","C. Henderson","1","-","1","-/-","-","-/-","-","-","0-1","1/-","-","-","-","-","-","home",743
2018,"Cal Lutheran University","defense","J. Cartwright","1","-","1","-/-","-","-/-","-","-","0-0","-/-","-","-","-","-","-","home",743
2018,"Cal Lutheran University","defense","Grant Braught","1","-","1","-/-","-","-/-","-","-","0-0","-/-","-","-","-","-","-","home",743
2018,"Cal Lutheran University","defense","Matt Niemann","1","-","1","-/-","-","-/-","-","1","1-0","-/-","-","-","-","-","-","home",743
2018,"Cal Lutheran University","defense","Luke Livingston","-","1","1","-/-","-","-/-","-","-","0-0","-/-","-","-","-","-","-","home",743
2018,"Cal Lutheran University","defense","Sevion DaCosta","-","1","1","-/-","-","-/-","-","-","0-0","-/-","-","-","-","-","-","home",743
2018,"Cal Lutheran University","defense","Trent Lindsey","-","1","1","-/-","-","-/-","-","-","0-0","-/-","-","-","-","-","-","home",743
2018,"Cal Lutheran University","defense","Mason Hernandez","-","1","1","-/-","-","-/-","-","-","0-0","-/-","-","-","-","-","-","home",743
2018,"Cal Lutheran University","defense","Nick Parise","1","-","1","-/-","-","-/-","-","-","0-0","-/-","-","-","-","-","-","home",743
2018,"Cal Lutheran University","defense","Ethan Pulley","6","16","22","1.0/2","1.0","-/-","-","-","0-0","-/-","-","-","-","-","2","away",743
2018,"Cal Lutheran University","defense","Zion Brown","3","5","8","-/-","-","-/-","-","-","0-0","-/-","-","-","-","-","-","away",743
2018,"Cal Lutheran University","defense","Izayah Mora","5","3","8","-/-","-","-/-","-","-","0-0","-/-","-","-","1","-","-","away",743
2018,"Cal Lutheran University","defense","Mason Evans","4","4","8","-/-","-","-/-","-","-","0-0","-/-","-","-","-","-","-","away",743
2018,"Cal Lutheran University","defense","A. Rios-Carlsen","1","5","6","1.0/1","1.0","-/-","-","-","0-0","-/-","-","-","-","-","1","away",743
2018,"Cal Lutheran University","defense","JW Windsor","1","5","6","-/-","-","-/-","-","-","0-0","-/-","-","-","-","-","-","away",743
2018,"Cal Lutheran University","defense","Ty Lozano","3","2","5","-/-","-","-/-","-","-","0-0","-/-","-","-","-","-","-","away",743
2018,"Cal Lutheran University","defense","Tecoy Porter","2","3","5","1.0/5","1.0","1.0/5","1.0","-","0-0","-/-","-","-","-","-","2","away",743
2018,"Cal Lutheran University","defense","Obasi Dees","2","2","4","-/-","-","-/-","-","-","0-0","-/-","-","-","-","-","-","away",743
2018,"Cal Lutheran University","defense","Caleb Casimere","1","2","3","-/-","-","-/-","-","-","0-0","-/-","-","-","-","-","-","away",743
2018,"Cal Lutheran University","defense","Cameron James","2","-","2","-/-","-","-/-","-","-","0-0","-/-","-","-","-","-","-","away",743
2018,"Cal Lutheran University","defense","C. Sanchez","-","1","1","-/-","-","-/-","-","-","0-0","-/-","-","-","-","-","-","away",743
2018,"Cal Lutheran University","defense","Chris Kilgore","-","1","1","-/-","-","-/-","-","-","0-0","-/-","-","-","-","-","-","away",743
2018,"Cal Lutheran University","defense","E. Amaugo","-","1","1","-/-","-","-/-","-","-","0-0","-/-","-","-","-","-","-","away",743
2018,"Chapman University","defense","Benjamin Cooney","4","1","5","0.5/1","0.5","-/-","-","-","0-0","-/-","-","-","1","-","-","home",747
2018,"Chapman University","defense","S. Satterlee","4","1","5","-/-","-","-/-","-","-","0-0","-/-","-","-","-","-","-","home",747
2018,"Chapman University","defense","Mitchell Allan","2","2","4","-/-","-","-/-","-","-","0-0","-/-","-","-","-","-","1","home",747
2018,"Chapman University","defense","Michael Porter","3","-","3","-/-","-","-/-","-","-","0-0","-/-","-","-","-","-","-","home",747
2018,"Chapman University","defense","Alex Plunk","2","1","3","-/-","-","-/-","-","-","0-0","-/-","-","-","-","-","-","home",747
2018,"Chapman University","defense","Connor Lehner","2","1","3","-/-","-","-/-","-","-","0-0","-/-","-","-","1","-","-","home",747
2018,"Chapman University","defense","M. Cooney","1","1","2","-/-","-","-/-","-","-","0-0","-/-","-","-","1","-","-","home",747
2018,"Chapman University","defense","M. Stuppiello I","1","1","2","0.5/2","0.5","-/-","-","-","0-0","-/-","-","-","1","-","-","home",747
2018,"Chapman University","defense","Camrion Davis","2","-","2","-/-","-","-/-","-","-","0-0","-/-","-","-","-","-","-","home",747
2018,"Chapman University","defense","Dylan Porter","2","-","2","-/-","-","-/-","-","-","0-0","-/-","-","-","-","-","-","home",747
2018,"Chapman University","defense","Cade Moffatt","1","-","1","-/-","-","-/-","-","-","0-0","-/-","1-0","1","3","-","-","home",747
2018,"Chapman University","defense","Jack Cavellier","-","1","1","-/-","-","-/-","-","-","0-0","-/-","-","-","-","-","-","home",747
2018,"Chapman University","defense","Mason Hernandez","-","1","1","-/-","-","-/-","-","-","0-0","-/-","-","-","1","-","-","home",747
2018,"Chapman University","defense","Curt Calomeni","7","10","17","-/-","-","-/-","-","-","0-0","-/-","-","-","-","-","-","away",747
2018,"Chapman University","defense","Sal Ochoa III","5","10","15","-/-","-","-/-","-","-","0-0","-/-","-","-","-","-","-","away",747
2018,"Chapman University","defense","Dillon Keefe","3","8","11","1.0/2","1.0","-/-","-","-","0-0","-/-","-","-","-","-","-","away",747
2018,"Chapman University","defense","Matt Layton","5","2","7","3.0/15","3.0","1.0/5","1.0","-","0-0","-/-","-","-","-","-","-","away",747
2018,"Chapman University","defense","David Aarhus","3","3","6","-/-","-","-/-","-","-","0-0","-/-","-","-","-","-","-","away",747
2018,"Chapman University","defense","Chris Tsirtsis","3","2","5","-/-","-","-/-","-","-","0-0","-/-","-","-","-","-","-","away",747
2018,"Chapman University","defense","Chandler Wong","-","5","5","-/-","-","-/-","-","-","0-0","-/-","-","-","-","-","-","away",747
2018,"Chapman University","defense","Ricky Medeiros","1","4","5","-/-","-","-/-","-","-","0-0","-/-","-","-","-","-","-","away",747
2018,"Chapman University","defense","Trent Reed","2","2","4","-/-","-","-/-","-","-","0-0","-/-","-","-","-","-","-","away",747
2018,"Chapman University","defense","Noah Kjos","2","2","4","1.0/1","1.0","-/-","-","-","0-0","-/-","-","-","-","-","-","away",747
2018,"Chapman University","defense","Franky Narez","2","1","3","-/-","-","-/-","-","-","0-0","-/-","-","-","2","-","-","away",747
2018,"Chapman University","defense","P. Calcagno","1","2","3","-/-","-","-/-","-","-","0-0","-/-","-","-","-","-","-","away",747
2018,"Chapman University","defense","Nathan Parkin","1","2","3","-/-","-","-/-","-","-","0-0","-/-","-","-","-","-","-","away",747
2018,"Chapman University","defense","Jonathan Bunnel","1","1","2","-/-","-","-/-","-","-","0-0","-/-","-","-","-","-","-","away",747
2018,"Chapman University","defense","Dakota Palmer","2","-","2","-/-","-","-/-","-","-","0-0","-/-","-","-","-","-","-","away",747
2018,"Chapman University","defense","Andrew Dieken","-","2","2","-/-","-","-/-","-","-","0-0","-/-","-","-","-","-","-","away",747
2018,"Chapman University","defense","Will Mudie","1","-","1","-/-","-","-/-","-","-","0-0","-/-","-","-","-","-","-","away",747
2018,"Chapman University","defense","B. Briglio","1","-","1","-/-","-","-/-","-","-","0-0","-/-","-","-","-","-","-","away",747
2018,"Chapman University","defense","Cassady King","1","-","1","-/-","-","-/-","-","-","0-0","-/-","-","-","-","-","-","away",747
2018,"La Verne University","defense","M. Stuppiello I","5","3","8","1.0/2","1.0","-/-","-","-","0-0","-/-","-","-","-","-","-","home",742
2018,"La Verne University","defense","M. Cooney","5","1","6","-/-","-","-/-","-","1","1-0","-/-","-","-","-","-","-","home",742
2018,"La Verne University","defense","Mitchell Allan","3","3","6","0.5/-","0.5","-/-","-","-","0-0","-/-","-","-","-","1","-","home",742
2018,"La Verne University","defense","Benjamin Cooney","1","4","5","-/-","-","-/-","-","-","0-1","1/-","-","-","1","-","-","home",742
2018,"La Verne University","defense","Connor Lehner","2","3","5","1.5/4","1.5","-/-","-","-","0-0","-/-","-","-","-","-","-","home",742
2018,"La Verne University","defense","Luke Livingston","3","2","5","-/-","-","-/-","-","-","0-0","-/-","-","-","-","-","-","home",742
2018,"La Verne University","defense","Camrion Davis","2","2","4","1.5/4","1.5","-/-","-","-","0-0","-/-","-","-","1","-","-","home",742
2018,"La Verne University","defense","Alex Plunk","1","2","3","-/-","-","-/-","-","-","0-0","-/-","-","-","-","-","-","home",742
2018,"La Verne University","defense","Sachi Mindich","1","1","2","-/-","-","-/-","-","-","0-0","-/-","-","-","-","-","-","home",742
2018,"La Verne University","defense","Cade Moffatt","2","-","2","-/-","-","-/-","-","1","1-0","-/-","-","-","-","-","-","home",742
2018,"La Verne University","defense","Sevion DaCosta","2","-","2","-/-","-","-/-","-","-","0-0","-/-","-","-","-","-","-","home",742
2018,"La Verne University","defense","Trent Lindsey","2","-","2","-/-","-","-/-","-","-","0-0","-/-","-","-","-","-","-","home",742
2018,"La Verne University","defense","Jackson Zeledon","1","-","1","-/-","-","-/-","-","-","0-0","-/-","-","-","1","-","-","home",742
2018,"La Verne University","defense","Lukas Svitek","1","-","1","-/-","-","-/-","-","-","0-0","-/-","-","-","-","-","-","home",742
2018,"La Verne University","defense","Jack Cavellier","-","1","1","0.5/1","0.5","-/-","-","-","0-0","-/-","-","-","-","-","-","home",742
2018,"La Verne University","defense","Connor Sinclair","1","-","1","-/-","-","-/-","-","-","0-1","1/-","-","-","-","-","-","home",742
2018,"La Verne University","defense","Raymond Moronez","6","6","12","-/-","-","-/-","-","-","0-0","-/-","-","-","2","-","-","away",742
2018,"La Verne University","defense","Andrew Camargo","5","5","10","-/-","-","-/-","-","-","0-0","-/-","-","-","-","-","-","away",742
2018,"La Verne University","defense","Preston Carr","1","7","8","1.0/1","1.0","-/-","-","-","0-0","-/-","-","-","-","-","-","away",742
2018,"La Verne University","defense","C. Mooneyhan","4","4","8","-/-","-","-/-","-","-","0-0","-/-","-","-","-","-","-","away",742
2018,"La Verne University","defense","Conner Johnson","1","5","6","-/-","-","-/-","-","-","0-0","-/-","-","-","-","-","-","away",742
2018,"La Verne University","defense","Jordan Peevy","1","4","5","-/-","-","-/-","-","-","0-0","-/-","-","-","-","-","-","away",742
2018,"La Verne University","defense","Austin Brown","3","2","5","2.0/14","2.0","2.0/14","2.0","-","0-0","-/-","-","-","-","-","-","away",742
2018,"La Verne University","defense","Khary Sanders","2","3","5","1.0/3","1.0","-/-","-","-","0-0","-/-","-","-","-","-","-","away",742
2018,"La Verne University","defense","M. Bloomfield","3","2","5","0.5/1","0.5","-/-","-","-","0-0","-/-","-","-","-","-","-","away",742
2018,"La Verne University","defense","Casemi Simmon","-","4","4","0.5/-","0.5","-/-","-","-","0-0","-/-","-","-","-","-","-","away",742
2018,"La Verne University","defense","Derrin Hooks","2","2","4","-/-","-","-/-","-","-","0-0","-/-","-","-","-","-","-","away",742
2018,"La Verne University","defense","Dominic Honore","1","1","2","-/-","-","-/-","-","-","0-0","-/-","-","-","-","-","-","away",742
2018,"La Verne University","defense","Brandon Aragon","1","1","2","-/-","-","-/-","-","-","0-0","-/-","-","-","-","-","-","away",742
2018,"La Verne University","defense","Einar Ramirez","-","1","1","-/-","-","-/-","-","-","0-0","-/-","-","-","-","-","-","away",742
2018,"La Verne University","defense","Gabriel Lopez","-","1","1","-/-","-","-/-","-","-","0-0","-/-","-","-","-","-","-","away",742
2018,"La Verne University","defense","Troy Vance","1","-","1","-/-","-","-/-","-","-","0-0","-/-","-","-","-","-","-","away",742
2018,"La Verne University","defense","Eric Wilson","1","-","1","-/-","-","-/-","-","-","0-0","-/-","-","-","-","-","-","away",742
2018,"La Verne University","defense","Zack Zavala","-","1","1","-/-","-","-/-","-","-","0-0","-/-","-","-","-","-","-","away",742
2018,"La Verne University","defense","Joseph Sanchez","-","1","1","-/-","-","-/-","-","-","0-0","-/-","-","-","-","-","-","away",742
2018,"Northwestern (Minn.) University","defense","Mitchell Allan","2","5","7","1.5/3","1.5","-/-","-","-","0-0","-/-","-","-","-","-","-","home",740
2018,"Northwestern (Minn.) University","defense","Connor Lehner","3","3","6","2.0/4","2.0","-/-","-","-","0-0","-/-","-","-","-","-","-","home",740
2018,"Northwestern (Minn.) University","defense","Benjamin Cooney","4","-","4","-/-","-","-/-","-","-","0-0","-/-","1-25","1","1","-","-","home",740
2018,"Northwestern (Minn.) University","defense","Sachi Mindich","2","2","4","-/-","-","-/-","-","-","0-0","-/-","-","-","-","-","-","home",740
2018,"Northwestern (Minn.) University","defense","S. Satterlee","2","2","4","-/-","-","-/-","-","-","0-0","-/-","-","-","-","-","-","home",740
2018,"Northwestern (Minn.) University","defense","M. Cooney","3","-","3","-/-","-","-/-","-","-","0-0","-/-","-","-","-","-","-","home",740
2018,"Northwestern (Minn.) University","defense","M. Stuppiello I","2","1","3","-/-","-","-/-","-","-","0-0","-/-","-","-","-","-","-","home",740
2018,"Northwestern (Minn.) University","defense","Connor Sinclair","1","2","3","0.5/1","0.5","-/-","-","-","0-0","-/-","-","-","-","-","1","home",740
2018,"Northwestern (Minn.) University","defense","Mason Hernandez","-","3","3","1.0/1","1.0","-/-","-","-","0-0","-/-","-","-","-","-","-","home",740
2018,"Northwestern (Minn.) University","defense","Dylan Porter","1","1","2","-/-","-","-/-","-","-","0-0","-/-","-","-","-","-","-","home",740
2018,"Northwestern (Minn.) University","defense","Torben Deese","-","2","2","-/-","-","-/-","-","-","0-0","-/-","-","-","-","-","-","home",740
2018,"Northwestern (Minn.) University","defense","C. Henderson","-","1","1","-/-","-","-/-","-","-","0-0","-/-","-","-","-","-","-","home",740
2018,"Northwestern (Minn.) University","defense","Camrion Davis","1","-","1","-/-","-","-/-","-","-","0-0","-/-","-","-","-","-","-","home",740
2018,"Northwestern (Minn.) University","defense","Cade Moffatt","1","-","1","1.0/3","1.0","-/-","-","-","0-0","-/-","1-0","1","2","-","-","home",740
2018,"Northwestern (Minn.) University","defense","Luke Livingston","1","-","1","1.0/2","1.0","-/-","-","-","0-0","-/-","-","-","-","-","1","home",740
2018,"Northwestern (Minn.) University","defense","Alex Plunk","-","-","-","-/-","-","-/-","-","-","0-0","-/-","-","-","1","-","-","home",740
2018,"Northwestern (Minn.) University","defense","Jack Cavellier","-","-","-","-/-","-","-/-","-","-","0-0","-/-","-","-","-","-","1","home",740
2018,"Northwestern (Minn.) University","defense","Lukas Svitek","-","-","-","-/-","-","-/-","-","-","0-0","-/-","-","-","-","-","1","home",740
2018,"Northwestern (Minn.) University","defense","Noah Nightingal","3","7","10","-/-","-","-/-","-","-","0-0","-/-","-","-","-","-","-","away",740
2018,"Northwestern (Minn.) University","defense","Chase Marlenee","4","6","10","-/-","-","-/-","-","-","0-0","-/-","-","-","1","-","1","away",740
2018,"Northwestern (Minn.) University","defense","Ben Maki","2","5","7","-/-","-","-/-","-","-","0-0","-/-","-","-","-","-","-","away",740
2018,"Northwestern (Minn.) University","defense","George Obitz","1","6","7","0.5/-","0.5","-/-","-","-","0-0","-/-","-","-","-","-","-","away",740
2018,"Northwestern (Minn.) University","defense","Daniel Fenske","5","2","7","-/-","-","-/-","-","-","0-0","-/-","-","-","-","-","-","away",740
2018,"Northwestern (Minn.) University","defense","Dylan Kahlstrof","1","4","5","1.0/10","1.0","1.0/10","1.0","-","0-1","1/-","-","-","-","-","-","away",740
2018,"Northwestern (Minn.) University","defense","Seth Johnson","2","2","4","-/-","-","-/-","-","-","0-0","-/-","-","-","1","-","-","away",740
2018,"Northwestern (Minn.) University","defense","Wyatt Fitterer","3","1","4","0.5/2","0.5","-/-","-","1","1-0","-/-","-","-","-","-","-","away",740
2018,"Northwestern (Minn.) University","defense","Marcus Scarbrou","1","2","3","1.0/1","1.0","-/-","-","-","0-0","-/-","-","-","-","-","-","away",740
2018,"Northwestern (Minn.) University","defense","Ryan Van Maanen","3","-","3","-/-","-","-/-","-","1","1-0","-/-","-","-","-","-","-","away",740
2018,"Northwestern (Minn.) University","defense","Jarodrick Barne","1","2","3","1.5/2","1.5","-/-","-","-","0-0","-/-","-","-","-","-","-","away",740
2018,"Northwestern (Minn.) University","defense","Josiah Donat","2","-","2","-/-","-","-/-","-","1","1-0","-/-","-","-","-","-","-","away",740
2018,"Northwestern (Minn.) University","defense","Jacob Brown","2","-","2","-/-","-","-/-","-","-","0-1","1/-","-","-","-","-","-","away",740
2018,"Northwestern (Minn.) University","defense","Carter Michaels","2","-","2","1.0/5","1.0","1.0/5","1.0","-","0-0","-/-","-","-","-","-","-","away",740
2018,"Northwestern (Minn.) University","defense","Darrell Myles","-","2","2","-/-","-","-/-","-","-","0-0","-/-","-","-","-","-","-","away",740
2018,"Northwestern (Minn.) University","defense","Josiah Nohr","-","2","2","-/-","-","-/-","-","-","0-0","-/-","-","-","-","-","-","away",740
2018,"Northwestern (Minn.) University","defense","Felipe Ramirez","1","1","2","-/-","-","-/-","-","-","0-1","1/-","-","-","-","-","-","away",740
2018,"Northwestern (Minn.) University","defense","James Gentile","1","1","2","1.5/4","1.5","1.0/2","1.0","-","0-0","-/-","-","-","-","-","1","away",740
2018,"Northwestern (Minn.) University","defense","Trevor Lundberg","1","-","1","-/-","-","-/-","-","-","0-0","-/-","-","-","-","-","-","away",740
2018,"Northwestern (Minn.) University","defense","TEAM","-","1","1","-/-","-","-/-","-","-","0-1","1/-","-","-","-","-","-","away",740
2018,"Occidental College","defense","Jackson Caudle","8","2","10","1.0/11","1.0","1.0/11","1.0","-","0-1","1/-","-","-","-","-","-","home",745
2018,"Occidental College","defense","Garrett Pittman","6","2","8","-/-","-","-/-","-","-","0-0","-/-","-","-","-","-","-","home",745
2018,"Occidental College","defense","Anthony Solis","5","2","7","2.0/6","2.0","-/-","-","-","0-0","-/-","-","-","-","-","-","home",745
2018,"Occidental College","defense","Zachary Ulseth","5","2","7","-/-","-","-/-","-","-","0-0","-/-","-","-","-","-","-","home",745
2018,"Occidental College","defense","Harrison Wakefield","2","3","5","0.5/-","0.5","-/-","-","-","0-0","-/-","-","-","-","-","-","home",745
2018,"Occidental College","defense","Raffi Titizian","2","1","3","-/-","-","-/-","-","-","0-0","-/-","-","-","-","-","-","home",745
2018,"Occidental College","defense","Ethan Kearns","2","1","3","-/-","-","-/-","-","-","0-0","-/-","-","-","-","-","-","home",745
2018,"Occidental College","defense","Billy Grossman","1","2","3","-/-","-","-/-","-","-","0-1","1/-","-","-","-","-","-","home",745
2018,"Occidental College","defense","John Gayden","1","2","3","1.0/5","1.0","1.0/5","1.0","1","1-0","-/-","-","-","-","-","-","home",745
2018,"Occidental College","defense","Donavon Delton","3","-","3","-/-","-","-/-","-","-","0-0","-/-","-","-","-","-","-","home",745
2018,"Occidental College","defense","Arman Henry","2","-","2","-/-","-","-/-","-","-","0-0","-/-","-","-","-","-","-","home",745
2018,"Occidental College","defense","Mason Duran","2","-","2","1.0/4","1.0","1.0/4","1.0","1","1-0","-/-","-","-","-","-","-","home",745
2018,"Occidental College","defense","Mitchell Kalauli","-","2","2","-/-","-","-/-","-","-","0-0","-/-","-","-","-","-","-","home",745
2018,"Occidental College","defense","Carlos Fregoso-Zamora","1","1","2","0.5/1","0.5","-/-","-","-","0-0","-/-","-","-","-","-","-","home",745
2018,"Occidental College","defense","Kyler Parris","1","-","1","-/-","-","-/-","-","-","0-0","-/-","-","-","-","-","-","home",745
2018,"Occidental College","defense","Seth Holston","1","-","1","-/-","-","-/-","-","-","0-0","-/-","-","-","-","-","-","home",745
2018,"Occidental College","defense","Gabriel Ramos","1","-","1","-/-","-","-/-","-","-","0-0","-/-","-","-","-","-","-","home",745
2018,"Occidental College","defense","Benjamin Cooney","3","3","6","1.0/1","1.0","-/-","-","-","0-0","-/-","-","-","-","-","-","away",745
2018,"Occidental College","defense","Alex Plunk","6","-","6","1.0/3","1.0","-/-","-","-","0-0","-/-","-","-","-","-","-","away",745
2018,"Occidental College","defense","Dylan Porter","5","1","6","1.0/1","1.0","-/-","-","-","0-0","-/-","-","-","-","-","-","away",745
2018,"Occidental College","defense","Jack Cavellier","5","1","6","1.0/1","1.0","-/-","-","-","0-0","-/-","-","-","-","-","-","away",745
2018,"Occidental College","defense","Jackson Zeledon","3","2","5","-/-","-","-/-","-","-","0-0","-/-","-","-","1","-","-","away",745
2018,"Occidental College","defense","Mitchell Allan","1","4","5","1.0/3","1.0","-/-","-","-","0-0","-/-","-","-","-","-","-","away",745
2018,"Occidental College","defense","Torben Deese","1","3","4","-/-","-","-/-","-","-","0-0","-/-","-","-","-","-","-","away",745
2018,"Occidental College","defense","Matthew Stuppiello III","1","2","3","-/-","-","-/-","-","-","0-0","-/-","-","-","-","-","-","away",745
2018,"Occidental College","defense","Stiles Satterlee","3","-","3","1.0/3","1.0","-/-","-","-","0-0","-/-","-","-","-","-","-","away",745
2018,"Occidental College","defense","Lukas Svitek","1","2","3","-/-","-","-/-","-","-","0-0","-/-","-","-","-","-","-","away",745
2018,"Occidental College","defense","Camrion Davis","1","1","2","-/-","-","-/-","-","-","0-0","-/-","-","-","-","-","-","away",745
2018,"Occidental College","defense","Connor Lehner","2","-","2","1.0/3","1.0","-/-","-","-","0-0","-/-","-","-","-","-","-","away",745
2018,"Occidental College","defense","Trent Lindsey","2","-","2","-/-","-","-/-","-","-","0-1","1/-","-","-","-","-","-","away",745
2018,"Occidental College","defense","Cade Moffatt","1","-","1","-/-","-","-/-","-","-","0-0","-/-","-","-","-","-","-","away",745
2018,"Occidental College","defense","Zach Heffernan","1","-","1","-/-","-","-/-","-","1","1-0","-/-","-","-","-","-","-","away",745
2018,"Occidental College","defense","David Chen","-","1","1","-/-","-","-/-","-","-","0-0","-/-","-","-","-","-","-","away",745
2018,"Occidental College","defense","Mackenzie Cooney","-","-","-","-/-","-","-/-","-","-","0-1","1/-","-","-","-","-","-","away",745
2018,"Pacific Lutheran University","defense","Trewet, Parker","6","5","11","-/-","-","-/-","-","-","0-0","-/-","-","-","-","-","1","home",741
2018,"Pacific Lutheran University","defense","Bowles, Parker","7","3","10","0.5/1","0.5","-/-","-","-","0-0","-/-","-","-","-","-","-","home",741
2018,"Pacific Lutheran University","defense","Briggs, Hunter","1","7","8","0.5/-","0.5","-/-","-","-","0-0","-/-","-","-","-","-","-","home",741
2018,"Pacific Lutheran University","defense","Sadettan, Kylan","6","1","7","2.0/6","2.0","-/-","-","-","0-0","-/-","-","-","-","-","-","home",741
2018,"Pacific Lutheran University","defense","Anthony, Matt","3","3","6","3.0/19","3.0","3.0/19","3.0","-","0-0","-/-","-","-","-","-","-","home",741
2018,"Pacific Lutheran University","defense","Zucktriegel, T.","2","4","6","1.0/5","1.0","1.0/5","1.0","-","0-0","-/-","-","-","-","-","-","home",741
2018,"Pacific Lutheran University","defense","Larson, Max","3","2","5","-/-","-","-/-","-","1","1-1","1/-","-","-","-","-","-","home",741
2018,"Pacific Lutheran University","defense","Bautista, A.","3","2","5","-/-","-","-/-","-","-","0-0","-/-","1-0","1","-","-","-","home",741
2018,"Pacific Lutheran University","defense","Lee, Tyler","1","3","4","-/-","-","-/-","-","-","0-0","-/-","-","-","-","-","-","home",741
2018,"Pacific Lutheran University","defense","Aliu, Hajriz","1","2","3","1.0/1","1.0","-/-","-","-","0-0","-/-","-","-","-","-","-","home",741
2018,"Pacific Lutheran University","defense","Thomas, Tristan","1","2","3","1.5/9","1.5","1.0/8","1.0","-","0-0","-/-","-","-","-","-","-","home",741
2018,"Pacific Lutheran University","defense","Sanders, Will","2","1","3","-/-","-","-/-","-","-","0-0","-/-","-","-","-","-","-","home",741
2018,"Pacific Lutheran University","defense","Barnett, Cody","1","1","2","-/-","-","-/-","-","-","0-0","-/-","-","-","-","-","-","home",741
2018,"Pacific Lutheran University","defense","Garner, Curtis","1","1","2","1.0/5","1.0","1.0/5","1.0","-","0-0","-/-","-","-","-","-","-","home",741
2018,"Pacific Lutheran University","defense","Herzog, Jake","1","-","1","-/-","-","-/-","-","-","0-0","-/-","-","-","-","-","-","home",741
2018,"Pacific Lutheran University","defense","Langner, Mikey","-","1","1","0.5/1","0.5","-/-","-","-","0-0","-/-","-","-","-","-","-","home",741
2018,"Pacific Lutheran University","defense","Nixon, Wesley","1","-","1","1.0/2","1.0","1.0/2","1.0","-","0-0","-/-","-","-","-","-","-","home",741
2018,"Pacific Lutheran University","defense","Barnett, Carson","-","1","1","-/-","-","-/-","-","-","0-0","-/-","-","-","-","-","-","home",741
2018,"Pacific Lutheran University","defense","Louthan,Anthony","1","-","1","-/-","-","-/-","-","-","0-0","-/-","-","-","-","-","-","home",741
2018,"Pacific Lutheran University","defense","Whiting, Colten","1","-","1","-/-","-","-/-","-","-","0-0","-/-","-","-","-","-","-","home",741
2018,"Pacific Lutheran University","defense","Zimmerman, J","1","-","1","-/-","-","-/-","-","-","0-0","-/-","-","-","-","-","-","home",741
2018,"Pacific Lutheran University","defense","Rupe, Taylor","-","1","1","-/-","-","-/-","-","-","0-0","-/-","-","-","-","-","-","home",741
2018,"Pacific Lutheran University","defense","Camrion Davis","4","4","8","1.0/5","1.0","1.0/5","1.0","-","0-0","-/-","-","-","-","-","-","away",741
2018,"Pacific Lutheran University","defense","Mitchell Allan","2","6","8","-/-","-","-/-","-","-","0-0","-/-","-","-","-","-","-","away",741
2018,"Pacific Lutheran University","defense","Sachi Mindich","2","5","7","-/-","-","-/-","-","-","0-0","-/-","-","-","1","-","-","away",741
2018,"Pacific Lutheran University","defense","M. Cooney","1","4","5","-/-","-","-/-","-","-","0-0","-/-","-","-","1","-","-","away",741
2018,"Pacific Lutheran University","defense","Sevion DaCosta","1","4","5","0.5/-","0.5","-/-","-","-","0-0","-/-","-","-","-","-","-","away",741
2018,"Pacific Lutheran University","defense","Benjamin Cooney","1","3","4","-/-","-","-/-","-","-","0-0","-/-","-","-","-","-","-","away",741
2018,"Pacific Lutheran University","defense","M. Stuppiello I","2","2","4","0.5/1","0.5","-/-","-","-","0-0","-/-","-","-","-","-","-","away",741
2018,"Pacific Lutheran University","defense","Cade Moffatt","4","-","4","-/-","-","-/-","-","-","0-0","-/-","-","-","-","-","-","away",741
2018,"Pacific Lutheran University","defense","Dylan Porter","-","4","4","-/-","-","-/-","-","-","0-0","-/-","-","-","-","-","-","away",741
2018,"Pacific Lutheran University","defense","Connor Sinclair","2","2","4","-/-","-","-/-","-","-","0-0","-/-","-","-","-","-","-","away",741
2018,"Pacific Lutheran University","defense","Connor Lehner","1","1","2","-/-","-","-/-","-","-","0-0","-/-","-","-","-","-","-","away",741
2018,"Pacific Lutheran University","defense","Lukas Svitek","2","-","2","1.0/5","1.0","1.0/5","1.0","-","0-0","-/-","-","-","-","-","-","away",741
2018,"Pacific Lutheran University","defense","A. Maiuolo","1","-","1","-/-","-","-/-","-","-","0-0","-/-","-","-","-","-","-","away",741
2018,"Pacific Lutheran University","defense","Jack Grasberger","1","-","1","-/-","-","-/-","-","-","0-0","-/-","-","-","-","-","-","away",741
2018,"Pacific Lutheran University","defense","Matthew Sill","1","-","1","-/-","-","-/-","-","-","0-0","-/-","-","-","-","-","-","away",741
2018,"Pacific Lutheran University","defense","Jack Cavellier","-","1","1","-/-","-","-/-","-","-","0-0","-/-","-","-","-","-","-","away",741
2018,"Pomona-Pitzer","defense","Alex Gold","7","2","9","1.0/3","1.0","-/-","-","-","0-0","-/-","-","-","1","-","-","home",748
2018,"Pomona-Pitzer","defense","Elan Harris","5","2","7","-/-","-","-/-","-","-","0-0","-/-","1-30","1","-","-","-","home",748
2018,"Pomona-Pitzer","defense","Andrew Phillips","5","1","6","-/-","-","-/-","-","-","0-0","-/-","-","-","-","-","-","home",748
2018,"Pomona-Pitzer","defense","Adam Webber","5","1","6","1.0/1","1.0","-/-","-","-","0-0","-/-","-","-","-","-","-","home",748
2018,"Pomona-Pitzer","defense","Eric Smith","5","-","5","-/-","-","-/-","-","-","0-0","-/-","-","-","-","-","-","home",748
2018,"Pomona-Pitzer","defense","William Nahm","4","1","5","1.0/2","1.0","-/-","-","-","0-0","-/-","-","-","1","-","-","home",748
2018,"Pomona-Pitzer","defense","Tate Tussing","3","1","4","-/-","-","-/-","-","-","0-0","-/-","-","-","1","-","-","home",748
2018,"Pomona-Pitzer","defense","Nick Pacult","3","1","4","-/-","-","-/-","-","-","0-0","-/-","-","-","-","-","-","home",748
2018,"Pomona-Pitzer","defense","Kyle Davis","3","1","4","-/-","-","-/-","-","-","0-0","-/-","-","-","-","-","-","home",748
2018,"Pomona-Pitzer","defense","Josh Portnoy","3","-","3","1.0/2","1.0","-/-","-","-","0-0","-/-","-","-","-","-","-","home",748
2018,"Pomona-Pitzer","defense","Ethan Dieck","2","-","2","-/-","-","-/-","-","-","0-0","-/-","-","-","-","-","-","home",748
2018,"Pomona-Pitzer","defense","Nicholas DelBia","2","-","2","-/-","-","-/-","-","-","0-0","-/-","-","-","-","-","-","home",748
2018,"Pomona-Pitzer","defense","Peter Troupe","1","-","1","-/-","-","-/-","-","-","0-0","-/-","-","-","-","-","-","home",748
2018,"Pomona-Pitzer","defense","Lucas Hackett-P","1","-","1","-/-","-","-/-","-","-","0-0","-/-","-","-","-","-","-","home",748
2018,"Pomona-Pitzer","defense","Apollo Thomas","1","-","1","-/-","-","-/-","-","-","0-0","-/-","-","-","-","-","-","home",748
2018,"Pomona-Pitzer","defense","Graham Olson","1","-","1","-/-","-","-/-","-","-","0-0","-/-","-","-","-","-","-","home",748
2018,"Pomona-Pitzer","defense","Andrew Heffler","1","-","1","1.0/3","1.0","-/-","-","-","0-1","1/-","-","-","-","-","-","home",748
2018,"Pomona-Pitzer","defense","Team","1","-","1","1.0/3","1.0","-/-","-","1","1-0","-/-","-","-","-","-","-","home",748
2018,"Pomona-Pitzer","defense","Levon Lester","-","-","-","-/-","-","-/-","-","-","0-0","-/-","-","-","1","-","-","home",748
2018,"Pomona-Pitzer","defense","Camrion Davis","7","2","9","-/-","-","-/-","-","-","0-0","-/-","-","-","-","-","-","away",748
2018,"Pomona-Pitzer","defense","Team","6","-","6","-/-","-","-/-","-","-","0-0","-/-","-","-","-","-","-","away",748
2018,"Pomona-Pitzer","defense","Mackenzie Coone","3","1","4","-/-","-","-/-","-","-","0-0","-/-","-","-","-","-","-","away",748
2018,"Pomona-Pitzer","defense","Benjamin Cooney","2","2","4","-/-","-","-/-","-","-","0-0","-/-","-","-","-","-","-","away",748
2018,"Pomona-Pitzer","defense","Connor Lehner","3","1","4","-/-","-","-/-","-","-","0-0","-/-","-","-","-","-","-","away",748
2018,"Pomona-Pitzer","defense","Mitchell Allan","4","-","4","-/-","-","-/-","-","-","0-0","-/-","-","-","1","-","-","away",748
2018,"Pomona-Pitzer","defense","Stiles Satterle","3","-","3","-/-","-","-/-","-","-","0-0","-/-","-","-","-","-","-","away",748
2018,"Pomona-Pitzer","defense","Luke Livingston","1","1","2","-/-","-","-/-","-","-","0-0","-/-","-","-","-","-","-","away",748
2018,"Pomona-Pitzer","defense","Michael Porter","1","-","1","-/-","-","-/-","-","-","0-0","-/-","-","-","-","-","-","away",748
2018,"Pomona-Pitzer","defense","Declan Judge","1","-","1","-/-","-","-/-","-","-","0-0","-/-","-","-","-","-","-","away",748
2018,"Pomona-Pitzer","defense","Carter Henderso","-","1","1","-/-","-","-/-","-","-","0-0","-/-","-","-","-","-","-","away",748
2018,"Pomona-Pitzer","defense","Zach Fogel","1","-","1","-/-","-","-/-","-","-","0-0","-/-","-","-","-","-","-","away",748
2018,"Pomona-Pitzer","defense","Brenden Brown","-","1","1","-/-","-","-/-","-","-","0-0","-/-","-","-","-","-","-","away",748
2018,"Pomona-Pitzer","defense","Cade Moffatt","1","-","1","-/-","-","-/-","-","-","0-0","-/-","-","-","-","-","-","away",748
2018,"Pomona-Pitzer","defense","Lukas Svitek","1","-","1","-/-","-","-/-","-","-","0-0","-/-","-","-","-","-","-","away",748
2018,"Pomona-Pitzer","defense","Dylan Porter","-","1","1","-/-","-","-/-","-","-","0-0","-/-","-","-","-","-","-","away",748
2018,"Pomona-Pitzer","defense","Sevion DaCosta","1","-","1","1.0/1","1.0","1.0/1","1.0","-","0-0","-/-","-","-","-","-","-","away",748
2018,"Pomona-Pitzer","defense","Torben Deese","1","-","1","1.0/3","1.0","-/-","-","-","0-0","-/-","-","-","-","-","-","away",748
2018,"Pomona-Pitzer","defense","Andrew Hosmar","-","-","-","-/-","-","-/-","-","-","0-0","-/-","-","-","1","-","-","away",748
2018,"Pomona-Pitzer","defense","Matthew Stuppie","-","-","-","-/-","-","-/-","-","-","0-0","-/-","-","-","1","-","-","away",748
2018,"University of Puget Sound","defense","Mitchell Allan","6","9","15","-/-","-","-/-","-","-","0-0","-/-","-","-","-","-","-","home",739
2018,"University of Puget Sound","defense","S. Satterlee","4","4","8","-/-","-","-/-","-","-","0-0","-/-","-","-","1","-","-","home",739
2018,"University of Puget Sound","defense","Connor Lehner","2","6","8","-/-","-","-/-","-","-","0-0","-/-","-","-","-","-","-","home",739
2018,"University of Puget Sound","defense","M. Cooney","5","2","7","-/-","-","-/-","-","-","0-0","-/-","-","-","-","-","-","home",739
2018,"University of Puget Sound","defense","Camrion Davis","4","3","7","1.0/9","1.0","1.0/9","1.0","-","0-0","-/-","-","-","1","-","-","home",739
2018,"University of Puget Sound","defense","Sevion DaCosta","1","5","6","-/-","-","-/-","-","-","0-0","-/-","-","-","-","-","-","home",739
2018,"University of Puget Sound","defense","Alex Plunk","2","2","4","-/-","-","-/-","-","-","0-0","-/-","-","-","-","-","-","home",739
2018,"University of Puget Sound","defense","M. Stuppiello I","1","2","3","-/-","-","-/-","-","-","0-0","-/-","-","-","-","-","-","home",739
2018,"University of Puget Sound","defense","Torben Deese","2","1","3","-/-","-","-/-","-","-","0-0","-/-","-","-","-","-","-","home",739
2018,"University of Puget Sound","defense","Benjamin Cooney","2","-","2","-/-","-","-/-","-","-","0-0","-/-","-","-","-","-","-","home",739
2018,"University of Puget Sound","defense","Luke Livingston","1","1","2","-/-","-","-/-","-","-","0-0","-/-","-","-","-","-","-","home",739
2018,"University of Puget Sound","defense","Cade Moffatt","1","-","1","-/-","-","-/-","-","-","0-0","-/-","-","-","3","-","-","home",739
2018,"University of Puget Sound","defense","Dylan Porter","1","-","1","-/-","-","-/-","-","-","0-0","-/-","-","-","-","-","-","home",739
2018,"University of Puget Sound","defense","Jack Cavellier","-","1","1","-/-","-","-/-","-","-","0-0","-/-","-","-","-","-","-","home",739
2018,"University of Puget Sound","defense","Mason Hernandez","-","1","1","-/-","-","-/-","-","-","0-0","-/-","-","-","-","-","-","home",739
2018,"University of Puget Sound","defense","Lukas Svitek","-","1","1","-/-","-","-/-","-","-","0-0","-/-","-","-","-","-","-","home",739
2018,"University of Puget Sound","defense","Sachi Mindich","-","-","-","-/-","-","-/-","-","-","0-0","-/-","-","-","1","-","-","home",739
2018,"University of Puget Sound","defense","Matt Ahnin","3","6","9","-/-","-","-/-","-","1","1-1","1/76","-","-","1","-","-","away",739
2018,"University of Puget Sound","defense","C. Grismanauska","2","7","9","0.5/1","0.5","-/-","-","-","0-0","-/-","-","-","-","-","-","away",739
2018,"University of Puget Sound","defense","Keanu Songcuan","4","4","8","-/-","-","-/-","-","-","0-0","-/-","-","-","-","-","-","away",739
2018,"University of Puget Sound","defense","Ryan Hickey","3","5","8","2.0/3","2.0","1.0/1","1.0","1","1-0","-/-","-","-","-","-","-","away",739
2018,"University of Puget Sound","defense","Taima Mitchell","1","6","7","-/-","-","-/-","-","-","0-0","-/-","-","-","-","-","-","away",739
2018,"University of Puget Sound","defense","E. Sayavong","1","6","7","1.0/3","1.0","0.5/3","0.5","-","0-0","-/-","-","-","-","1","-","away",739
2018,"University of Puget Sound","defense","Zackary Teats","1","4","5","-/-","-","-/-","-","-","0-0","-/-","-","-","2","-","-","away",739
2018,"University of Puget Sound","defense","Jason Clayton","4","1","5","-/-","-","-/-","-","-","0-0","-/-","1-0","1","-","-","-","away",739
2018,"University of Puget Sound","defense","Daniel Simoes","2","3","5","-/-","-","-/-","-","-","0-0","-/-","-","-","-","-","-","away",739
2018,"University of Puget Sound","defense","Todd Blakely","2","3","5","3.5/19","3.5","2.0/18","2.0","-","0-0","-/-","-","-","-","-","1","away",739
2018,"University of Puget Sound","defense","Cassius Lee","-","5","5","0.5/3","0.5","0.5/3","0.5","-","0-0","-/-","-","-","-","-","-","away",739
2018,"University of Puget Sound","defense","Dwight Jackson","1","3","4","-/-","-","-/-","-","-","0-0","-/-","-","-","-","-","-","away",739
2018,"University of Puget Sound","defense","Braden Ash","1","2","3","1.0/4","1.0","0.5/3","0.5","-","0-0","-/-","-","-","-","-","2","away",739
2018,"University of Puget Sound","defense","Noah Cohen","-","3","3","0.5/3","0.5","0.5/3","0.5","-","0-0","-/-","-","-","-","-","-","away",739
2018,"University of Puget Sound","defense","AJ Grijalva","-","2","2","-/-","-","-/-","-","-","0-0","-/-","-","-","-","-","-","away",739
2018,"University of Puget Sound","defense","Michael Zabran","1","-","1","-/-","-","-/-","-","-","0-0","-/-","-","-","-","-","-","away",739
2018,"University of Redlands","defense","Nick Castro","3","10","13","1.0/1","1.0","-/-","-","-","0-0","-/-","-","-","-","-","-","home",744
2018,"University of Redlands","defense","Elias Hackney","2","7","9","1.5/8","1.5","1.0/7","1.0","-","0-0","-/-","-","-","-","1","1","home",744
2018,"University of Redlands","defense","Chad Virgil","4","4","8","-/-","-","-/-","-","-","0-0","-/-","-","-","-","-","-","home",744
2018,"University of Redlands","defense","Joe Munroe","1","7","8","2.0/2","2.0","-/-","-","-","0-0","-/-","-","-","-","-","-","home",744
2018,"University of Redlands","defense","Matthew Betanco","3","4","7","1.5/10","1.5","1.0/9","1.0","-","0-0","-/-","-","-","-","-","-","home",744
2018,"University of Redlands","defense","Peter Riccolo","1","5","6","0.5/-","0.5","-/-","-","-","0-0","-/-","-","-","-","-","-","home",744
2018,"University of Redlands","defense","PJ Wilson","3","2","5","0.5/2","0.5","-/-","-","-","0-0","-/-","-","-","1","-","-","home",744
2018,"University of Redlands","defense","Marvin Perkins","-","5","5","0.5/-","0.5","-/-","-","-","0-0","-/-","-","-","-","-","4","home",744
2018,"University of Redlands","defense","Brandon Heinel","3","1","4","-/-","-","-/-","-","-","0-0","-/-","-","-","-","-","-","home",744
2018,"University of Redlands","defense","Jacob Harrold","-","4","4","0.5/1","0.5","-/-","-","-","0-0","-/-","-","-","-","-","-","home",744
2018,"University of Redlands","defense","Troy Kay","1","2","3","1.0/3","1.0","-/-","-","-","0-0","-/-","-","-","-","-","-","home",744
2018,"University of Redlands","defense","Jeff Hector","2","-","2","-/-","-","-/-","-","-","0-0","-/-","-","-","-","-","-","home",744
2018,"University of Redlands","defense","Jared Emanuele","-","2","2","-/-","-","-/-","-","-","0-0","-/-","-","-","-","-","-","home",744
2018,"University of Redlands","defense","Solomon Iosefa","1","1","2","-/-","-","-/-","-","-","0-0","-/-","-","-","-","-","-","home",744
2018,"University of Redlands","defense","David Molina","1","-","1","-/-","-","-/-","-","-","0-0","-/-","-","-","-","-","-","home",744
2018,"University of Redlands","defense","Bryan Bottero","1","-","1","-/-","-","-/-","-","-","0-0","-/-","-","-","-","-","-","home",744
2018,"University of Redlands","defense","Nicolas Gannusc","-","1","1","-/-","-","-/-","-","-","0-0","-/-","-","-","-","-","-","home",744
2018,"University of Redlands","defense","Ibi Ceesay","-","1","1","-/-","-","-/-","-","-","0-0","-/-","-","-","-","-","-","home",744
2018,"University of Redlands","defense","Jonah Brownell","-","1","1","-/-","-","-/-","-","-","0-0","-/-","-","-","-","-","-","home",744
2018,"University of Redlands","defense","Tobias Leonardo","1","-","1","1.0/3","1.0","-/-","-","-","0-0","-/-","-","-","-","-","-","home",744
2018,"University of Redlands","defense","Brandon Serrano","1","-","1","-/-","-","-/-","-","-","0-0","-/-","-","-","-","-","-","home",744
2018,"University of Redlands","defense","Alieu Corr","-","1","1","-/-","-","-/-","-","-","0-0","-/-","-","-","-","-","-","home",744
2018,"University of Redlands","defense","Camrion Davis","7","3","10","1.0/3","1.0","-/-","-","-","0-0","-/-","-","-","-","-","-","away",744
2018,"University of Redlands","defense","Mitchell Allan","5","2","7","-/-","-","-/-","-","-","0-0","-/-","-","-","-","-","-","away",744
2018,"University of Redlands","defense","Stiles Satterle","2","4","6","0.5/1","0.5","-/-","-","-","0-0","-/-","-","-","1","-","-","away",744
2018,"University of Redlands","defense","Mackenzie Coone","1","3","4","-/-","-","-/-","-","-","0-0","-/-","-","-","-","-","-","away",744
2018,"University of Redlands","defense","Benjamin Cooney","2","2","4","-/-","-","-/-","-","-","0-0","-/-","1--7","1","2","-","-","away",744
2018,"University of Redlands","defense","Lukas Svitek","3","1","4","1.5/9","1.5","1.0/7","1.0","-","0-0","-/-","-","-","-","-","1","away",744
2018,"University of Redlands","defense","Torben Deese","1","3","4","0.5/1","0.5","-/-","-","-","0-0","-/-","-","-","-","-","-","away",744
2018,"University of Redlands","defense","Dylan Porter","1","2","3","-/-","-","-/-","-","-","0-0","-/-","-","-","-","-","-","away",744
2018,"University of Redlands","defense","Cade Moffatt","1","1","2","-/-","-","-/-","-","-","0-0","-/-","-","-","1","-","-","away",744
2018,"University of Redlands","defense","Connor Lehner","2","-","2","-/-","-","-/-","-","-","0-0","-/-","-","-","1","-","-","away",744
2018,"University of Redlands","defense","Carter Henderso","1","-","1","-/-","-","-/-","-","-","0-0","-/-","-","-","-","-","-","away",744
2018,"University of Redlands","defense","Jae Kinney","-","1","1","-/-","-","-/-","-","-","0-0","-/-","-","-","-","-","-","away",744
2018,"University of Redlands","defense","Luke Livingston","-","1","1","0.5/-","0.5","-/-","-","-","0-0","-/-","-","-","-","-","-","away",744
2018,"University of Redlands","defense","Jack Cavellier","1","-","1","1.0/3","1.0","1.0/3","1.0","-","0-0","-/-","-","-","-","-","-","away",744
2018,"University of Redlands","defense","Connor Sinclair","-","1","1","-/-","-","-/-","-","-","0-0","-/-","-","-","-","-","-","away",744
2018,"University of Redlands","defense","Trent Lindsey","1","-","1","-/-","-","-/-","-","-","0-0","-/-","-","-","-","-","-","away",744
2018,"University of Redlands","defense","Zach Heffernan","1","-","1","-/-","-","-/-","-","-","0-0","-/-","-","-","-","-","-","away",744
2018,"Whittier College","defense","Mitchell Allan","5","4","9","-/-","-","-/-","-","-","0-0","-/-","-","-","-","-","-","home",746
2018,"Whittier College","defense","Cade Moffatt","5","3","8","-/-","-","-/-","-","-","0-0","-/-","-","-","-","-","-","home",746
2018,"Whittier College","defense","Camrion Davis","2","5","7","-/-","-","-/-","-","-","0-0","-/-","-","-","-","-","1","home",746
2018,"Whittier College","defense","M. Stuppiello I","3","3","6","0.5/4","0.5","0.5/4","0.5","-","0-0","-/-","-","-","-","-","-","home",746
2018,"Whittier College","defense","Connor Lehner","2","4","6","1.0/8","1.0","1.0/8","1.0","-","0-0","-/-","-","-","-","-","-","home",746
2018,"Whittier College","defense","Benjamin Cooney","2","3","5","-/-","-","-/-","-","-","0-0","-/-","1-0","1","1","-","-","home",746
2018,"Whittier College","defense","S. Satterlee","3","2","5","-/-","-","-/-","-","-","0-0","-/-","-","-","4","-","-","home",746
2018,"Whittier College","defense","Dylan Porter","1","4","5","1.0/5","1.0","0.5/4","0.5","-","0-0","-/-","-","-","-","-","-","home",746
2018,"Whittier College","defense","M. Cooney","2","1","3","-/-","-","-/-","-","-","0-0","-/-","-","-","1","-","-","home",746
2018,"Whittier College","defense","Michael Porter","1","2","3","-/-","-","-/-","-","-","0-0","-/-","-","-","-","-","-","home",746
2018,"Whittier College","defense","Alex Plunk","2","-","2","-/-","-","-/-","-","-","0-0","-/-","-","-","-","-","-","home",746
2018,"Whittier College","defense","Jae Kinney","-","2","2","-/-","-","-/-","-","-","0-0","-/-","-","-","-","-","-","home",746
2018,"Whittier College","defense","Luke Livingston","-","2","2","0.5/-","0.5","-/-","-","-","0-0","-/-","-","-","-","-","1","home",746
2018,"Whittier College","defense","Lukas Svitek","1","1","2","-/-","-","-/-","-","-","0-0","-/-","-","-","-","-","-","home",746
2018,"Whittier College","defense","Jackson Zeledon","1","-","1","-/-","-","-/-","-","-","0-0","-/-","-","-","-","-","-","home",746
2018,"Whittier College","defense","C. Curcio","-","1","1","-/-","-","-/-","-","-","0-0","-/-","-","-","-","-","-","home",746
2018,"Whittier College","defense","Trent Lindsey","1","-","1","-/-","-","-/-","-","-","0-0","-/-","-","-","-","-","-","home",746
2018,"Whittier College","defense","Mason Hernandez","-","1","1","-/-","-","-/-","-","-","0-0","-/-","-","-","-","-","-","home",746
2018,"Whittier College","defense","Sam Goldberg","1","-","1","-/-","-","-/-","-","-","0-0","-/-","-","-","-","-","-","home",746
2018,"Whittier College","defense","T. Chamberlain","1","-","1","-/-","-","-/-","-","-","0-0","-/-","-","-","-","-","-","home",746
2018,"Whittier College","defense","David Chen","1","-","1","1.0/1","1.0","1.0/1","1.0","-","0-0","-/-","-","-","-","-","-","home",746
2018,"Whittier College","defense","Jack Cavellier","-","-","-","-/-","-","-/-","-","-","0-0","-/-","-","-","1","-","-","home",746
2018,"Whittier College","defense","Andrew Rosales","5","5","10","-/-","-","-/-","-","-","0-0","-/-","1-10","1","-","-","-","away",746
2018,"Whittier College","defense","Sean Hamilton","2","6","8","-/-","-","-/-","-","-","0-0","-/-","-","-","-","-","-","away",746
2018,"Whittier College","defense","N. Markarian","3","5","8","-/-","-","-/-","-","-","0-0","-/-","-","-","1","-","-","away",746
2018,"Whittier College","defense","Alfonzo Ibanez","4","4","8","-/-","-","-/-","-","-","0-0","-/-","-","-","-","-","-","away",746
2018,"Whittier College","defense","Cameron Smith","4","3","7","-/-","-","-/-","-","-","0-0","-/-","-","-","-","-","-","away",746
2018,"Whittier College","defense","Thomas Mendrin","3","2","5","-/-","-","-/-","-","-","0-0","-/-","-","-","-","-","-","away",746
2018,"Whittier College","defense","M. Ogletree","1","3","4","-/-","-","-/-","-","-","0-0","-/-","-","-","-","-","-","away",746
2018,"Whittier College","defense","Nick Perez","4","-","4","-/-","-","-/-","-","-","0-0","-/-","-","-","-","-","-","away",746
2018,"Whittier College","defense","Andy Pascual","2","1","3","-/-","-","-/-","-","-","0-0","-/-","-","-","-","-","-","away",746
2018,"Whittier College","defense","Cameron Kimball","1","2","3","-/-","-","-/-","-","-","0-0","-/-","-","-","-","-","-","away",746
2018,"Whittier College","defense","Brian Phelan","-","1","1","-/-","-","-/-","-","-","0-0","-/-","-","-","-","-","-","away",746
2018,"Whittier College","defense","Cooper Allen","1","-","1","-/-","-","-/-","-","-","0-0","-/-","-","-","-","-","-","away",746
2018,"Whittier College","defense","Roman Hernandez","-","1","1","-/-","-","-/-","-","-","0-0","-/-","-","-","-","-","-","away",746
2018,"Whittier College","defense","Elijah Moul","-","1","1","-/-","-","-/-","-","-","0-0","-/-","-","-","-","-","-","away",746
2018,"Whittier College","defense","S. Fitzgerald","-","1","1","-/-","-","-/-","-","-","0-0","-/-","-","-","-","-","-","away",746
2018,"Whittier College","defense","Noah Humphrey","-","1","1","-/-","-","-/-","-","-","0-0","-/-","-","-","-","-","-","away",746
2018,"Whittier College","defense","Joe Pirro","1","-","1","-/-","-","-/-","-","-","0-0","-/-","-","-","-","-","-","away",746
2018,"Whitworth University","defense","Wong, Kale","4","4","8","2.0/4","2.0","-/-","-","-","0-0","-/-","-","-","-","-","1","home",749
2018,"Whitworth University","defense","Black, Iain","8","-","8","-/-","-","-/-","-","-","0-0","-/-","-","-","-","1","-","home",749
2018,"Whitworth University","defense","Hillman, Zach","5","1","6","-/-","-","-/-","-","-","0-0","-/-","-","-","-","-","-","home",749
2018,"Whitworth University","defense","Gonzales, J.","4","2","6","1.5/9","1.5","1.5/9","1.5","-","0-0","-/-","-","-","1","-","-","home",749
2018,"Whitworth University","defense","Jira, Jayden","1","3","4","-/-","-","-/-","-","-","0-0","-/-","-","-","2","-","-","home",749
2018,"Whitworth University","defense","Wilburg, Chad","1","2","3","1.0/5","1.0","1.0/5","1.0","-","0-0","-/-","-","-","-","-","1","home",749
2018,"Whitworth University","defense","Kroes, Weston","2","1","3","0.5/1","0.5","-/-","-","-","0-1","1/-","-","-","-","-","-","home",749
2018,"Whitworth University","defense","McCoy, Andrew","2","-","2","2.0/9","2.0","2.0/9","2.0","-","0-0","-/-","-","-","-","-","-","home",749
2018,"Whitworth University","defense","Swannack, G.","1","1","2","-/-","-","-/-","-","-","0-0","-/-","-","-","-","-","-","home",749
2018,"Whitworth University","defense","Mullin, BJ","2","-","2","-/-","-","-/-","-","-","0-0","-/-","1-13","1","1","-","-","home",749
2018,"Whitworth University","defense","Jensen, TJ","-","2","2","-/-","-","-/-","-","-","0-0","-/-","-","-","-","-","-","home",749
2018,"Whitworth University","defense","Ditter, Kyle","-","2","2","-/-","-","-/-","-","-","0-0","-/-","-","-","-","-","-","home",749
2018,"Whitworth University","defense","Hangartner, J.","2","-","2","-/-","-","-/-","-","-","0-0","-/-","-","-","-","-","-","home",749
2018,"Whitworth University","defense","Keopuhiwa, R.","2","-","2","-/-","-","-/-","-","-","0-0","-/-","-","-","-","-","-","home",749
2018,"Whitworth University","defense","Ayala, Braiden","-","1","1","-/-","-","-/-","-","-","0-0","-/-","-","-","-","-","-","home",749
2018,"Whitworth University","defense","Hogger, Jacob","1","-","1","-/-","-","-/-","-","-","0-0","-/-","-","-","-","-","-","home",749
2018,"Whitworth University","defense","Shaw, Parker","1","-","1","-/-","-","-/-","-","-","0-0","-/-","-","-","-","-","-","home",749
2018,"Whitworth University","defense","Barnes, Kaipo","1","-","1","-/-","-","-/-","-","-","0-0","-/-","-","-","-","-","-","home",749
2018,"Whitworth University","defense","Chelin, Colten","1","-","1","-/-","-","-/-","-","-","0-0","-/-","-","-","2","-","-","home",749
2018,"Whitworth University","defense","Andrew Knox","1","-","1","-/-","-","-/-","-","-","0-0","-/-","-","-","-","-","-","home",749
2018,"Whitworth University","defense","McGill, Nick","1","-","1","-/-","-","-/-","-","-","0-0","-/-","-","-","-","-","-","home",749
2018,"Whitworth University","defense","Ball, Charlie","-","1","1","0.5/1","0.5","0.5/1","0.5","-","0-0","-/-","-","-","-","-","-","home",749
2018,"Whitworth University","defense","Foisset, Cade","-","1","1","-/-","-","-/-","-","-","0-0","-/-","-","-","-","-","-","home",749
2018,"Whitworth University","defense","Soto, Joshua","1","-","1","-/-","-","-/-","-","1","1-0","-/-","-","-","-","-","-","home",749
2018,"Whitworth University","defense","Miksch, Mason","-","1","1","0.5/1","0.5","-/-","-","-","0-0","-/-","-","-","-","-","-","home",749
2018,"Whitworth University","defense","Solomon, P-Jay","1","-","1","1.0/6","1.0","1.0/6","1.0","-","0-0","-/-","-","-","-","-","-","home",749
2018,"Whitworth University","defense","Wilkie, Tom","-","-","-","-/-","-","-/-","-","-","0-0","-/-","-","-","-","-","1","home",749
2018,"Whitworth University","defense","Adamson, Tyler","-","-","-","-/-","-","-/-","-","-","0-0","-/-","-","-","-","1","-","home",749
2018,"Whitworth University","defense","Benjamin Cooney","9","1","10","-/-","-","-/-","-","-","0-0","-/-","-","-","1","-","-","away",749
2018,"Whitworth University","defense","S. Satterlee","8","-","8","-/-","-","-/-","-","-","0-0","-/-","-","-","1","-","-","away",749
2018,"Whitworth University","defense","Dylan Porter","5","2","7","-/-","-","-/-","-","-","0-0","-/-","-","-","-","-","-","away",749
2018,"Whitworth University","defense","Sevion DaCosta","4","2","6","3.0/15","3.0","-/-","-","-","0-0","-/-","-","-","-","-","-","away",749
2018,"Whitworth University","defense","Mitchell Allan","2","4","6","-/-","-","-/-","-","-","0-0","-/-","-","-","-","-","-","away",749
2018,"Whitworth University","defense","M. Stuppiello I","4","1","5","-/-","-","-/-","-","-","0-0","-/-","-","-","-","-","-","away",749
2018,"Whitworth University","defense","Camrion Davis","3","2","5","-/-","-","-/-","-","1","1-0","-/-","-","-","-","-","-","away",749
2018,"Whitworth University","defense","Cade Moffatt","3","1","4","-/-","-","-/-","-","-","0-0","-/-","-","-","1","-","-","away",749
2018,"Whitworth University","defense","Luke Livingston","1","2","3","1.0/1","1.0","-/-","-","-","0-0","-/-","-","-","-","-","-","away",749
2018,"Whitworth University","defense","Jack Cavellier","2","1","3","-/-","-","-/-","-","-","0-0","-/-","-","-","-","-","-","away",749
2018,"Whitworth University","defense","Connor Lehner","1","1","2","-/-","-","-/-","-","-","0-0","-/-","-","-","-","-","-","away",749
2018,"Whitworth University","defense","Trent Lindsey","1","1","2","-/-","-","-/-","-","-","0-0","-/-","-","-","-","-","-","away",749
2018,"Whitworth University","defense","Torben Deese","1","1","2","-/-","-","-/-","-","-","0-0","-/-","-","-","-","-","-","away",749
2018,"Whitworth University","defense","M. Cooney","-","1","1","-/-","-","-/-","-","-","0-0","-/-","1-0","1","-","-","-","away",749
2018,"Whitworth University","defense","Jackson Zeledon","1","-","1","-/-","-","-/-","-","-","0-0","-/-","-","-","-","-","-","away",749
2018,"Whitworth University","defense","C. Henderson","1","-","1","-/-","-","-/-","-","-","0-0","-/-","-","-","-","-","-","away",749
2018,"Whitworth University","defense","Alex Plunk","1","-","1","-/-","-","-/-","-","1","1-0","-/-","-","-","-","-","-","away",749
2018,"Whitworth University","defense","Grant Braught","1","-","1","-/-","-","-/-","-","-","0-0","-/-","-","-","-","-","-","away",749
2018,"Whitworth University","defense","Lukas Svitek","1","-","1","-/-","-","-/-","-","-","0-0","-/-","-","-","-","-","-","away",749
2018,"Whitworth University","defense","TEAM","1","-","1","-/-","-","-/-","-","-","0-0","-/-","-","-","-","-","-","away",749
2019,"Cal Lutheran University","defense","Ethan Pulley","9","7","16","1.5/2","1.5","-/-","-","-","0-0","-/-","-","-","-","-","-","home",7535
2019,"Cal Lutheran University","defense","Connor McDermott","5","10","15","1.5/2","1.5","-/-","-","-","0-0","-/-","-","-","-","-","-","home",7535
2019,"Cal Lutheran University","defense","Zion Brown","2","4","6","-/-","-","-/-","-","-","0-0","-/-","-","-","-","-","-","home",7535
2019,"Cal Lutheran University","defense","Trey Brown","4","2","6","0.5/1","0.5","-/-","-","-","0-0","-/-","-","-","-","-","-","home",7535
2019,"Cal Lutheran University","defense","Tecoy Porter","4","1","5","2.0/15","2.0","2.0/15","2.0","-","0-0","-/-","-","-","-","-","-","home",7535
2019,"Cal Lutheran University","defense","Brandon Monroe","1","3","4","-/-","-","-/-","-","-","0-0","-/-","-","-","-","-","-","home",7535
2019,"Cal Lutheran University","defense","William Kelly","2","2","4","1.5/5","1.5","-/-","-","-","0-0","-/-","-","-","-","-","-","home",7535
2019,"Cal Lutheran University","defense","Obasi Dees","1","3","4","-/-","-","-/-","-","-","0-0","-/-","-","-","-","-","-","home",7535
2019,"Cal Lutheran University","defense","Thomas Bambrick","2","2","4","1.0/1","1.0","-/-","-","-","0-0","-/-","-","-","-","-","-","home",7535
2019,"Cal Lutheran University","defense","Caleb Casimere","-","3","3","0.5/1","0.5","-/-","-","-","0-0","-/-","-","-","-","-","-","home",7535
2019,"Cal Lutheran University","defense","John Moore","1","2","3","-/-","-","-/-","-","-","0-0","-/-","1-15","1","1","-","-","home",7535
2019,"Cal Lutheran University","defense","Tony Gutierrez","-","3","3","-/-","-","-/-","-","-","0-0","-/-","-","-","-","-","-","home",7535
2019,"Cal Lutheran University","defense","Randal Voutt","1","1","2","-/-","-","-/-","-","-","0-0","-/-","-","-","-","-","-","home",7535
2019,"Cal Lutheran University","defense","Jamon Ward","-","2","2","-/-","-","-/-","-","-","0-0","-/-","1-9","1","1","-","-","home",7535
2019,"Cal Lutheran University","defense","Shaihi Baker","1","1","2","0.5/-","0.5","-/-","-","-","0-0","-/-","-","-","-","-","-","home",7535
2019,"Cal Lutheran University","defense","JD Lang","1","-","1","-/-","-","-/-","-","-","0-0","-/-","-","-","-","-","-","home",7535
2019,"Cal Lutheran University","defense","Cameron Jones","1","-","1","-/-","-","-/-","-","-","0-0","-/-","-","-","-","-","-","home",7535
2019,"Cal Lutheran University","defense","Gavin Scott","1","-","1","-/-","-","-/-","-","-","0-0","-/-","-","-","-","-","-","home",7535
2019,"Cal Lutheran University","defense","Izayah Mora","1","-","1","-/-","-","-/-","-","-","0-0","-/-","-","-","-","-","-","home",7535
2019,"Cal Lutheran University","defense","Connor Cobos","-","1","1","-/-","-","-/-","-","-","0-0","-/-","-","-","-","-","-","home",7535
2019,"Cal Lutheran University","defense","Kerner Mark","1","-","1","-/-","-","-/-","-","-","0-0","-/-","-","-","-","-","-","home",7535
2019,"Cal Lutheran University","defense","Maxwell Nazarko","-","1","1","-/-","-","-/-","-","-","0-0","-/-","-","-","-","-","-","home",7535
2019,"Cal Lutheran University","defense","Jack Holden","5","2","7","-/-","-","-/-","-","-","0-0","-/-","-","-","2","-","-","away",7535
2019,"Cal Lutheran University","defense","Dylan Porter","4","2","6","0.5/-","0.5","-/-","-","-","0-0","-/-","-","-","-","-","-","away",7535
2019,"Cal Lutheran University","defense","Michael Colangelo","4","1","5","1.0/2","1.0","-/-","-","-","0-0","-/-","-","-","-","-","-","away",7535
2019,"Cal Lutheran University","defense","Stiles Satterlee","4","-","4","-/-","-","-/-","-","-","0-0","-/-","-","-","1","-","-","away",7535
2019,"Cal Lutheran University","defense","Benjamin Cooney","3","-","3","1.0/4","1.0","-/-","-","-","0-0","-/-","-","-","-","1","-","away",7535
2019,"Cal Lutheran University","defense","Alex Plunk","2","1","3","-/-","-","-/-","-","-","0-0","-/-","-","-","-","-","-","away",7535
2019,"Cal Lutheran University","defense","Jack Cavellier","2","1","3","-/-","-","-/-","-","-","0-0","-/-","-","-","-","-","-","away",7535
2019,"Cal Lutheran University","defense","Torben Deese","2","1","3","-/-","-","-/-","-","-","0-0","-/-","-","-","-","-","-","away",7535
2019,"Cal Lutheran University","defense","Christopher Wicke","1","1","2","-/-","-","-/-","-","-","0-0","-/-","-","-","-","-","-","away",7535
2019,"Cal Lutheran University","defense","Jack Grasberger","2","-","2","-/-","-","-/-","-","-","0-0","-/-","-","-","-","-","-","away",7535
2019,"Cal Lutheran University","defense","Satya Mindich","1","-","1","-/-","-","-/-","-","-","0-0","-/-","-","-","-","-","-","away",7535
2019,"Cal Lutheran University","defense","John Willard","1","-","1","-/-","-","-/-","-","-","0-0","-/-","-","-","-","-","-","away",7535
2019,"Cal Lutheran University","defense","Connor Sinclair","1","-","1","-/-","-","-/-","-","-","0-0","-/-","-","-","-","-","-","away",7535
2019,"Cal Lutheran University","defense","Case Ostrom","1","-","1","-/-","-","-/-","-","-","0-0","-/-","-","-","-","-","-","away",7535
2019,"Cal Lutheran University","defense","Josh Allen","-","1","1","-/-","-","-/-","-","-","0-0","-/-","-","-","-","-","-","away",7535
2019,"Cal Lutheran University","defense","Trent Lindsey","1","-","1","-/-","-","-/-","-","-","0-0","-/-","-","-","-","-","-","away",7535
2019,"Cal Lutheran University","defense","Mason Hernandez","-","1","1","-/-","-","-/-","-","-","0-0","-/-","-","-","-","-","-","away",7535
2019,"Cal Lutheran University","defense","David Chen","-","1","1","0.5/1","0.5","-/-","-","-","0-0","-/-","-","-","-","-","-","away",7535
2019,"Cal Lutheran University","defense","Connor Cryan","-","-","-","-/-","-","-/-","-","-","0-1","1/-","-","-","-","-","-","away",7535
2019,"Chapman University","defense","Chris Tsirtsis","4","4","8","-/-","-","-/-","-","-","0-0","-/-","-","-","-","-","-","home",7539
2019,"Chapman University","defense","Dillon Keefe","6","1","7","2.0/11","2.0","2.0/11","2.0","-","0-0","-/-","-","-","-","-","1","home",7539
2019,"Chapman University","defense","Blake Siemsen","5","1","6","1.0/2","1.0","-/-","-","-","0-0","-/-","-","-","-","-","-","home",7539
2019,"Chapman University","defense","Patrick Calcagno","2","2","4","-/-","-","-/-","-","-","0-0","-/-","-","-","-","-","-","home",7539
2019,"Chapman University","defense","Jonathan Bunnel","2","2","4","2.5/5","2.5","-/-","-","-","0-0","-/-","-","-","-","-","-","home",7539
2019,"Chapman University","defense","Mitch Ratliff","4","-","4","-/-","-","-/-","-","-","0-0","-/-","-","-","-","-","-","home",7539
2019,"Chapman University","defense","Franky Narez","2","1","3","-/-","-","-/-","-","-","0-0","-/-","-","-","1","-","-","home",7539
2019,"Chapman University","defense","Keegan Romero","2","1","3","-/-","-","-/-","-","-","0-0","-/-","-","-","-","-","-","home",7539
2019,"Chapman University","defense","Noah Kjos","3","-","3","2.0/8","2.0","1.0/5","1.0","-","0-0","-/-","-","-","-","-","-","home",7539
2019,"Chapman University","defense","Myles Garcia","2","1","3","-/-","-","-/-","-","-","0-0","-/-","-","-","-","-","-","home",7539
2019,"Chapman University","defense","Ricky Medeiros","2","1","3","1.5/5","1.5","1.0/2","1.0","-","0-0","-/-","-","-","-","-","-","home",7539
2019,"Chapman University","defense","Nathan Parkin","1","1","2","-/-","-","-/-","-","1","1-1","1/-","1-29","1","-","-","-","home",7539
2019,"Chapman University","defense","Sal Ochoa III","-","2","2","-/-","-","-/-","-","-","0-0","-/-","1-0","1","-","-","-","home",7539
2019,"Chapman University","defense","Hunter Hosoda","2","-","2","-/-","-","-/-","-","-","0-0","-/-","-","-","1","-","-","home",7539
2019,"Chapman University","defense","Isaac Holbrook","2","-","2","-/-","-","-/-","-","-","0-0","-/-","-","-","1","-","-","home",7539
2019,"Chapman University","defense","Connor Gallegos","2","-","2","-/-","-","-/-","-","-","0-0","-/-","-","-","-","-","-","home",7539
2019,"Chapman University","defense","Vinny Caffaro","2","-","2","-/-","-","-/-","-","-","0-0","-/-","-","-","-","-","-","home",7539
2019,"Chapman University","defense","John Krall","1","-","1","-/-","-","-/-","-","-","0-0","-/-","-","-","-","-","-","home",7539
2019,"Chapman University","defense","David Aarhus","1","-","1","-/-","-","-/-","-","-","0-0","-/-","-","-","-","-","-","home",7539
2019,"Chapman University","defense","Duncan Heger","1","-","1","-/-","-","-/-","-","-","0-0","-/-","1-0","1","-","-","-","home",7539
2019,"Chapman University","defense","Isaac Edwards","-","1","1","-/-","-","-/-","-","-","0-0","-/-","-","-","-","-","1","home",7539
2019,"Chapman University","defense","Jake Flath","1","-","1","-/-","-","-/-","-","-","0-0","-/-","-","-","-","-","-","home",7539
2019,"Chapman University","defense","Stiles Satterlee","11","-","11","-/-","-","-/-","-","-","0-0","-/-","-","-","-","-","-","away",7539
2019,"Chapman University","defense","Michael Colangelo","8","1","9","-/-","-","-/-","-","-","0-0","-/-","-","-","-","-","-","away",7539
2019,"Chapman University","defense","Christopher Wicke","1","5","6","-/-","-","-/-","-","-","0-0","-/-","-","-","-","-","-","away",7539
2019,"Chapman University","defense","Dylan Porter","4","1","5","1.0/1","1.0","-/-","-","-","0-0","-/-","-","-","-","-","-","away",7539
2019,"Chapman University","defense","Emmett Thomas King III","3","1","4","-/-","-","-/-","-","-","0-0","-/-","-","-","-","-","-","away",7539
2019,"Chapman University","defense","Tyson-Jay Saena","3","-","3","1.0/2","1.0","-/-","-","-","0-0","-/-","-","-","-","-","-","away",7539
2019,"Chapman University","defense","Team","3","-","3","-/-","-","-/-","-","-","0-0","-/-","-","-","-","-","-","away",7539
2019,"Chapman University","defense","Josh Allen","2","-","2","-/-","-","-/-","-","-","0-0","-/-","-","-","-","-","-","away",7539
2019,"Chapman University","defense","Jack Holden","-","1","1","-/-","-","-/-","-","-","0-0","-/-","-","-","-","-","-","away",7539
2019,"Chapman University","defense","Satya Mindich","-","1","1","-/-","-","-/-","-","-","0-0","-/-","-","-","-","-","-","away",7539
2019,"Chapman University","defense","Alex Plunk","1","-","1","-/-","-","-/-","-","-","0-0","-/-","-","-","-","-","-","away",7539
2019,"Chapman University","defense","Jonah Cartwright","1","-","1","-/-","-","-/-","-","-","0-0","-/-","-","-","-","-","-","away",7539
2019,"Chapman University","defense","Grant Braught","1","-","1","-/-","-","-/-","-","-","0-0","-/-","-","-","-","-","-","away",7539
2019,"Chapman University","defense","Connor Sinclair","1","-","1","-/-","-","-/-","-","-","0-0","-/-","-","-","-","-","-","away",7539
2019,"Chapman University","defense","Lukas Svitek","1","-","1","-/-","-","-/-","-","-","0-0","-/-","-","-","-","-","-","away",7539
2019,"Chapman University","defense","Trent Lindsey","1","-","1","-/-","-","-/-","-","-","0-0","-/-","-","-","-","-","1","away",7539
2019,"Chapman University","defense","Wyatt Chang","1","-","1","-/-","-","-/-","-","-","0-0","-/-","-","-","-","-","-","away",7539
2019,"Chapman University","defense","Torben Deese","1","-","1","-/-","-","-/-","-","-","0-0","-/-","-","-","-","-","-","away",7539
2019,"Chapman University","defense","Cade Moffatt","-","-","-","-/-","-","-/-","-","-","0-0","-/-","-","-","2","-","-","away",7539
2019,"La Verne University","defense","Preston Carr","7","6","13","-/-","-","-/-","-","-","0-0","-/-","-","-","1","-","-","home",7534
2019,"La Verne University","defense","Andrew Camargo","5","6","11","1.0/2","1.0","-/-","-","-","0-0","-/-","-","-","-","-","-","home",7534
2019,"La Verne University","defense","Torii Hilbert","6","4","10","-/-","-","-/-","-","-","0-0","-/-","1-18","1","-","-","-","home",7534
2019,"La Verne University","defense","Conner Johnson","8","1","9","1.0/1","1.0","-/-","-","-","0-0","-/-","-","-","-","-","-","home",7534
2019,"La Verne University","defense","Robert Franklin","4","4","8","-/-","-","-/-","-","-","0-0","-/-","-","-","4","-","-","home",7534
2019,"La Verne University","defense","Khary Sanders","2","4","6","3.0/7","3.0","0.5/3","0.5","-","0-0","-/-","-","-","-","-","-","home",7534
2019,"La Verne University","defense","Raymond Moronez","2","2","4","-/-","-","-/-","-","-","0-0","-/-","-","-","-","-","-","home",7534
2019,"La Verne University","defense","Gary Bojorquez","-","3","3","-/-","-","-/-","-","-","0-0","-/-","1-0","1","-","-","-","home",7534
2019,"La Verne University","defense","Derek Shay","2","1","3","0.5/-","0.5","-/-","-","-","0-0","-/-","-","-","-","-","-","home",7534
2019,"La Verne University","defense","Mikey Bloomfield","3","-","3","1.0/2","1.0","-/-","-","-","0-0","-/-","-","-","-","-","-","home",7534
2019,"La Verne University","defense","Cameron Mooneyhan","1","1","2","-/-","-","-/-","-","-","0-0","-/-","-","-","-","-","-","home",7534
2019,"La Verne University","defense","Bradley Bretzing","2","-","2","-/-","-","-/-","-","-","0-0","-/-","-","-","-","-","-","home",7534
2019,"La Verne University","defense","David Turner","1","1","2","-/-","-","-/-","-","-","0-0","-/-","-","-","-","-","-","home",7534
2019,"La Verne University","defense","Brandon Aragon","2","-","2","1.0/2","1.0","-/-","-","-","0-0","-/-","-","-","-","-","-","home",7534
2019,"La Verne University","defense","Cole Roberts","1","-","1","-/-","-","-/-","-","-","0-0","-/-","-","-","-","-","-","home",7534
2019,"La Verne University","defense","Juan Ortega","-","1","1","-/-","-","-/-","-","-","0-0","-/-","-","-","-","-","-","home",7534
2019,"La Verne University","defense","Arturo Herrera-Caballero","1","-","1","-/-","-","-/-","-","-","0-0","-/-","-","-","-","-","-","home",7534
2019,"La Verne University","defense","Gabriel Lopez","1","-","1","-/-","-","-/-","-","-","0-0","-/-","-","-","-","-","-","home",7534
2019,"La Verne University","defense","Robert Bagley III","1","-","1","-/-","-","-/-","-","-","0-0","-/-","-","-","-","-","-","home",7534
2019,"La Verne University","defense","Miguel Hernandez","-","1","1","-/-","-","-/-","-","-","0-0","-/-","-","-","-","-","-","home",7534
2019,"La Verne University","defense","Tyler Le","1","-","1","-/-","-","-/-","-","-","0-0","-/-","-","-","-","-","-","home",7534
2019,"La Verne University","defense","Eric Wilson","-","1","1","0.5/2","0.5","0.5/2","0.5","-","0-0","-/-","-","-","-","-","-","home",7534
2019,"La Verne University","defense","Kevin Stark","1","-","1","-/-","-","-/-","-","-","0-0","-/-","-","-","-","-","-","home",7534
2019,"La Verne University","defense","Nathan Ramos","1","-","1","-/-","-","-/-","-","-","0-0","-/-","-","-","-","-","-","home",7534
2019,"La Verne University","defense","Tyler Fields","1","-","1","-/-","-","-/-","-","-","0-0","-/-","-","-","-","-","-","home",7534
2019,"La Verne University","defense","Jacob Barriga","1","-","1","-/-","-","-/-","-","-","0-0","-/-","-","-","-","-","-","home",7534
2019,"La Verne University","defense","Dylan Porter","7","3","10","-/-","-","-/-","-","1","1-0","-/-","-","-","-","-","-","away",7534
2019,"La Verne University","defense","Jack Cavellier","5","2","7","2.5/12","2.5","1.0/9","1.0","-","0-0","-/-","-","-","-","-","-","away",7534
2019,"La Verne University","defense","Satya Mindich","4","2","6","1.0/8","1.0","1.0/8","1.0","1","1-0","-/-","-","-","2","-","-","away",7534
2019,"La Verne University","defense","Michael Colangelo","3","1","4","-/-","-","-/-","-","-","0-0","-/-","-","-","1","-","-","away",7534
2019,"La Verne University","defense","Christopher Wicke","3","1","4","2.0/15","2.0","1.0/11","1.0","-","0-0","-/-","-","-","-","-","-","away",7534
2019,"La Verne University","defense","Benjamin Cooney","3","-","3","-/-","-","-/-","-","-","0-1","1/-","2-0","2","1","-","-","away",7534
2019,"La Verne University","defense","Jack Holden","2","-","2","-/-","-","-/-","-","-","0-0","-/-","-","-","1","-","-","away",7534
2019,"La Verne University","defense","Case Ostrom","1","1","2","-/-","-","-/-","-","-","0-0","-/-","-","-","-","-","-","away",7534
2019,"La Verne University","defense","Lukas Svitek","2","-","2","2.0/7","2.0","-/-","-","-","0-0","-/-","-","-","-","-","-","away",7534
2019,"La Verne University","defense","Trent Lindsey","-","2","2","-/-","-","-/-","-","-","0-0","-/-","-","-","-","-","-","away",7534
2019,"La Verne University","defense","William Smith","1","1","2","-/-","-","-/-","-","-","0-0","-/-","-","-","-","-","-","away",7534
2019,"La Verne University","defense","Bryce DesJardins","1","-","1","-/-","-","-/-","-","-","0-0","-/-","-","-","-","-","-","away",7534
2019,"La Verne University","defense","Garrett Cheadle","1","-","1","-/-","-","-/-","-","-","0-0","-/-","-","-","-","-","-","away",7534
2019,"La Verne University","defense","John Willard","1","-","1","-/-","-","-/-","-","-","0-0","-/-","-","-","-","-","-","away",7534
2019,"La Verne University","defense","Connor Sinclair","1","-","1","-/-","-","-/-","-","-","0-0","-/-","-","-","-","-","-","away",7534
2019,"La Verne University","defense","Stiles Satterlee","1","-","1","-/-","-","-/-","-","-","0-1","1/-","-","-","2","-","-","away",7534
2019,"La Verne University","defense","Tyson-Jay Saena","-","1","1","-/-","-","-/-","-","-","0-0","-/-","-","-","-","-","-","away",7534
2019,"La Verne University","defense","Luke Livingston","-","1","1","0.5/1","0.5","-/-","-","-","0-0","-/-","-","-","-","-","-","away",7534
2019,"La Verne University","defense","David Chen","-","1","1","-/-","-","-/-","-","-","0-0","-/-","-","-","-","-","-","away",7534
2019,"Northwestern (Minn.) University","defense","Nick Swore","7","7","14","-/-","-","-/-","-","-","0-0","-/-","-","-","-","-","-","home",7532
2019,"Northwestern (Minn.) University","defense","George Obitz","4","5","9","-/-","-","-/-","-","-","0-0","-/-","-","-","-","-","-","home",7532
2019,"Northwestern (Minn.) University","defense","Chase Marlenee","3","5","8","2.0/6","2.0","1.0/4","1.0","-","0-0","-/-","-","-","1","-","1","home",7532
2019,"Northwestern (Minn.) University","defense","Jacob Brown","1","6","7","-/-","-","-/-","-","-","0-0","-/-","-","-","-","-","-","home",7532
2019,"Northwestern (Minn.) University","defense","James Gentile","1","5","6","-/-","-","-/-","-","-","0-0","-/-","-","-","-","-","-","home",7532
2019,"Northwestern (Minn.) University","defense","Marcus Scarbrou","3","2","5","-/-","-","-/-","-","-","0-0","-/-","-","-","-","-","-","home",7532
2019,"Northwestern (Minn.) University","defense","Jacob Emley","3","2","5","-/-","-","-/-","-","-","0-0","-/-","-","-","1","-","-","home",7532
2019,"Northwestern (Minn.) University","defense","Yannick Kabamba","3","2","5","-/-","-","-/-","-","-","0-0","-/-","-","-","2","-","-","home",7532
2019,"Northwestern (Minn.) University","defense","Noah Nightingal","2","2","4","-/-","-","-/-","-","-","0-0","-/-","-","-","-","-","-","home",7532
2019,"Northwestern (Minn.) University","defense","Felipe Ramirez","1","3","4","0.5/1","0.5","-/-","-","-","0-0","-/-","-","-","-","-","-","home",7532
2019,"Northwestern (Minn.) University","defense","Ethan Panchyshy","-","2","2","0.5/-","0.5","-/-","-","-","0-0","-/-","-","-","-","-","-","home",7532
2019,"Northwestern (Minn.) University","defense","Payton Bowdry","2","-","2","-/-","-","-/-","-","-","0-0","-/-","-","-","-","-","-","home",7532
2019,"Northwestern (Minn.) University","defense","Liam Mann","1","1","2","-/-","-","-/-","-","-","0-0","-/-","-","-","-","-","-","home",7532
2019,"Northwestern (Minn.) University","defense","Bradly Kulinski","-","1","1","-/-","-","-/-","-","-","0-0","-/-","-","-","-","-","1","home",7532
2019,"Northwestern (Minn.) University","defense","Evan Anderson","1","-","1","-/-","-","-/-","-","-","0-0","-/-","-","-","-","-","-","home",7532
2019,"Northwestern (Minn.) University","defense","Isaac Karpenske","-","1","1","-/-","-","-/-","-","-","0-0","-/-","-","-","-","-","-","home",7532
2019,"Northwestern (Minn.) University","defense","Carter Michaels","-","1","1","-/-","-","-/-","-","-","0-0","-/-","-","-","-","-","-","home",7532
2019,"Northwestern (Minn.) University","defense","Darrell Myles","-","1","1","-/-","-","-/-","-","-","0-0","-/-","-","-","-","-","-","home",7532
2019,"Northwestern (Minn.) University","defense","Josiah Nohr","1","-","1","-/-","-","-/-","-","-","0-0","-/-","-","-","-","-","1","home",7532
2019,"Northwestern (Minn.) University","defense","Will Von der ho","-","-","-","-/-","-","-/-","-","-","0-0","-/-","-","-","-","-","1","home",7532
2019,"Northwestern (Minn.) University","defense","Ethan Bush","-","-","-","-/-","-","-/-","-","-","0-0","-/-","-","-","-","-","1","home",7532
2019,"Northwestern (Minn.) University","defense","Seth Johnson","-","-","-","-/-","-","-/-","-","-","0-0","-/-","-","-","-","-","3","home",7532
2019,"Northwestern (Minn.) University","defense","Dylan Porter","6","2","8","1.0/4","1.0","-/-","-","-","0-0","-/-","-","-","-","-","1","away",7532
2019,"Northwestern (Minn.) University","defense","Trent Lindsey","2","3","5","-/-","-","-/-","-","-","0-0","-/-","-","-","-","-","-","away",7532
2019,"Northwestern (Minn.) University","defense","Stiles Satterlee","2","2","4","1.0/9","1.0","-/-","-","-","0-0","-/-","-","-","1","1","1","away",7532
2019,"Northwestern (Minn.) University","defense","Lukas Svitek","1","3","4","-/-","-","-/-","-","-","0-0","-/-","-","-","-","-","-","away",7532
2019,"Northwestern (Minn.) University","defense","Jack Cavellier","-","4","4","-/-","-","-/-","-","-","0-0","-/-","-","-","-","-","-","away",7532
2019,"Northwestern (Minn.) University","defense","Michael Colangelo","2","1","3","-/-","-","-/-","-","-","0-0","-/-","-","-","-","-","-","away",7532
2019,"Northwestern (Minn.) University","defense","Benjamin Cooney","2","1","3","-/-","-","-/-","-","-","0-0","-/-","1-21","1","-","-","-","away",7532
2019,"Northwestern (Minn.) University","defense","Case Ostrom","2","1","3","-/-","-","-/-","-","-","0-0","-/-","-","-","-","-","-","away",7532
2019,"Northwestern (Minn.) University","defense","Christopher Wicke","2","-","2","1.0/3","1.0","-/-","-","-","0-0","-/-","-","-","-","-","1","away",7532
2019,"Northwestern (Minn.) University","defense","Satya Mindich","2","-","2","1.0/1","1.0","-/-","-","-","0-0","-/-","-","-","-","-","-","away",7532
2019,"Northwestern (Minn.) University","defense","Alex Plunk","1","1","2","-/-","-","-/-","-","-","0-0","-/-","-","-","-","-","-","away",7532
2019,"Northwestern (Minn.) University","defense","Mason Hernandez","-","2","2","-/-","-","-/-","-","-","0-0","-/-","-","-","-","-","-","away",7532
2019,"Northwestern (Minn.) University","defense","David Chen","2","-","2","-/-","-","-/-","-","-","0-0","-/-","-","-","-","-","-","away",7532
2019,"Northwestern (Minn.) University","defense","Emmett Thomas King III","-","2","2","-/-","-","-/-","-","-","0-0","-/-","-","-","-","-","-","away",7532
2019,"Northwestern (Minn.) University","defense","Louie Thrall","1","-","1","-/-","-","-/-","-","-","0-0","-/-","-","-","-","-","-","away",7532
2019,"Northwestern (Minn.) University","defense","Jack Holden","-","1","1","-/-","-","-/-","-","-","0-0","-/-","-","-","2","-","-","away",7532
2019,"Northwestern (Minn.) University","defense","Bryce DesJardins","1","-","1","-/-","-","-/-","-","-","0-0","-/-","-","-","-","-","-","away",7532
2019,"Northwestern (Minn.) University","defense","Garrett Cheadle","1","-","1","-/-","-","-/-","-","-","0-0","-/-","-","-","-","-","-","away",7532
2019,"Northwestern (Minn.) University","defense","Josh Allen","-","1","1","-/-","-","-/-","-","-","0-0","-/-","-","-","-","-","-","away",7532
2019,"Northwestern (Minn.) University","defense","Tyson-Jay Saena","-","1","1","-/-","-","-/-","-","-","0-0","-/-","-","-","-","-","-","away",7532
2019,"Northwestern (Minn.) University","defense","Luke Livingston","-","1","1","-/-","-","-/-","-","-","0-0","-/-","-","-","-","-","1","away",7532
2019,"Northwestern (Minn.) University","defense","Jacob Yep","-","-","-","-/-","-","-/-","-","-","0-0","-/-","-","-","1","-","-","away",7532
2019,"Northwestern (Minn.) University","defense","Torben Deese","-","-","-","-/-","-","-/-","-","-","0-0","-/-","-","-","-","-","1","away",7532
2019,"Occidental College","defense","S. Satterlee","7","3","10","1.0/3","1.0","-/-","-","-","0-0","-/-","-","-","1","-","-","home",7537
2019,"Occidental College","defense","M. Colangelo","5","1","6","-/-","-","-/-","-","-","0-0","-/-","-","-","3","-","-","home",7537
2019,"Occidental College","defense","Jack Holden","5","-","5","-/-","-","-/-","-","-","0-0","-/-","-","-","-","-","-","home",7537
2019,"Occidental College","defense","C. Wicke","1","3","4","-/-","-","-/-","-","-","0-0","-/-","-","-","-","-","-","home",7537
2019,"Occidental College","defense","Sachi Mindich","4","-","4","-/-","-","-/-","-","-","0-0","-/-","-","-","1","-","-","home",7537
2019,"Occidental College","defense","Trent Lindsey","2","2","4","-/-","-","-/-","-","-","0-0","-/-","-","-","-","-","-","home",7537
2019,"Occidental College","defense","Emmett King","4","-","4","1.0/7","1.0","1.0/7","1.0","-","0-0","-/-","-","-","-","-","-","home",7537
2019,"Occidental College","defense","Kobey Jorgensen","1","1","2","-/-","-","-/-","-","-","0-0","-/-","-","-","-","-","-","home",7537
2019,"Occidental College","defense","Josh Allen","2","-","2","-/-","-","-/-","-","-","0-0","-/-","-","-","-","-","1","home",7537
2019,"Occidental College","defense","Dylan Porter","1","1","2","-/-","-","-/-","-","-","0-1","1/-","1-4","1","-","-","-","home",7537
2019,"Occidental College","defense","Louie Thrall","1","-","1","-/-","-","-/-","-","-","0-0","-/-","-","-","-","-","-","home",7537
2019,"Occidental College","defense","B. DesJardins","-","1","1","-/-","-","-/-","-","-","0-0","-/-","-","-","-","-","-","home",7537
2019,"Occidental College","defense","Connor Sinclair","1","-","1","-/-","-","-/-","-","-","0-0","-/-","-","-","-","-","-","home",7537
2019,"Occidental College","defense","Luke Livingston","1","-","1","1.0/2","1.0","1.0/2","1.0","-","0-0","-/-","-","-","-","-","-","home",7537
2019,"Occidental College","defense","Wyatt Chang","1","-","1","-/-","-","-/-","-","-","0-0","-/-","-","-","-","-","-","home",7537
2019,"Occidental College","defense","Cade Moffatt","-","-","-","-/-","-","-/-","-","-","0-0","-/-","-","-","2","-","-","home",7537
2019,"Occidental College","defense","Benjamin Cooney","-","-","-","-/-","-","-/-","-","-","0-0","-/-","-","-","1","-","-","home",7537
2019,"Occidental College","defense","Lukas Svitek","-","-","-","-/-","-","-/-","-","-","0-0","-/-","-","-","-","-","1","home",7537
2019,"Occidental College","defense","Ethan Kearns","5","7","12","-/-","-","-/-","-","-","0-0","-/-","-","-","-","1","-","away",7537
2019,"Occidental College","defense","Kit Bethell","3","6","9","1.0/4","1.0","1.0/4","1.0","-","0-0","-/-","-","-","-","-","-","away",7537
2019,"Occidental College","defense","H. Wakefield","3","5","8","-/-","-","-/-","-","-","0-0","-/-","-","-","-","-","-","away",7537
2019,"Occidental College","defense","Billy Grossman","3","4","7","1.5/3","1.5","-/-","-","-","0-0","-/-","-","-","-","-","-","away",7537
2019,"Occidental College","defense","James Howe","2","4","6","-/-","-","-/-","-","-","0-0","-/-","-","-","-","-","-","away",7537
2019,"Occidental College","defense","M. Martello-Tro","5","1","6","1.0/4","1.0","-/-","-","-","0-0","-/-","-","-","-","-","-","away",7537
2019,"Occidental College","defense","Donavon Delton","-","6","6","-/-","-","-/-","-","-","0-0","-/-","-","-","-","-","-","away",7537
2019,"Occidental College","defense","Tr Hairston","1","4","5","-/-","-","-/-","-","-","0-0","-/-","-","-","-","-","-","away",7537
2019,"Occidental College","defense","Mason Duran","1","3","4","-/-","-","-/-","-","-","0-0","-/-","-","-","-","-","-","away",7537
2019,"Occidental College","defense","Rodrigo Nieto","3","1","4","-/-","-","-/-","-","-","0-0","-/-","-","-","-","-","-","away",7537
2019,"Occidental College","defense","Isaiah Williams","-","4","4","0.5/1","0.5","-/-","-","-","0-0","-/-","-","-","-","-","-","away",7537
2019,"Occidental College","defense","John Gayden","1","2","3","-/-","-","-/-","-","-","0-0","-/-","-","-","-","-","-","away",7537
2019,"Occidental College","defense","Arman Henry","1","1","2","-/-","-","-/-","-","-","0-0","-/-","-","-","-","-","-","away",7537
2019,"Occidental College","defense","Garrett Pittman","2","-","2","-/-","-","-/-","-","-","0-0","-/-","-","-","-","-","-","away",7537
2019,"Occidental College","defense","Justin Martinez","1","1","2","-/-","-","-/-","-","-","0-0","-/-","-","-","-","-","-","away",7537
2019,"Occidental College","defense","J. Cordova","1","-","1","-/-","-","-/-","-","-","0-0","-/-","-","-","-","-","-","away",7537
2019,"Occidental College","defense","Dan Marlow","-","1","1","-/-","-","-/-","-","-","0-0","-/-","-","-","-","-","-","away",7537
2019,"Pacific Lutheran University","defense","Stiles Satterlee","5","3","8","-/-","-","-/-","-","-","0-0","-/-","-","-","1","-","-","home",7533
2019,"Pacific Lutheran University","defense","Christopher Wicke","2","4","6","-/-","-","-/-","-","1","1-0","-/-","-","-","1","-","-","home",7533
2019,"Pacific Lutheran University","defense","Jack Holden","4","1","5","-/-","-","-/-","-","-","0-0","-/-","-","-","1","-","-","home",7533
2019,"Pacific Lutheran University","defense","Benjamin Cooney","2","1","3","-/-","-","-/-","-","-","0-0","-/-","1-19","1","2","-","-","home",7533
2019,"Pacific Lutheran University","defense","Lukas Svitek","3","-","3","1.0/2","1.0","-/-","-","-","0-0","-/-","-","-","-","-","1","home",7533
2019,"Pacific Lutheran University","defense","Dylan Porter","1","2","3","0.5/1","0.5","-/-","-","-","0-0","-/-","-","-","-","-","2","home",7533
2019,"Pacific Lutheran University","defense","Trent Lindsey","-","3","3","0.5/1","0.5","-/-","-","-","0-0","-/-","-","-","-","-","-","home",7533
2019,"Pacific Lutheran University","defense","Michael Colangelo","1","1","2","-/-","-","-/-","-","-","0-0","-/-","1-0","1","1","-","-","home",7533
2019,"Pacific Lutheran University","defense","Jacob Yep","1","1","2","-/-","-","-/-","-","-","0-0","-/-","-","-","-","-","-","home",7533
2019,"Pacific Lutheran University","defense","John Willard","2","-","2","-/-","-","-/-","-","-","0-0","-/-","-","-","-","-","-","home",7533
2019,"Pacific Lutheran University","defense","Tyson-Jay Saena","2","-","2","1.0/5","1.0","1.0/5","1.0","-","0-0","-/-","-","-","-","-","-","home",7533
2019,"Pacific Lutheran University","defense","Zach Fogel","1","-","1","-/-","-","-/-","-","-","0-0","-/-","-","-","-","-","-","home",7533
2019,"Pacific Lutheran University","defense","Satya Mindich","-","1","1","-/-","-","-/-","-","-","0-0","-/-","-","-","1","-","-","home",7533
2019,"Pacific Lutheran University","defense","Alex Plunk","1","-","1","-/-","-","-/-","-","-","0-0","-/-","-","-","-","-","-","home",7533
2019,"Pacific Lutheran University","defense","Mason Hernandez","-","1","1","-/-","-","-/-","-","-","0-0","-/-","-","-","-","-","-","home",7533
2019,"Pacific Lutheran University","defense","Torben Deese","1","-","1","-/-","-","-/-","-","-","0-0","-/-","-","-","-","-","-","home",7533
2019,"Pacific Lutheran University","defense","Josh Allen","-","-","-","-/-","-","-/-","-","-","0-0","-/-","-","-","-","-","1","home",7533
2019,"Pacific Lutheran University","defense","Chase Rhinelander","1","11","12","0.5/3","0.5","0.5/3","0.5","-","0-0","-/-","-","-","-","-","-","away",7533
2019,"Pacific Lutheran University","defense","Nicholas Bautista","4","6","10","2.5/8","2.5","-/-","-","-","0-0","-/-","-","-","-","-","-","away",7533
2019,"Pacific Lutheran University","defense","Cody Barnett","4","4","8","-/-","-","-/-","-","-","0-0","-/-","-","-","2","-","-","away",7533
2019,"Pacific Lutheran University","defense","Hunter Briggs","3","5","8","-/-","-","-/-","-","-","0-0","-/-","-","-","-","-","-","away",7533
2019,"Pacific Lutheran University","defense","Shaun Kim","2","5","7","-/-","-","-/-","-","-","0-0","-/-","-","-","-","-","-","away",7533
2019,"Pacific Lutheran University","defense","Max Larson","2","4","6","-/-","-","-/-","-","-","0-0","-/-","-","-","-","-","-","away",7533
2019,"Pacific Lutheran University","defense","Tristan Thomas","3","3","6","1.5/8","1.5","1.0/7","1.0","-","0-0","-/-","-","-","-","-","-","away",7533
2019,"Pacific Lutheran University","defense","Mykah Tuiolemotu","1","5","6","0.5/1","0.5","-/-","-","-","0-0","-/-","1-40","1","-","-","-","away",7533
2019,"Pacific Lutheran University","defense","Kylan Sadettan","2","3","5","-/-","-","-/-","-","-","0-0","-/-","-","-","-","-","-","away",7533
2019,"Pacific Lutheran University","defense","Cheyn Tam-Switzer","2","3","5","-/-","-","-/-","-","-","0-0","-/-","1-0","1","-","-","-","away",7533
2019,"Pacific Lutheran University","defense","Justi Martinez","3","1","4","0.5/1","0.5","-/-","-","-","0-0","-/-","-","-","-","-","-","away",7533
2019,"Pacific Lutheran University","defense","Taylor Schoenfield","1","3","4","0.5/2","0.5","0.5/2","0.5","-","0-0","-/-","-","-","-","-","-","away",7533
2019,"Pacific Lutheran University","defense","Cody Brown","1","-","1","-/-","-","-/-","-","-","0-0","-/-","-","-","-","-","-","away",7533
2019,"Pacific Lutheran University","defense","Ty Shanklin","-","1","1","-/-","-","-/-","-","-","0-0","-/-","-","-","-","-","-","away",7533
2019,"Pacific Lutheran University","defense","Syi Campbell","-","1","1","-/-","-","-/-","-","-","0-0","-/-","-","-","-","-","-","away",7533
2019,"Pacific Lutheran University","defense","Tristan Zucktriegel","-","1","1","-/-","-","-/-","-","-","0-0","-/-","-","-","-","-","-","away",7533
2019,"Pacific Lutheran University","defense","Kord Tuttle","-","-","-","-/-","-","-/-","-","-","0-0","-/-","-","-","-","1","-","away",7533
2019,"Pomona-Pitzer","defense","Dylan Porter","6","-","6","2.0/15","2.0","2.0/15","2.0","-","0-0","-/-","-","-","-","-","-","home",7540
2019,"Pomona-Pitzer","defense","Stiles Satterlee","3","2","5","-/-","-","-/-","-","-","0-0","-/-","-","-","2","-","-","home",7540
2019,"Pomona-Pitzer","defense","Jack Cavellier","4","1","5","1.0/1","1.0","-/-","-","-","0-0","-/-","-","-","-","-","-","home",7540
2019,"Pomona-Pitzer","defense","Michael Colangelo","4","-","4","-/-","-","-/-","-","-","0-0","-/-","-","-","2","-","-","home",7540
2019,"Pomona-Pitzer","defense","Benjamin Cooney","3","-","3","1.0/3","1.0","-/-","-","-","0-0","-/-","-","-","2","-","-","home",7540
2019,"Pomona-Pitzer","defense","Emmett Thomas King III","2","1","3","-/-","-","-/-","-","-","0-0","-/-","-","-","1","-","2","home",7540
2019,"Pomona-Pitzer","defense","Christopher Wicke","-","1","1","-/-","-","-/-","-","-","0-0","-/-","-","-","-","-","-","home",7540
2019,"Pomona-Pitzer","defense","Jack Holden","1","-","1","-/-","-","-/-","-","-","0-0","-/-","1-0","1","1","-","-","home",7540
2019,"Pomona-Pitzer","defense","John Willard","-","1","1","-/-","-","-/-","-","-","0-0","-/-","-","-","-","-","-","home",7540
2019,"Pomona-Pitzer","defense","Tyson-Jay Saena","1","-","1","-/-","-","-/-","-","-","0-0","-/-","-","-","-","-","-","home",7540
2019,"Pomona-Pitzer","defense","Luke Livingston","-","1","1","-/-","-","-/-","-","-","0-0","-/-","-","-","-","-","1","home",7540
2019,"Pomona-Pitzer","defense","Lukas Svitek","1","-","1","-/-","-","-/-","-","-","0-0","-/-","-","-","-","-","-","home",7540
2019,"Pomona-Pitzer","defense","Torben Deese","-","1","1","-/-","-","-/-","-","-","0-0","-/-","-","-","1","-","-","home",7540
2019,"Pomona-Pitzer","defense","Levon Lester","7","3","10","-/-","-","-/-","-","-","0-0","-/-","-","-","-","-","-","away",7540
2019,"Pomona-Pitzer","defense","Nick Pacult","3","7","10","-/-","-","-/-","-","-","0-0","-/-","-","-","-","-","-","away",7540
2019,"Pomona-Pitzer","defense","Vaishnav Siddapureddy","6","4","10","-/-","-","-/-","-","-","0-0","-/-","-","-","-","-","-","away",7540
2019,"Pomona-Pitzer","defense","Adam Webber","5","5","10","-/-","-","-/-","-","-","0-0","-/-","1-0","1","-","-","-","away",7540
2019,"Pomona-Pitzer","defense","Kyle Davis","3","7","10","-/-","-","-/-","-","-","0-0","-/-","-","-","-","-","-","away",7540
2019,"Pomona-Pitzer","defense","Jack Storrs","3","4","7","-/-","-","-/-","-","-","0-0","-/-","-","-","-","-","-","away",7540
2019,"Pomona-Pitzer","defense","Alex Gold","3","2","5","1.0/8","1.0","-/-","-","-","0-0","-/-","-","-","-","-","-","away",7540
2019,"Pomona-Pitzer","defense","Tate Tussing","3","1","4","1.0/2","1.0","-/-","-","-","0-0","-/-","-","-","-","-","-","away",7540
2019,"Pomona-Pitzer","defense","Sean Poirier","1","2","3","-/-","-","-/-","-","-","0-0","-/-","-","-","-","-","-","away",7540
2019,"Pomona-Pitzer","defense","Andrew Heffler","2","1","3","-/-","-","-/-","-","-","0-0","-/-","-","-","-","-","-","away",7540
2019,"Pomona-Pitzer","defense","Josh Portnoy","-","2","2","-/-","-","-/-","-","-","0-0","-/-","-","-","-","-","-","away",7540
2019,"Pomona-Pitzer","defense","Alexander Sweet","-","2","2","-/-","-","-/-","-","-","0-0","-/-","-","-","-","-","-","away",7540
2019,"Pomona-Pitzer","defense","Wyatt Ruth","1","-","1","-/-","-","-/-","-","-","0-0","-/-","-","-","-","-","-","away",7540
2019,"Pomona-Pitzer","defense","Kenric Jameison","1","-","1","-/-","-","-/-","-","-","0-0","-/-","-","-","-","-","-","away",7540
2019,"Pomona-Pitzer","defense","Kalau Morikawa","1","-","1","-/-","-","-/-","-","-","0-0","-/-","-","-","-","-","-","away",7540
2019,"Pomona-Pitzer","defense","William Welch","-","1","1","-/-","-","-/-","-","-","0-0","-/-","-","-","-","-","-","away",7540
2019,"Pomona-Pitzer","defense","Max Mani","-","1","1","-/-","-","-/-","-","-","0-0","-/-","-","-","-","-","-","away",7540
2019,"Pomona-Pitzer","defense","Mark Carling","1","-","1","-/-","-","-/-","-","-","0-0","-/-","-","-","-","-","-","away",7540
2019,"University of Puget Sound","defense","Dwight Jackson","6","1","7","-/-","-","-/-","-","-","0-0","-/-","-","-","-","-","-","home",7531
2019,"University of Puget Sound","defense","Michael Zabran","3","4","7","1.0/3","1.0","-/-","-","-","0-0","-/-","-","-","2","-","-","home",7531
2019,"University of Puget Sound","defense","Cole Grismanauskas","3","3","6","-/-","-","-/-","-","-","0-0","-/-","-","-","-","-","-","home",7531
2019,"University of Puget Sound","defense","Zachary Meyer","4","1","5","-/-","-","-/-","-","-","0-0","-/-","-","-","-","-","-","home",7531
2019,"University of Puget Sound","defense","Jordan Ubaldo","4","1","5","2.0/13","2.0","2.0/13","2.0","2","2-0","-/-","-","-","1","-","-","home",7531
2019,"University of Puget Sound","defense","Brody Pearman","3","1","4","-/-","-","-/-","-","-","0-0","-/-","-","-","-","-","-","home",7531
2019,"University of Puget Sound","defense","Jason Clayton","2","2","4","-/-","-","-/-","-","-","0-0","-/-","1-0","1","1","-","-","home",7531
2019,"University of Puget Sound","defense","Kyle Peter","3","1","4","-/-","-","-/-","-","-","0-0","-/-","-","-","-","-","-","home",7531
2019,"University of Puget Sound","defense","Noah Cohen","2","2","4","2.0/11","2.0","1.0/8","1.0","1","1-0","-/-","-","-","-","-","-","home",7531
2019,"University of Puget Sound","defense","Hayden Baumann","3","-","3","1.0/9","1.0","1.0/9","1.0","-","0-0","-/-","-","-","-","-","-","home",7531
2019,"University of Puget Sound","defense","Tyler Banks","3","-","3","-/-","-","-/-","-","-","0-0","-/-","-","-","-","-","-","home",7531
2019,"University of Puget Sound","defense","Peter Ciari","2","1","3","1.5/8","1.5","1.5/8","1.5","-","0-0","-/-","-","-","-","-","-","home",7531
2019,"University of Puget Sound","defense","Keanu Songcuan","2","-","2","-/-","-","-/-","-","-","0-0","-/-","-","-","-","1","-","home",7531
2019,"University of Puget Sound","defense","Quinn Williamson","1","1","2","0.5/4","0.5","0.5/4","0.5","-","0-0","-/-","-","-","-","-","-","home",7531
2019,"University of Puget Sound","defense","Ryan Hickey","1","-","1","-/-","-","-/-","-","-","0-0","-/-","-","-","-","-","-","home",7531
2019,"University of Puget Sound","defense","Tre Lewis","-","1","1","-/-","-","-/-","-","-","0-0","-/-","-","-","1","-","-","home",7531
2019,"University of Puget Sound","defense","Zavier Huebner","1","-","1","-/-","-","-/-","-","-","0-0","-/-","-","-","-","-","-","home",7531
2019,"University of Puget Sound","defense","Gabriel Johnson","-","1","1","-/-","-","-/-","-","-","0-0","-/-","-","-","-","-","-","home",7531
2019,"University of Puget Sound","defense","Stiles Satterlee","6","2","8","-/-","-","-/-","-","-","0-0","-/-","1-0","1","1","-","-","away",7531
2019,"University of Puget Sound","defense","Dylan Porter","5","3","8","0.5/1","0.5","-/-","-","-","0-0","-/-","-","-","-","-","-","away",7531
2019,"University of Puget Sound","defense","Christopher Wicke","6","1","7","-/-","-","-/-","-","-","0-0","-/-","-","-","-","-","-","away",7531
2019,"University of Puget Sound","defense","Benjamin Cooney","7","-","7","-/-","-","-/-","-","-","0-0","-/-","1-27","1","6","-","-","away",7531
2019,"University of Puget Sound","defense","Camrion Davis","7","-","7","-/-","-","-/-","-","-","0-0","-/-","-","-","2","-","-","away",7531
2019,"University of Puget Sound","defense","Jack Holden","4","-","4","-/-","-","-/-","-","-","0-0","-/-","-","-","1","-","-","away",7531
2019,"University of Puget Sound","defense","Michael Colangelo","2","-","2","-/-","-","-/-","-","-","0-0","-/-","1-1","1","-","-","-","away",7531
2019,"University of Puget Sound","defense","Jacob Yep","2","-","2","-/-","-","-/-","-","-","0-0","-/-","-","-","1","-","-","away",7531
2019,"University of Puget Sound","defense","Connor Sinclair","2","-","2","-/-","-","-/-","-","-","0-0","-/-","-","-","-","-","-","away",7531
2019,"University of Puget Sound","defense","Mason Hernandez","2","-","2","1.0/6","1.0","1.0/6","1.0","-","0-0","-/-","-","-","-","-","-","away",7531
2019,"University of Puget Sound","defense","Torben Deese","1","1","2","-/-","-","-/-","-","-","0-0","-/-","-","-","-","-","-","away",7531
2019,"University of Puget Sound","defense","Zach Fogel","-","1","1","-/-","-","-/-","-","-","0-0","-/-","-","-","-","-","-","away",7531
2019,"University of Puget Sound","defense","Bryce DesJardins","-","1","1","-/-","-","-/-","-","-","0-0","-/-","-","-","-","-","-","away",7531
2019,"University of Puget Sound","defense","Alex Plunk","1","-","1","-/-","-","-/-","-","-","0-0","-/-","-","-","-","-","-","away",7531
2019,"University of Puget Sound","defense","Case Ostrom","1","-","1","-/-","-","-/-","-","-","0-0","-/-","-","-","-","-","-","away",7531
2019,"University of Puget Sound","defense","Tyson-Jay Saena","1","-","1","-/-","-","-/-","-","-","0-0","-/-","-","-","-","-","-","away",7531
2019,"University of Puget Sound","defense","Luke Livingston","-","1","1","0.5/1","0.5","-/-","-","-","0-0","-/-","-","-","-","-","-","away",7531
2019,"University of Puget Sound","defense","Satya Mindich","-","-","-","-/-","-","-/-","-","-","0-0","-/-","1-0","1","-","-","-","away",7531
2019,"University of Redlands","defense","Stiles Satterlee","10","6","16","-/-","-","-/-","-","-","0-0","-/-","-","-","-","-","-","home",7536
2019,"University of Redlands","defense","Michael Colangelo","6","1","7","-/-","-","-/-","-","-","0-0","-/-","-","-","1","-","-","home",7536
2019,"University of Redlands","defense","Benjamin Cooney","6","1","7","-/-","-","-/-","-","-","0-0","-/-","-","-","2","-","-","home",7536
2019,"University of Redlands","defense","Dylan Porter","5","2","7","-/-","-","-/-","-","-","0-0","-/-","-","-","-","-","-","home",7536
2019,"University of Redlands","defense","Christopher Wicke","2","4","6","-/-","-","-/-","-","-","0-0","-/-","1-0","1","-","-","-","home",7536
2019,"University of Redlands","defense","Satya Mindich","4","2","6","1.0/3","1.0","-/-","-","-","0-0","-/-","-","-","-","-","-","home",7536
2019,"University of Redlands","defense","Emmett Thomas King III","3","2","5","2.0/4","2.0","-/-","-","-","0-0","-/-","-","-","1","-","-","home",7536
2019,"University of Redlands","defense","Cade Moffatt","3","1","4","-/-","-","-/-","-","-","0-0","-/-","-","-","1","-","-","home",7536
2019,"University of Redlands","defense","Trent Lindsey","1","3","4","-/-","-","-/-","-","-","0-0","-/-","-","-","-","-","1","home",7536
2019,"University of Redlands","defense","Jack Holden","2","1","3","-/-","-","-/-","-","-","0-0","-/-","-","-","1","-","-","home",7536
2019,"University of Redlands","defense","Lukas Svitek","1","1","2","-/-","-","-/-","-","-","0-0","-/-","-","-","-","-","1","home",7536
2019,"University of Redlands","defense","Hank Harvego","-","1","1","-/-","-","-/-","-","-","0-0","-/-","-","-","-","-","-","home",7536
2019,"University of Redlands","defense","Connor Sinclair","-","1","1","-/-","-","-/-","-","-","0-0","-/-","-","-","-","-","1","home",7536
2019,"University of Redlands","defense","Josh Allen","1","-","1","-/-","-","-/-","-","-","0-0","-/-","-","-","-","-","-","home",7536
2019,"University of Redlands","defense","Tyson-Jay Saena","-","1","1","-/-","-","-/-","-","-","0-0","-/-","-","-","-","-","-","home",7536
2019,"University of Redlands","defense","Luke Livingston","-","1","1","-/-","-","-/-","-","-","0-0","-/-","-","-","-","-","-","home",7536
2019,"University of Redlands","defense","Cooper Pryde","-","1","1","-/-","-","-/-","-","-","0-0","-/-","-","-","-","-","-","home",7536
2019,"University of Redlands","defense","Torben Deese","-","1","1","-/-","-","-/-","-","-","0-0","-/-","-","-","-","-","-","home",7536
2019,"University of Redlands","defense","Mason Hernandez","-","-","-","-/-","-","-/-","-","-","0-0","-/-","-","-","-","-","1","home",7536
2019,"University of Redlands","defense","Noah Taplett","4","2","6","-/-","-","-/-","-","-","0-0","-/-","-","-","-","-","-","away",7536
2019,"University of Redlands","defense","Noah Widgins","2","4","6","2.0/7","2.0","1.0/5","1.0","-","0-0","-/-","-","-","-","-","-","away",7536
2019,"University of Redlands","defense","Matthew Betancourt","2","2","4","-/-","-","-/-","-","-","0-0","-/-","-","-","-","-","2","away",7536
2019,"University of Redlands","defense","Vincent Vanhorne","2","1","3","2.5/6","2.5","1.0/4","1.0","1","1-0","-/-","1-0","1","-","-","-","away",7536
2019,"University of Redlands","defense","Jermaine Calhoun Jr.","-","3","3","-/-","-","-/-","-","-","0-0","-/-","1-13","1","-","-","-","away",7536
2019,"University of Redlands","defense","Elias Hackney","2","1","3","2.0/10","2.0","1.0/8","1.0","-","0-0","-/-","-","-","-","-","-","away",7536
2019,"University of Redlands","defense","Ryan Place","1","1","2","0.5/1","0.5","-/-","-","-","0-0","-/-","-","-","-","-","-","away",7536
2019,"University of Redlands","defense","Marwan Phillips","2","-","2","-/-","-","-/-","-","-","0-0","-/-","-","-","1","-","-","away",7536
2019,"University of Redlands","defense","Jacob Sega","-","2","2","-/-","-","-/-","-","-","0-0","-/-","-","-","-","-","-","away",7536
2019,"University of Redlands","defense","Jeff Hector","2","-","2","-/-","-","-/-","-","-","0-0","-/-","-","-","2","-","-","away",7536
2019,"University of Redlands","defense","Jerrell Calhoun","1","1","2","-/-","-","-/-","-","-","0-0","-/-","1-48","1","-","-","-","away",7536
2019,"University of Redlands","defense","Jake Geisbauer","-","2","2","-/-","-","-/-","-","-","0-0","-/-","-","-","-","-","-","away",7536
2019,"University of Redlands","defense","Andre Owens","1","1","2","-/-","-","-/-","-","-","0-0","-/-","-","-","-","-","-","away",7536
2019,"University of Redlands","defense","Joe Bennett","1","1","2","-/-","-","-/-","-","-","0-0","-/-","-","-","-","-","2","away",7536
2019,"University of Redlands","defense","Andrew Ruelas","-","2","2","0.5/1","0.5","0.5/1","0.5","-","0-0","-/-","-","-","-","-","-","away",7536
2019,"University of Redlands","defense","Luke Purcella","1","1","2","1.0/6","1.0","-/-","-","-","0-0","-/-","-","-","-","-","-","away",7536
2019,"University of Redlands","defense","Justin Sykes","-","2","2","-/-","-","-/-","-","-","0-0","-/-","-","-","-","-","-","away",7536
2019,"University of Redlands","defense","Tony Huynh","1","1","2","-/-","-","-/-","-","-","0-0","-/-","-","-","-","-","1","away",7536
2019,"University of Redlands","defense","Noah McFadden","1","-","1","-/-","-","-/-","-","-","0-0","-/-","-","-","-","-","-","away",7536
2019,"University of Redlands","defense","Brandon Heinel","1","-","1","-/-","-","-/-","-","-","0-0","-/-","-","-","-","-","-","away",7536
2019,"University of Redlands","defense","Alexander Acosta","1","-","1","-/-","-","-/-","-","-","0-0","-/-","-","-","1","-","-","away",7536
2019,"University of Redlands","defense","Nathan Tyler","-","1","1","-/-","-","-/-","-","-","0-0","-/-","-","-","-","-","-","away",7536
2019,"University of Redlands","defense","Jace Tessaro","1","-","1","-/-","-","-/-","-","-","0-0","-/-","-","-","-","-","-","away",7536
2019,"University of Redlands","defense","Jacob Harrold","-","1","1","-/-","-","-/-","-","-","0-0","-/-","-","-","-","-","-","away",7536
2019,"University of Redlands","defense","Devin Escobedo","1","-","1","-/-","-","-/-","-","-","0-0","-/-","-","-","-","-","-","away",7536
2019,"University of Redlands","defense","Jacob Huff","1","-","1","-/-","-","-/-","-","-","0-0","-/-","-","-","-","-","-","away",7536
2019,"University of Redlands","defense","Reece Wakely","-","1","1","0.5/2","0.5","0.5/2","0.5","-","0-0","-/-","-","-","-","-","-","away",7536
2019,"University of Redlands","defense","Brandon Serrano","1","-","1","1.0/1","1.0","-/-","-","-","0-0","-/-","-","-","-","-","1","away",7536
2019,"University of Redlands","defense","Jake Baillie","1","-","1","1.0/10","1.0","-/-","-","-","0-0","-/-","-","-","-","-","-","away",7536
2019,"University of Redlands","defense","Samuel Wyner","-","-","-","-/-","-","-/-","-","-","0-0","-/-","-","-","1","-","-","away",7536
2019,"University of Redlands","defense","Jonah Brownell","-","-","-","-/-","-","-/-","-","-","0-0","-/-","-","-","-","-","1","away",7536
2019,"Whittier College","defense","Sean Hamilton","6","3","9","-/-","-","-/-","-","-","0-0","-/-","-","-","1","-","-","home",7538
2019,"Whittier College","defense","Mark Tolmachoff","3","6","9","-/-","-","-/-","-","-","0-0","-/-","-","-","-","-","-","home",7538
2019,"Whittier College","defense","Cameron Smith","5","4","9","-/-","-","-/-","-","-","0-0","-/-","-","-","-","-","-","home",7538
2019,"Whittier College","defense","Tyrus Douglas","7","1","8","-/-","-","-/-","-","-","0-0","-/-","-","-","-","-","-","home",7538
2019,"Whittier College","defense","Oscar Aliaga","3","4","7","-/-","-","-/-","-","-","0-0","-/-","-","-","-","-","-","home",7538
2019,"Whittier College","defense","Andres Ruvalcaba","4","3","7","-/-","-","-/-","-","-","0-0","-/-","-","-","1","-","-","home",7538
2019,"Whittier College","defense","Aaron Martinez","3","2","5","2.0/2","2.0","-/-","-","-","0-0","-/-","-","-","-","-","-","home",7538
2019,"Whittier College","defense","Jacob Hayes","1","3","4","-/-","-","-/-","-","-","0-0","-/-","-","-","-","-","-","home",7538
2019,"Whittier College","defense","Deondre Whitmore","1","3","4","-/-","-","-/-","-","-","0-0","-/-","-","-","-","-","1","home",7538
2019,"Whittier College","defense","Shawn McKay","1","3","4","-/-","-","-/-","-","-","0-0","-/-","-","-","-","-","-","home",7538
2019,"Whittier College","defense","Enrique Santana","1","2","3","-/-","-","-/-","-","-","0-0","-/-","-","-","-","-","-","home",7538
2019,"Whittier College","defense","Cameron Kimball","2","1","3","1.0/1","1.0","-/-","-","-","0-0","-/-","-","-","-","-","1","home",7538
2019,"Whittier College","defense","Hussayn Abdul-Qawi","1","1","2","-/-","-","-/-","-","-","0-0","-/-","-","-","-","-","-","home",7538
2019,"Whittier College","defense","Brandon Hudson","2","-","2","-/-","-","-/-","-","-","0-0","-/-","-","-","-","-","-","home",7538
2019,"Whittier College","defense","Chad Fanning","1","1","2","1.0/12","1.0","-/-","-","-","0-0","-/-","-","-","-","-","-","home",7538
2019,"Whittier College","defense","Gregory Fields","1","-","1","-/-","-","-/-","-","-","0-0","-/-","-","-","-","-","-","home",7538
2019,"Whittier College","defense","Sam Aseh","1","-","1","-/-","-","-/-","-","-","0-0","-/-","-","-","-","-","-","home",7538
2019,"Whittier College","defense","Nicholas Hanamaikai","-","1","1","-/-","-","-/-","-","-","0-0","-/-","-","-","-","-","-","home",7538
2019,"Whittier College","defense","Bradyn Dow","-","1","1","-/-","-","-/-","-","-","0-0","-/-","-","-","-","-","-","home",7538
2019,"Whittier College","defense","Andrew Tarango","-","1","1","-/-","-","-/-","-","-","0-0","-/-","-","-","-","-","-","home",7538
2019,"Whittier College","defense","Roman Hernandez","-","-","-","-/-","-","-/-","-","-","0-0","-/-","-","-","-","-","1","home",7538
2019,"Whittier College","defense","Christopher Wicke","5","2","7","-/-","-","-/-","-","-","0-0","-/-","-","-","1","-","-","away",7538
2019,"Whittier College","defense","Jack Holden","4","1","5","-/-","-","-/-","-","-","0-0","-/-","-","-","2","-","-","away",7538
2019,"Whittier College","defense","Stiles Satterlee","2","3","5","-/-","-","-/-","-","1","1-0","-/-","-","-","-","-","-","away",7538
2019,"Whittier College","defense","Cade Moffatt","4","-","4","-/-","-","-/-","-","-","0-0","-/-","-","-","1","-","-","away",7538
2019,"Whittier College","defense","Tyson-Jay Saena","2","2","4","0.5/-","0.5","-/-","-","-","0-0","-/-","-","-","-","-","1","away",7538
2019,"Whittier College","defense","Trent Lindsey","2","2","4","0.5/1","0.5","0.5/1","0.5","-","0-0","-/-","-","-","-","-","2","away",7538
2019,"Whittier College","defense","Luke Livingston","3","-","3","1.0/7","1.0","1.0/7","1.0","-","0-0","-/-","-","-","-","-","-","away",7538
2019,"Whittier College","defense","Dylan Porter","1","2","3","0.5/1","0.5","0.5/1","0.5","-","0-0","-/-","-","-","-","-","-","away",7538
2019,"Whittier College","defense","Satya Mindich","1","1","2","-/-","-","-/-","-","1","1-0","-/-","-","-","-","-","-","away",7538
2019,"Whittier College","defense","Mason Hernandez","-","2","2","0.5/1","0.5","-/-","-","-","0-0","-/-","-","-","-","-","1","away",7538
2019,"Whittier College","defense","Michael Colangelo","1","-","1","-/-","-","-/-","-","-","0-0","-/-","1-0","1","1","-","-","away",7538
2019,"Whittier College","defense","Alessandro Maiuolo","-","1","1","-/-","-","-/-","-","-","0-0","-/-","-","-","-","-","-","away",7538
2019,"Whittier College","defense","Lukas Svitek","1","-","1","1.0/8","1.0","1.0/8","1.0","-","0-0","-/-","-","-","-","-","1","away",7538
2019,"Whittier College","defense","Jack Cavellier","1","-","1","-/-","-","-/-","-","-","0-0","-/-","-","-","-","-","-","away",7538
2019,"Whittier College","defense","David Chen","-","1","1","-/-","-","-/-","-","-","0-0","-/-","-","-","-","-","-","away",7538
2019,"Whittier College","defense","Emmett Thomas King III","-","1","1","-/-","-","-/-","-","-","0-0","-/-","-","-","-","-","-","away",7538
2019,"Whittier College","defense","Torben Deese","1","-","1","-/-","-","-/-","-","-","0-0","-/-","-","-","2","-","-","away",7538
2019,"Whittier College","defense","TEAM","1","-","1","-/-","-","-/-","-","-","0-0","-/-","-","-","-","-","-","away",7538
2019,"Whittier College","defense","Bryce DesJardins","-","-","-","-/-","-","-/-","-","-","0-1","1/-","-","-","-","-","-","away",7538
2021,"Cal Lutheran University","defense","Brown,Zion","8","6","14","1.0/4","1.0","1.0/4","1.0","1","1-0","-/-","-","-","-","-","-","home",763
2021,"Cal Lutheran University","defense","Charles,Keshaun","4","6","10","-/-","-","-/-","-","-","0-0","-/-","-","-","-","-","-","home",763
2021,"Cal Lutheran University","defense","McDermott,Connor","5","5","10","1.0/1","1.0","-/-","-","-","0-0","-/-","-","-","-","-","-","home",763
2021,"Cal Lutheran University","defense","Voutt,Randal","3","6","9","-/-","-","-/-","-","-","0-0","-/-","-","-","-","-","-","home",763
2021,"Cal Lutheran University","defense","Lang,JD","2","6","8","-/-","-","-/-","-","-","0-0","-/-","-","-","-","-","-","home",763
2021,"Cal Lutheran University","defense","Wilson,Daylen","2","2","4","-/-","-","-/-","-","-","0-1","1/-","-","-","-","-","-","home",763
2021,"Cal Lutheran University","defense","Diaz,Christopher","2","1","3","-/-","-","-/-","-","-","0-0","-/-","-","-","-","-","-","home",763
2021,"Cal Lutheran University","defense","Hernandez,Gabriel","1","2","3","-/-","-","-/-","-","-","0-0","-/-","-","-","-","-","-","home",763
2021,"Cal Lutheran University","defense","Forbes,Justice","1","2","3","-/-","-","-/-","-","-","0-0","-/-","-","-","-","-","-","home",763
2021,"Cal Lutheran University","defense","Palacios,Hector","-","2","2","-/-","-","-/-","-","-","0-0","-/-","-","-","-","-","-","home",763
2021,"Cal Lutheran University","defense","Mitchell,Pete","-","2","2","-/-","-","-/-","-","-","0-0","-/-","-","-","-","-","-","home",763
2021,"Cal Lutheran University","defense","Nazarko,Maxwell","1","1","2","-/-","-","-/-","-","-","0-0","-/-","-","-","-","-","-","home",763
2021,"Cal Lutheran University","defense","Baker,Shaihi","2","-","2","-/-","-","-/-","-","-","0-0","-/-","-","-","-","-","-","home",763
2021,"Cal Lutheran University","defense","Casimere,Caleb","1","-","1","-/-","-","-/-","-","-","0-0","-/-","-","-","-","-","-","home",763
2021,"Cal Lutheran University","defense","Lopez Jr.,John","-","1","1","-/-","-","-/-","-","-","0-0","-/-","-","-","-","-","-","home",763
2021,"Cal Lutheran University","defense","Feinberg,Jordan","-","1","1","-/-","-","-/-","-","-","0-0","-/-","-","-","-","-","-","home",763
2021,"Cal Lutheran University","defense","Delaloye,Chris","1","-","1","-/-","-","-/-","-","-","0-0","-/-","-","-","-","-","-","home",763
2021,"Cal Lutheran University","defense","Cobos,Connor","-","1","1","-/-","-","-/-","-","-","0-0","-/-","-","-","-","-","-","home",763
2021,"Cal Lutheran University","defense","Porter,Dylan","9","5","14","2.5/10","2.5","0.5/5","0.5","-","0-0","-/-","-","-","-","-","1","away",763
2021,"Cal Lutheran University","defense","Asta,Joey","2","4","6","3.0/15","3.0","1.5/10","1.5","-","0-0","-/-","-","-","-","-","-","away",763
2021,"Cal Lutheran University","defense","Enney,Ryan","2","4","6","0.5/4","0.5","0.5/4","0.5","-","0-0","-/-","-","-","-","-","2","away",763
2021,"Cal Lutheran University","defense","Satterlee,Stiles","2","3","5","1.5/10","1.5","1.5/10","1.5","-","0-0","-/-","-","-","2","-","1","away",763
2021,"Cal Lutheran University","defense","Deese,Torben","1","3","4","1.0/4","1.0","0.5/2","0.5","-","0-0","-/-","-","-","-","-","1","away",763
2021,"Cal Lutheran University","defense","Colangelo,Michael","1","2","3","1.0/10","1.0","1.0/10","1.0","-","0-0","-/-","1-0","1","1","-","1","away",763
2021,"Cal Lutheran University","defense","Holden,Jack","2","-","2","-/-","-","-/-","-","-","0-0","-/-","-","-","-","-","-","away",763
2021,"Cal Lutheran University","defense","Hernandez,Mason","1","1","2","1.0/2","1.0","-/-","-","-","0-0","-/-","-","-","-","-","1","away",763
2021,"Cal Lutheran University","defense","Wicke,Chris","-","1","1","0.5/6","0.5","0.5/6","0.5","-","0-0","-/-","-","-","1","-","1","away",763
2021,"Cal Lutheran University","defense","Cooney,Benjamin","1","-","1","-/-","-","-/-","-","-","0-0","-/-","1-0","1","1","-","-","away",763
2021,"Cal Lutheran University","defense","King,Emmett","1","-","1","-/-","-","-/-","-","-","0-0","-/-","-","-","-","-","-","away",763
2021,"Cal Lutheran University","defense","Cryan,Connor","1","-","1","-/-","-","-/-","-","-","0-0","-/-","-","-","-","-","-","away",763
2021,"Cal Lutheran University","defense","Baynes,Kirby","1","-","1","-/-","-","-/-","-","-","0-0","-/-","-","-","-","-","-","away",763
2021,"Cal Lutheran University","defense","Kroshchuk,Daniel","1","-","1","-/-","-","-/-","-","-","0-0","-/-","-","-","-","-","-","away",763
2021,"Cal Lutheran University","defense","O'Connell,Jacob","-","1","1","-/-","-","-/-","-","-","0-0","-/-","1-0","1","-","-","-","away",763
2021,"Cal Lutheran University","defense","Reddinger,Addison","1","-","1","-/-","-","-/-","-","-","0-0","-/-","-","-","-","-","-","away",763
2021,"Cal Lutheran University","defense","Allen,Josh","1","-","1","-/-","-","-/-","-","-","0-0","-/-","-","-","-","-","-","away",763
2021,"Cal Lutheran University","defense","Chang,Wyatt","1","-","1","-/-","-","-/-","-","-","0-0","-/-","-","-","-","-","-","away",763
2021,"Cal Lutheran University","defense","Maiuolo,Alessandro","-","-","-","-/-","-","-/-","-","-","0-0","-/-","-","-","-","-","-","away",763
2021,"Cal Lutheran University","defense","Cynkar,Anderson","-","-","-","-/-","-","-/-","-","-","0-0","-/-","-","-","-","-","-","away",763
2021,"Cal Lutheran University","defense","Edwards,Justin","-","-","-","-/-","-","-/-","-","-","0-0","-/-","-","-","-","-","-","away",763
2021,"Cal Lutheran University","defense","Parise,Nick","-","-","-","-/-","-","-/-","-","-","0-0","-/-","-","-","-","-","-","away",763
2021,"Chapman University","defense","S. Satterlee","6","4","10","1.0/3","1.0","-/-","-","-","0-0","-/-","-","-","1","-","2","home",760
2021,"Chapman University","defense","Kirby Baynes","8","1","9","1.0/2","1.0","-/-","-","-","0-0","-/-","1-5","1","2","-","-","home",760
2021,"Chapman University","defense","M. Colangelo","4","4","8","-/-","-","-/-","-","-","0-0","-/-","-","-","-","-","-","home",760
2021,"Chapman University","defense","E. King III","5","3","8","-/-","-","-/-","-","1","1-0","-/-","-","-","-","-","-","home",760
2021,"Chapman University","defense","Dylan Porter","6","2","8","-/-","-","-/-","-","-","0-0","-/-","-","-","-","-","1","home",760
2021,"Chapman University","defense","Ben Cooney","6","-","6","1.0/1","1.0","-/-","-","-","0-0","-/-","-","-","2","-","-","home",760
2021,"Chapman University","defense","Ryan Enney","1","4","5","0.5/-","0.5","-/-","-","-","0-0","-/-","-","-","-","-","-","home",760
2021,"Chapman University","defense","C. Wicke","1","2","3","-/-","-","-/-","-","-","0-0","-/-","-","-","-","-","-","home",760
2021,"Chapman University","defense","Connor Cryan","1","1","2","-/-","-","-/-","-","-","0-0","-/-","-","-","-","-","-","home",760
2021,"Chapman University","defense","Jacob O'Connell","1","1","2","1.0/11","1.0","-/-","-","-","0-0","-/-","-","-","1","-","-","home",760
2021,"Chapman University","defense","A. Reddinger","-","2","2","-/-","-","-/-","-","-","0-0","-/-","-","-","-","-","-","home",760
2021,"Chapman University","defense","Trent Lindsey","1","1","2","-/-","-","-/-","-","-","0-0","-/-","-","-","-","-","-","home",760
2021,"Chapman University","defense","Tyson-Jay Saena","-","2","2","-/-","-","-/-","-","-","0-0","-/-","-","-","-","-","-","home",760
2021,"Chapman University","defense","Mason Hernandez","-","2","2","-/-","-","-/-","-","-","0-0","-/-","-","-","-","-","-","home",760
2021,"Chapman University","defense","Torben Deese","-","2","2","-/-","-","-/-","-","-","0-0","-/-","-","-","-","-","-","home",760
2021,"Chapman University","defense","A. Maiuolo","-","1","1","-/-","-","-/-","-","-","0-0","-/-","-","-","-","-","-","home",760
2021,"Chapman University","defense","Anderson Cynkar","1","-","1","-/-","-","-/-","-","-","0-0","-/-","-","-","-","-","-","home",760
2021,"Chapman University","defense","Chris Amemiya","-","1","1","-/-","-","-/-","-","-","0-0","-/-","-","-","-","-","-","home",760
2021,"Chapman University","defense","Austin Andersen","-","1","1","-/-","-","-/-","-","-","0-0","-/-","-","-","-","-","-","home",760
2021,"Chapman University","defense","Joey Asta","-","1","1","0.5/1","0.5","-/-","-","-","0-0","-/-","-","-","-","-","-","home",760
2021,"Chapman University","defense","Caleb Carfaro","-","1","1","-/-","-","-/-","-","-","0-0","-/-","-","-","-","-","-","home",760
2021,"Chapman University","defense","Chris Tsirtsis","3","8","11","-/-","-","-/-","-","-","0-0","-/-","-","-","1","-","-","away",760
2021,"Chapman University","defense","Ryan Haith","7","3","10","1.0/4","1.0","-/-","-","-","0-0","-/-","-","-","-","-","-","away",760
2021,"Chapman University","defense","Blake Siemsen","4","5","9","1.0/2","1.0","-/-","-","-","0-0","-/-","-","-","-","-","-","away",760
2021,"Chapman University","defense","Timmy Hanna","3","4","7","-/-","-","-/-","-","-","0-0","-/-","-","-","-","-","-","away",760
2021,"Chapman University","defense","Duncan Heger","1","6","7","0.5/-","0.5","-/-","-","-","0-0","-/-","-","-","-","-","-","away",760
2021,"Chapman University","defense","Carter Treadway","1","5","6","-/-","-","-/-","-","-","0-0","-/-","-","-","-","-","-","away",760
2021,"Chapman University","defense","Simon Hall","-","4","4","-/-","-","-/-","-","-","0-0","-/-","-","-","-","-","-","away",760
2021,"Chapman University","defense","Vinny Caffaro","1","3","4","-/-","-","-/-","-","-","0-0","-/-","-","-","-","-","-","away",760
2021,"Chapman University","defense","Evan Greve","2","1","3","0.5/1","0.5","-/-","-","-","0-0","-/-","-","-","-","-","-","away",760
2021,"Chapman University","defense","Dillon Keefe","1","2","3","-/-","-","-/-","-","-","0-0","-/-","-","-","-","-","-","away",760
2021,"Chapman University","defense","A. Terriquez","1","2","3","1.0/1","1.0","-/-","-","-","0-0","-/-","-","-","-","-","-","away",760
2021,"Chapman University","defense","Isaac Holbrook","1","1","2","-/-","-","-/-","-","-","0-0","-/-","-","-","-","-","-","away",760
2021,"Chapman University","defense","Isaac Edwards","-","1","1","-/-","-","-/-","-","-","0-0","-/-","-","-","-","-","-","away",760
2021,"Chapman University","defense","Kenny Koerber","1","-","1","-/-","-","-/-","-","-","0-0","-/-","-","-","-","-","-","away",760
2021,"Chapman University","defense","Cody Masterson","-","1","1","-/-","-","-/-","-","-","0-0","-/-","-","-","-","-","-","away",760
2021,"Chapman University","defense","Siemsen,Blake","5","5","10","1.0/1","1.0","-/-","-","-","0-0","-/-","-","-","-","-","-","home",765
2021,"Chapman University","defense","Masterson,Cody","4","2","6","-/-","-","-/-","-","-","0-0","-/-","-","-","-","-","-","home",765
2021,"Chapman University","defense","Tsirtsis,Chris","6","-","6","-/-","-","-/-","-","-","0-0","-/-","-","-","-","-","-","home",765
2021,"Chapman University","defense","Caffaro,Vinny","4","1","5","-/-","-","-/-","-","-","0-0","-/-","-","-","-","-","-","home",765
2021,"Chapman University","defense","Haith,Ryan","3","2","5","-/-","-","-/-","-","-","0-0","-/-","-","-","-","-","-","home",765
2021,"Chapman University","defense","Hall,Simon","4","1","5","-/-","-","-/-","-","-","0-0","-/-","-","-","-","-","-","home",765
2021,"Chapman University","defense","Keefe,Dillon","5","-","5","2.0/8","2.0","1.0/7","1.0","-","0-0","-/-","-","-","-","-","-","home",765
2021,"Chapman University","defense","Treadway,Carter","4","1","5","-/-","-","-/-","-","-","0-0","-/-","-","-","-","-","-","home",765
2021,"Chapman University","defense","Terriquez,Alexander","3","1","4","-/-","-","-/-","-","-","0-0","-/-","-","-","-","-","-","home",765
2021,"Chapman University","defense","Dural,Jalen","1","2","3","-/-","-","-/-","-","-","0-0","-/-","-","-","-","-","-","home",765
2021,"Chapman University","defense","Greve,Evan","1","1","2","-/-","-","-/-","-","-","0-0","-/-","-","-","-","-","-","home",765
2021,"Chapman University","defense","Sheets,Jonathan","2","-","2","-/-","-","-/-","-","-","0-0","-/-","-","-","-","-","-","home",765
2021,"Chapman University","defense","Calagno,Patrick","1","-","1","-/-","-","-/-","-","-","0-0","-/-","-","-","-","-","-","home",765
2021,"Chapman University","defense","Corson,Bo","-","1","1","-/-","-","-/-","-","-","0-0","-/-","-","-","-","-","-","home",765
2021,"Chapman University","defense","Edwards,Isaac","-","1","1","-/-","-","-/-","-","-","0-0","-/-","-","-","-","-","-","home",765
2021,"Chapman University","defense","Hartigan,Ty","1","-","1","-/-","-","-/-","-","-","0-0","-/-","-","-","-","-","-","home",765
2021,"Chapman University","defense","Heger,Duncan","1","-","1","-/-","-","-/-","-","-","0-0","-/-","-","-","-","-","-","home",765
2021,"Chapman University","defense","Holbrook,Isaac","1","-","1","-/-","-","-/-","-","-","0-0","-/-","-","-","-","-","-","home",765
2021,"Chapman University","defense","TEAM","1","-","1","-/-","-","-/-","-","-","0-0","-/-","-","-","-","-","-","home",765
2021,"Chapman University","defense","Baierl,Ken","-","-","-","-/-","-","-/-","-","-","0-0","-/-","-","-","-","-","-","home",765
2021,"Chapman University","defense","Hardin,Wyatt","-","-","-","-/-","-","-/-","-","-","0-0","-/-","-","-","-","-","-","home",765
2021,"Chapman University","defense","Jordan,Kade","-","-","-","-/-","-","-/-","-","-","0-0","-/-","-","-","-","-","1","home",765
2021,"Chapman University","defense","Krall,John","-","-","-","-/-","-","-/-","-","-","0-0","-/-","-","-","-","-","-","home",765
2021,"Chapman University","defense","Mendoza,Tanner","-","-","-","-/-","-","-/-","-","-","0-0","-/-","-","-","-","-","-","home",765
2021,"Chapman University","defense","Cooney,Benjamin","6","1","7","1.0/4","1.0","-/-","-","-","0-0","-/-","-","-","1","-","-","away",765
2021,"Chapman University","defense","Satterlee,Stiles","3","3","6","1.0/1","1.0","-/-","-","-","0-0","-/-","-","-","-","-","-","away",765
2021,"Chapman University","defense","Colangelo,Michael","4","1","5","-/-","-","-/-","-","-","0-0","-/-","2-0","2","1","-","-","away",765
2021,"Chapman University","defense","Asta,Joey","3","1","4","-/-","-","-/-","-","1","1-0","-/-","-","-","-","-","-","away",765
2021,"Chapman University","defense","Baynes,Kirby","3","1","4","-/-","-","-/-","-","-","0-0","-/-","-","-","1","-","-","away",765
2021,"Chapman University","defense","Holden,Jack","4","-","4","-/-","-","-/-","-","-","0-0","-/-","-","-","1","-","-","away",765
2021,"Chapman University","defense","Allen,Josh","3","-","3","1.0/2","1.0","-/-","-","-","0-0","-/-","-","-","-","-","-","away",765
2021,"Chapman University","defense","Carfaro,Caleb","2","-","2","-/-","-","-/-","-","-","0-0","-/-","-","-","-","-","-","away",765
2021,"Chapman University","defense","Deese,Torben","2","-","2","-/-","-","-/-","-","-","0-0","-/-","-","-","-","-","-","away",765
2021,"Chapman University","defense","Hernandez,Mason","1","1","2","-/-","-","-/-","-","-","0-0","-/-","-","-","-","-","-","away",765
2021,"Chapman University","defense","O'Connell,Jacob","1","1","2","-/-","-","-/-","-","-","0-0","-/-","-","-","-","-","-","away",765
2021,"Chapman University","defense","Porter,Dylan","1","1","2","-/-","-","-/-","-","-","0-1","1/-4","-","-","1","-","-","away",765
2021,"Chapman University","defense","Bright,Thanio","1","-","1","-/-","-","-/-","-","-","0-0","-/-","-","-","-","-","-","away",765
2021,"Chapman University","defense","Butler,Everett","1","-","1","-/-","-","-/-","-","-","0-0","-/-","-","-","-","-","-","away",765
2021,"Chapman University","defense","Edwards,Justin","1","-","1","-/-","-","-/-","-","-","0-0","-/-","-","-","-","-","-","away",765
2021,"Chapman University","defense","Enney,Ryan","1","-","1","-/-","-","-/-","-","-","0-0","-/-","-","-","-","-","-","away",765
2021,"Chapman University","defense","Hennessy,Billy","1","-","1","-/-","-","-/-","-","-","0-0","-/-","-","-","1","-","-","away",765
2021,"Chapman University","defense","Littlefield,Benjamin","-","1","1","-/-","-","-/-","-","-","0-0","-/-","-","-","-","-","-","away",765
2021,"Chapman University","defense","Reddinger,Addison","1","-","1","-/-","-","-/-","-","-","0-0","-/-","-","-","-","-","-","away",765
2021,"Chapman University","defense","Rosen,Ben","1","-","1","-/-","-","-/-","-","-","0-0","-/-","-","-","-","-","-","away",765
2021,"Chapman University","defense","Wicke,Chris","-","1","1","-/-","-","-/-","-","-","0-0","-/-","-","-","-","-","-","away",765
2021,"Chapman University","defense","TEAM","1","-","1","-/-","-","-/-","-","-","0-0","-/-","-","-","-","-","-","away",765
2021,"Chapman University","defense","Fogel,Zach","-","-","-","-/-","-","-/-","-","-","0-0","-/-","-","-","-","-","-","away",765
2021,"Chapman University","defense","Maiuolo,Alessandro","-","-","-","-/-","-","-/-","-","-","0-0","-/-","-","-","-","-","-","away",765
2021,"Chapman University","defense","Parise,Nick","-","-","-","-/-","-","-/-","-","-","0-0","-/-","-","-","-","-","-","away",765
2021,"La Verne University","defense","Dylan Porter","3","5","8","0.5/-","0.5","-/-","-","-","0-0","-/-","-","-","-","-","1","home",764
2021,"La Verne University","defense","Michael Colangelo","3","4","7","-/-","-","-/-","-","-","0-0","-/-","-","-","1","-","-","home",764
2021,"La Verne University","defense","Kirby Baynes","3","3","6","-/-","-","-/-","-","-","0-0","-/-","-","-","1","-","-","home",764
2021,"La Verne University","defense","Stiles Satterlee","3","3","6","0.5/1","0.5","-/-","-","-","0-0","-/-","-","-","-","-","-","home",764
2021,"La Verne University","defense","Josh Allen","1","3","4","-/-","-","-/-","-","-","0-0","-/-","-","-","-","-","-","home",764
2021,"La Verne University","defense","Joey Asta","-","4","4","0.5/1","0.5","-/-","-","-","0-0","-/-","-","-","-","-","-","home",764
2021,"La Verne University","defense","Mason Hernandez","1","3","4","-/-","-","-/-","-","-","0-0","-/-","-","-","-","-","-","home",764
2021,"La Verne University","defense","Ryan Enney","2","2","4","1.0/1","1.0","-/-","-","-","0-0","-/-","-","-","-","-","-","home",764
2021,"La Verne University","defense","Torben Deese","-","4","4","0.5/-","0.5","-/-","-","-","0-0","-/-","-","-","-","-","1","home",764
2021,"La Verne University","defense","Christopher Wicke","-","3","3","0.5/1","0.5","-/-","-","-","0-0","-/-","-","-","-","-","-","home",764
2021,"La Verne University","defense","Ben Cooney","2","-","2","1.0/1","1.0","-/-","-","-","0-0","-/-","-","-","1","-","-","home",764
2021,"La Verne University","defense","Connor Cryan","2","-","2","-/-","-","-/-","-","-","0-0","-/-","-","-","-","-","-","home",764
2021,"La Verne University","defense","Jacob O'Connell","1","1","2","-/-","-","-/-","-","-","0-0","-/-","-","-","-","-","-","home",764
2021,"La Verne University","defense","Benjamin Littlefield","1","1","2","-/-","-","-/-","-","-","0-0","-/-","-","-","-","-","-","home",764
2021,"La Verne University","defense","Walter Kuhlenkamp","1","-","1","-/-","-","-/-","-","1","1-0","-/-","-","-","-","-","-","home",764
2021,"La Verne University","defense","Emmett Thomas King I","1","-","1","-/-","-","-/-","-","-","0-0","-/-","-","-","-","-","-","home",764
2021,"La Verne University","defense","Louie Thrall","-","1","1","-/-","-","-/-","-","-","0-0","-/-","-","-","-","-","-","home",764
2021,"La Verne University","defense","Jack Holden","1","-","1","-/-","-","-/-","-","-","0-0","-/-","-","-","1","-","-","home",764
2021,"La Verne University","defense","Addison Reddinger","1","-","1","-/-","-","-/-","-","-","0-0","-/-","-","-","-","-","-","home",764
2021,"La Verne University","defense","Trent Lindsey","-","1","1","0.5/-","0.5","-/-","-","-","0-0","-/-","-","-","-","-","-","home",764
2021,"La Verne University","defense","Thanio Bright","-","1","1","-/-","-","-/-","-","-","0-0","-/-","-","-","-","-","-","home",764
2021,"La Verne University","defense","Austin Andersen","-","1","1","-/-","-","-/-","-","-","0-0","-/-","-","-","-","-","-","home",764
2021,"La Verne University","defense","Mitch Moldre","1","-","1","-/-","-","-/-","-","-","0-0","-/-","-","-","-","-","-","home",764
2021,"La Verne University","defense","Mason Montanez","10","4","14","-/-","-","-/-","-","-","0-0","-/-","-","-","-","-","-","away",764
2021,"La Verne University","defense","JaVontay Hill","-","8","8","-/-","-","-/-","-","-","0-0","-/-","-","-","-","-","-","away",764
2021,"La Verne University","defense","KJ Macatiag","2","6","8","-/-","-","-/-","-","-","0-0","-/-","-","-","-","-","-","away",764
2021,"La Verne University","defense","Derek Guzman","4","1","5","1.0/12","1.0","1.0/12","1.0","-","0-0","-/-","-","-","-","-","-","away",764
2021,"La Verne University","defense","Oscar Montenegro","1","3","4","-/-","-","-/-","-","-","0-0","-/-","-","-","-","-","-","away",764
2021,"La Verne University","defense","Tyler Le","-","4","4","-/-","-","-/-","-","-","0-0","-/-","-","-","-","-","-","away",764
2021,"La Verne University","defense","Khary Sanders","1","3","4","-/-","-","-/-","-","-","0-0","-/-","-","-","-","-","-","away",764
2021,"La Verne University","defense","Austin Marin","1","2","3","-/-","-","-/-","-","-","0-0","-/-","-","-","-","-","-","away",764
2021,"La Verne University","defense","Kelvin Richards","1","1","2","-/-","-","-/-","-","-","0-0","-/-","-","-","-","-","-","away",764
2021,"La Verne University","defense","Arthur Delgado","-","2","2","-/-","-","-/-","-","-","0-0","-/-","-","-","-","-","-","away",764
2021,"La Verne University","defense","De Lante' Moore","1","1","2","-/-","-","-/-","-","-","0-0","-/-","-","-","-","-","-","away",764
2021,"La Verne University","defense","R. Moronez","-","1","1","-/-","-","-/-","-","-","0-0","-/-","-","-","-","-","-","away",764
2021,"La Verne University","defense","Tyler Martin","-","1","1","-/-","-","-/-","-","-","0-0","-/-","-","-","-","-","-","away",764
2021,"La Verne University","defense","Artist Orange II","-","1","1","-/-","-","-/-","-","-","0-0","-/-","-","-","1","-","-","away",764
2021,"La Verne University","defense","Elon Wilson","-","1","1","-/-","-","-/-","-","-","0-0","-/-","-","-","-","-","-","away",764
2021,"La Verne University","defense","Josh Pistonni","-","1","1","-/-","-","-/-","-","-","0-0","-/-","-","-","-","-","-","away",764
2021,"La Verne University","defense","Derek Shay","1","-","1","-/-","-","-/-","-","-","0-0","-/-","-","-","-","-","-","away",764
2021,"La Verne University","defense","Oscar Orta","-","1","1","-/-","-","-/-","-","-","0-0","-/-","-","-","-","-","-","away",764
2021,"La Verne University","defense","Ben Sullivan","-","1","1","-/-","-","-/-","-","-","0-0","-/-","-","-","-","-","-","away",764
2021,"La Verne University","defense","Brandon Pedroza","-","1","1","-/-","-","-/-","-","-","0-0","-/-","-","-","-","-","-","away",764
2021,"La Verne University","defense","Trevor McCurry","-","1","1","-/-","-","-/-","-","-","0-0","-/-","-","-","-","-","-","away",764
2021,"Lewis and Clark College","defense","Connor Cryan","5","1","6","-/-","-","-/-","-","-","0-0","-/-","-","-","2","-","-","home",758
2021,"Lewis and Clark College","defense","Kirby Baynes","3","2","5","-/-","-","-/-","-","1","1-0","-/-","-","-","-","-","-","home",758
2021,"Lewis and Clark College","defense","Dylan Porter","4","1","5","-/-","-","-/-","-","-","0-0","-/-","-","-","2","-","-","home",758
2021,"Lewis and Clark College","defense","Ben Cooney","2","2","4","-/-","-","-/-","-","-","0-0","-/-","-","-","-","-","-","home",758
2021,"Lewis and Clark College","defense","E. King III","2","2","4","1.0/7","1.0","1.0/7","1.0","-","0-0","-/-","-","-","-","-","1","home",758
2021,"Lewis and Clark College","defense","S. Satterlee","4","-","4","1.0/6","1.0","1.0/6","1.0","-","0-0","-/-","-","-","3","-","-","home",758
2021,"Lewis and Clark College","defense","M. Colangelo","2","1","3","-/-","-","-/-","-","-","0-0","-/-","-","-","1","-","-","home",758
2021,"Lewis and Clark College","defense","C. Wicke","-","3","3","-/-","-","-/-","-","-","0-0","-/-","-","-","-","-","-","home",758
2021,"Lewis and Clark College","defense","Joey Asta","3","-","3","1.0/5","1.0","1.0/5","1.0","-","0-0","-/-","-","-","-","-","1","home",758
2021,"Lewis and Clark College","defense","Mason Hernandez","-","3","3","0.5/2","0.5","0.5/2","0.5","-","0-0","-/-","-","-","-","-","1","home",758
2021,"Lewis and Clark College","defense","Ryan Enney","1","2","3","0.5/1","0.5","0.5/1","0.5","-","0-0","-/-","-","-","-","-","-","home",758
2021,"Lewis and Clark College","defense","Jacob O'Connell","1","1","2","-/-","-","-/-","-","-","0-0","-/-","-","-","-","-","-","home",758
2021,"Lewis and Clark College","defense","A. Reddinger","-","2","2","-/-","-","-/-","-","-","0-0","-/-","-","-","-","-","-","home",758
2021,"Lewis and Clark College","defense","Thanio Bright","2","-","2","-/-","-","-/-","-","-","0-0","-/-","-","-","-","-","-","home",758
2021,"Lewis and Clark College","defense","Louie Thrall","-","1","1","-/-","-","-/-","-","-","0-0","-/-","-","-","-","-","-","home",758
2021,"Lewis and Clark College","defense","Anderson Cynkar","1","-","1","-/-","-","-/-","-","-","0-0","-/-","-","-","-","-","-","home",758
2021,"Lewis and Clark College","defense","Chris Amemiya","1","-","1","-/-","-","-/-","-","-","0-0","-/-","-","-","-","-","-","home",758
2021,"Lewis and Clark College","defense","Trent Lindsey","-","1","1","-/-","-","-/-","-","-","0-0","-/-","-","-","-","-","-","home",758
2021,"Lewis and Clark College","defense","D. Rosenberg","-","1","1","-/-","-","-/-","-","-","0-0","-/-","-","-","-","-","-","home",758
2021,"Lewis and Clark College","defense","Elijah Costa","-","1","1","-/-","-","-/-","-","-","0-0","-/-","-","-","-","-","-","home",758
2021,"Lewis and Clark College","defense","Joshua Martinez","1","-","1","-/-","-","-/-","-","-","0-0","-/-","-","-","-","-","-","home",758
2021,"Lewis and Clark College","defense","Josh Allen","1","-","1","1.0/2","1.0","1.0/2","1.0","-","0-0","-/-","-","-","-","-","-","home",758
2021,"Lewis and Clark College","defense","Tyson-Jay Saena","-","1","1","-/-","-","-/-","-","-","0-0","-/-","-","-","-","-","-","home",758
2021,"Lewis and Clark College","defense","CJ Jackson","1","-","1","1.0/2","1.0","-/-","-","-","0-0","-/-","-","-","-","-","-","home",758
2021,"Lewis and Clark College","defense","Jake Prieto","-","1","1","-/-","-","-/-","-","-","0-0","-/-","-","-","-","-","-","home",758
2021,"Lewis and Clark College","defense","Caleb Carfaro","-","1","1","-/-","-","-/-","-","-","0-0","-/-","-","-","-","-","-","home",758
2021,"Lewis and Clark College","defense","Mitch Moldre","-","1","1","-/-","-","-/-","-","-","0-0","-/-","-","-","-","-","-","home",758
2021,"Lewis and Clark College","defense","Torben Deese","1","-","1","1.0/1","1.0","-/-","-","-","0-0","-/-","-","-","-","-","-","home",758
2021,"Lewis and Clark College","defense","G. Therron","-","-","-","-/-","-","-/-","-","-","0-0","-/-","-","-","-","1","-","home",758
2021,"Lewis and Clark College","defense","Mares,Anakin","8","4","12","-/-","-","-/-","-","-","0-0","-/-","-","-","2","-","-","away",758
2021,"Lewis and Clark College","defense","Ono,Tanner","7","2","9","-/-","-","-/-","-","-","0-0","-/-","-","-","-","-","-","away",758
2021,"Lewis and Clark College","defense","Hope,Justin","5","2","7","-/-","-","-/-","-","-","0-0","-/-","-","-","-","-","1","away",758
2021,"Lewis and Clark College","defense","Bushman,Jake","2","5","7","1.0/1","1.0","-/-","-","-","0-0","-/-","-","-","-","-","-","away",758
2021,"Lewis and Clark College","defense","Pusung-Zita,M.","4","1","5","1.0/3","1.0","-/-","-","-","0-0","-/-","-","-","-","-","-","away",758
2021,"Lewis and Clark College","defense","Hensley,Alex","2","2","4","-/-","-","-/-","-","-","0-0","-/-","-","-","-","-","-","away",758
2021,"Lewis and Clark College","defense","Ticeson,Silas","1","3","4","1.0/5","1.0","-/-","-","-","0-0","-/-","1-0","1","-","-","-","away",758
2021,"Lewis and Clark College","defense","Yanagi,Mike","-","3","3","-/-","-","-/-","-","-","0-0","-/-","-","-","1","-","-","away",758
2021,"Lewis and Clark College","defense","Fajardo,Jordan","1","2","3","-/-","-","-/-","-","-","0-0","-/-","-","-","-","-","-","away",758
2021,"Lewis and Clark College","defense","Ceja,David","-","3","3","-/-","-","-/-","-","-","0-0","-/-","-","-","-","-","-","away",758
2021,"Lewis and Clark College","defense","Pham,Daniel","2","1","3","-/-","-","-/-","-","-","0-0","-/-","-","-","1","-","-","away",758
2021,"Lewis and Clark College","defense","Blemur,Ari","1","2","3","-/-","-","-/-","-","-","0-0","-/-","-","-","-","-","-","away",758
2021,"Lewis and Clark College","defense","Gonzalez,Josef","-","2","2","-/-","-","-/-","-","-","0-0","-/-","-","-","-","-","-","away",758
2021,"Lewis and Clark College","defense","Nozoe,Rusty","1","1","2","-/-","-","-/-","-","-","0-0","-/-","-","-","-","-","-","away",758
2021,"Lewis and Clark College","defense","Chang,Cameron","1","-","1","-/-","-","-/-","-","-","0-0","-/-","-","-","-","-","-","away",758
2021,"Lewis and Clark College","defense","Powers,Evan","-","1","1","-/-","-","-/-","-","-","0-0","-/-","-","-","-","-","-","away",758
2021,"Lewis and Clark College","defense","LaBoy,Makana","1","-","1","-/-","-","-/-","-","-","0-0","-/-","-","-","-","-","-","away",758
2021,"Lewis and Clark College","defense","Magallanes,N.","1","-","1","-/-","-","-/-","-","-","0-0","-/-","-","-","-","-","-","away",758
2021,"Lewis and Clark College","defense","Meinhard,Sam","1","-","1","-/-","-","-/-","-","-","0-0","-/-","-","-","-","-","-","away",758
2021,"Lewis and Clark College","defense","Herman,Logan","1","-","1","-/-","-","-/-","-","-","0-0","-/-","-","-","-","-","-","away",758
2021,"Lewis and Clark College","defense","Smith,DJ","1","-","1","1.0/1","1.0","-/-","-","-","0-0","-/-","1-13","1","-","-","-","away",758
2021,"Pomona-Pitzer","defense","Nick Pacult","4","6","10","-/-","-","-/-","-","-","0-0","-/-","-","-","-","-","-","home",757
2021,"Pomona-Pitzer","defense","Thomas McConnel","5","2","7","1.0/1","1.0","-/-","-","-","0-0","-/-","-","-","-","-","-","home",757
2021,"Pomona-Pitzer","defense","Nicholas DelBia","2","5","7","1.5/2","1.5","-/-","-","-","0-0","-/-","-","-","-","-","-","home",757
2021,"Pomona-Pitzer","defense","Vaishnav Siddap","3","3","6","-/-","-","-/-","-","-","0-0","-/-","-","-","1","-","-","home",757
2021,"Pomona-Pitzer","defense","Garrett Pittman","3","3","6","-/-","-","-/-","-","-","0-0","-/-","2-47","2","-","-","-","home",757
2021,"Pomona-Pitzer","defense","Bruce Burba","3","2","5","-/-","-","-/-","-","-","0-1","1/-","-","-","-","-","-","home",757
2021,"Pomona-Pitzer","defense","Chase Fitch","2","2","4","-/-","-","-/-","-","-","0-0","-/-","-","-","-","-","-","home",757
2021,"Pomona-Pitzer","defense","Nate Barewin","2","2","4","0.5/1","0.5","-/-","-","-","0-0","-/-","-","-","-","-","-","home",757
2021,"Pomona-Pitzer","defense","Tate Tussing","1","2","3","-/-","-","-/-","-","-","0-0","-/-","-","-","-","1","-","home",757
2021,"Pomona-Pitzer","defense","Mark Carling","2","1","3","1.0/2","1.0","-/-","-","1","1-0","-/-","-","-","-","-","-","home",757
2021,"Pomona-Pitzer","defense","Chuck Rak","1","1","2","-/-","-","-/-","-","-","0-0","-/-","-","-","-","-","-","home",757
2021,"Pomona-Pitzer","defense","William Welch","1","1","2","1.0/4","1.0","-/-","-","-","0-0","-/-","-","-","-","-","-","home",757
2021,"Pomona-Pitzer","defense","Tanner Gomes","1","1","2","-/-","-","-/-","-","-","0-0","-/-","-","-","-","-","-","home",757
2021,"Pomona-Pitzer","defense","Thali Cobb","-","2","2","-/-","-","-/-","-","-","0-0","-/-","-","-","-","-","-","home",757
2021,"Pomona-Pitzer","defense","Jason Kennel","-","1","1","-/-","-","-/-","-","-","0-0","-/-","-","-","-","-","-","home",757
2021,"Pomona-Pitzer","defense","Joshua Yen","-","1","1","-/-","-","-/-","-","-","0-0","-/-","-","-","-","-","-","home",757
2021,"Pomona-Pitzer","defense","Julian Garrett","-","1","1","-/-","-","-/-","-","-","0-0","-/-","-","-","-","-","-","home",757
2021,"Pomona-Pitzer","defense","Miles Mouradian","1","-","1","-/-","-","-/-","-","-","0-0","-/-","-","-","-","-","-","home",757
2021,"Pomona-Pitzer","defense","Eamon Glascott","-","1","1","-/-","-","-/-","-","-","0-0","-/-","-","-","-","-","-","home",757
2021,"Pomona-Pitzer","defense","Will Thompson","1","-","1","-/-","-","-/-","-","-","0-0","-/-","-","-","-","-","-","home",757
2021,"Pomona-Pitzer","defense","Quinten Wimmer","-","1","1","-/-","-","-/-","-","-","0-0","-/-","-","-","-","-","-","home",757
2021,"Pomona-Pitzer","defense","George Cutting","1","-","1","1.0/1","1.0","-/-","-","-","0-0","-/-","-","-","-","-","-","home",757
2021,"Pomona-Pitzer","defense","Kirby Baynes","8","1","9","-/-","-","-/-","-","-","0-0","-/-","-","-","-","-","-","away",757
2021,"Pomona-Pitzer","defense","Emmett Thomas K","2","4","6","0.5/4","0.5","0.5/4","0.5","-","0-0","-/-","-","-","-","-","-","away",757
2021,"Pomona-Pitzer","defense","Dylan Porter","4","2","6","0.5/5","0.5","0.5/5","0.5","-","0-1","1/-","-","-","-","-","-","away",757
2021,"Pomona-Pitzer","defense","Mason Hernandez","2","4","6","1.0/1","1.0","1.0/1","1.0","1","1-0","-/-","-","-","-","-","-","away",757
2021,"Pomona-Pitzer","defense","Ben Cooney","4","-","4","-/-","-","-/-","-","-","0-0","-/-","-","-","1","-","-","away",757
2021,"Pomona-Pitzer","defense","Connor Cryan","3","1","4","-/-","-","-/-","-","-","0-0","-/-","-","-","2","-","-","away",757
2021,"Pomona-Pitzer","defense","Stiles Satterle","4","-","4","1.0/6","1.0","1.0/6","1.0","-","0-0","-/-","-","-","1","-","-","away",757
2021,"Pomona-Pitzer","defense","Michael Colange","2","1","3","1.0/11","1.0","1.0/11","1.0","-","0-0","-/-","-","-","-","-","-","away",757
2021,"Pomona-Pitzer","defense","Tyson-Jay Saena","-","3","3","0.5/5","0.5","0.5/5","0.5","-","0-0","-/-","-","-","-","-","-","away",757
2021,"Pomona-Pitzer","defense","Chris Amemiya","2","-","2","-/-","-","-/-","-","-","0-0","-/-","-","-","-","-","-","away",757
2021,"Pomona-Pitzer","defense","Jacob O'Connell","1","1","2","-/-","-","-/-","-","-","0-0","-/-","1-85","1","2","-","-","away",757
2021,"Pomona-Pitzer","defense","Brandon Bova","1","1","2","-/-","-","-/-","-","-","0-0","-/-","-","-","-","-","-","away",757
2021,"Pomona-Pitzer","defense","Josh Allen","1","1","2","1.0/1","1.0","-/-","-","-","0-0","-/-","-","-","1","-","-","away",757
2021,"Pomona-Pitzer","defense","Joey Asta","-","2","2","0.5/4","0.5","0.5/4","0.5","-","0-0","-/-","-","-","-","-","-","away",757
2021,"Pomona-Pitzer","defense","Holden Thomas","1","-","1","-/-","-","-/-","-","-","0-0","-/-","-","-","-","-","-","away",757
2021,"Pomona-Pitzer","defense","Jack Holden","-","1","1","-/-","-","-/-","-","-","0-0","-/-","-","-","-","-","-","away",757
2021,"Pomona-Pitzer","defense","Anderson Cynkar","1","-","1","-/-","-","-/-","-","-","0-0","-/-","-","-","-","-","-","away",757
2021,"Pomona-Pitzer","defense","Trent Lindsey","-","1","1","-/-","-","-/-","-","-","0-0","-/-","-","-","-","-","-","away",757
2021,"Pomona-Pitzer","defense","Ryan Enney","-","1","1","-/-","-","-/-","-","-","0-0","-/-","-","-","-","-","-","away",757
2021,"Pomona-Pitzer","defense","Torben Deese","1","-","1","-/-","-","-/-","-","-","0-0","-/-","-","-","-","-","-","away",757
2021,"Pomona-Pitzer","defense","S. Satterlee","5","4","9","-/-","-","-/-","-","-","0-0","-/-","-","-","-","-","-","home",766
2021,"Pomona-Pitzer","defense","Dylan Porter","3","5","8","1.0/3","1.0","1.0/3","1.0","-","0-0","-/-","-","-","-","-","-","home",766
2021,"Pomona-Pitzer","defense","Jacob O'Connell","3","4","7","1.0/1","1.0","-/-","-","-","0-0","-/-","-","-","-","-","-","home",766
2021,"Pomona-Pitzer","defense","M. Colangelo","2","2","4","-/-","-","-/-","-","-","0-0","-/-","-","-","1","-","-","home",766
2021,"Pomona-Pitzer","defense","Thanio Bright","2","2","4","-/-","-","-/-","-","-","0-0","-/-","-","-","-","-","-","home",766
2021,"Pomona-Pitzer","defense","Ben Cooney","2","1","3","-/-","-","-/-","-","-","0-0","-/-","-","-","-","-","-","home",766
2021,"Pomona-Pitzer","defense","Kirby Baynes","3","-","3","-/-","-","-/-","-","-","0-0","-/-","-","-","-","-","-","home",766
2021,"Pomona-Pitzer","defense","Mason Hernandez","1","2","3","-/-","-","-/-","-","-","0-0","-/-","-","-","-","-","-","home",766
2021,"Pomona-Pitzer","defense","Connor Cryan","1","1","2","-/-","-","-/-","-","-","0-0","-/-","-","-","-","-","-","home",766
2021,"Pomona-Pitzer","defense","Tyson-Jay Saena","-","2","2","-/-","-","-/-","-","-","0-0","-/-","-","-","-","-","-","home",766
2021,"Pomona-Pitzer","defense","Joey Asta","2","-","2","1.0/6","1.0","-/-","-","-","0-0","-/-","-","-","-","-","-","home",766
2021,"Pomona-Pitzer","defense","Ryan Enney","-","2","2","-/-","-","-/-","-","-","0-0","-/-","-","-","-","-","-","home",766
2021,"Pomona-Pitzer","defense","Torben Deese","-","1","1","-/-","-","-/-","-","-","0-0","-/-","-","-","-","-","-","home",766
2021,"Pomona-Pitzer","defense","Jack Holden","-","-","-","-/-","-","-/-","-","-","0-0","-/-","-","-","1","-","-","home",766
2021,"Pomona-Pitzer","defense","Briggs Garrison","5","7","12","1.5/28","1.5","0.5/3","0.5","-","0-0","-/-","-","-","-","-","-","away",766
2021,"Pomona-Pitzer","defense","Nate Barewin","3","8","11","-/-","-","-/-","-","-","0-0","-/-","-","-","1","-","-","away",766
2021,"Pomona-Pitzer","defense","Tate Tussing","5","4","9","0.5/2","0.5","-/-","-","-","0-0","-/-","-","-","-","-","-","away",766
2021,"Pomona-Pitzer","defense","Nick Pacult","1","7","8","0.5/2","0.5","-/-","-","-","0-0","-/-","1-3","1","-","-","-","away",766
2021,"Pomona-Pitzer","defense","T. McConnell","3","4","7","1.0/3","1.0","-/-","-","-","0-0","-/-","-","-","-","1","-","away",766
2021,"Pomona-Pitzer","defense","Garrett Pittman","2","3","5","1.0/2","1.0","-/-","-","-","0-1","1/-","-","-","1","-","-","away",766
2021,"Pomona-Pitzer","defense","Eamon Glascott","2","3","5","-/-","-","-/-","-","-","0-0","-/-","-","-","-","-","-","away",766
2021,"Pomona-Pitzer","defense","Thali Cobb","1","4","5","0.5/4","0.5","0.5/4","0.5","-","0-0","-/-","-","-","-","-","-","away",766
2021,"Pomona-Pitzer","defense","N. DelBiaggio","2","1","3","0.5/2","0.5","0.5/2","0.5","-","0-0","-/-","-","-","-","-","2","away",766
2021,"Pomona-Pitzer","defense","V. Siddapureddy","1","1","2","-/-","-","-/-","-","1","1-0","-/-","-","-","-","-","-","away",766
2021,"Pomona-Pitzer","defense","Bruce Burba","1","1","2","-/-","-","-/-","-","-","0-0","-/-","-","-","-","-","-","away",766
2021,"Pomona-Pitzer","defense","Franklin Paas","-","2","2","-/-","-","-/-","-","-","0-0","-/-","-","-","-","-","-","away",766
2021,"Pomona-Pitzer","defense","J. Battaglia","-","1","1","-/-","-","-/-","-","-","0-0","-/-","-","-","-","-","-","away",766
2021,"Pomona-Pitzer","defense","Joshua Yen","1","-","1","-/-","-","-/-","-","-","0-0","-/-","-","-","-","-","-","away",766
2021,"Pomona-Pitzer","defense","Miles Mouradian","-","1","1","-/-","-","-/-","-","-","0-0","-/-","-","-","-","-","-","away",766
2021,"Pomona-Pitzer","defense","Kalau Morikawa","-","1","1","-/-","-","-/-","-","-","0-0","-/-","-","-","-","-","-","away",766
2021,"Pomona-Pitzer","defense","David Gorman","-","1","1","-/-","-","-/-","-","-","0-0","-/-","-","-","-","-","-","away",766
2021,"Pomona-Pitzer","defense","Cole Barry","-","1","1","-/-","-","-/-","-","-","0-0","-/-","-","-","-","-","-","away",766
2021,"Pomona-Pitzer","defense","William Welch","-","1","1","-/-","-","-/-","-","-","0-0","-/-","-","-","-","-","-","away",766
2021,"Pomona-Pitzer","defense","Tanner Gomes","1","-","1","-/-","-","-/-","-","-","0-0","-/-","-","-","-","-","-","away",766
2021,"Pomona-Pitzer","defense","Graham Olson","-","1","1","0.5/1","0.5","0.5/1","0.5","-","0-0","-/-","-","-","1","-","-","away",766
2021,"Pomona-Pitzer","defense","Will Thompson","-","1","1","0.5/-","0.5","0.5/-","0.5","-","0-0","-/-","-","-","-","-","-","away",766
2021,"Pomona-Pitzer","defense","Blake Augustine","1","-","1","-/-","-","-/-","-","-","0-0","-/-","-","-","-","-","-","away",766
2021,"Pomona-Pitzer","defense","Ben Porter","-","1","1","-/-","-","-/-","-","-","0-0","-/-","-","-","-","-","-","away",766
2021,"Pomona-Pitzer","defense","Ethan Norris","-","1","1","-/-","-","-/-","-","-","0-0","-/-","-","-","-","-","-","away",766
2021,"Pomona-Pitzer","defense","Mark Carling","-","1","1","0.5/2","0.5","0.5/2","0.5","-","0-0","-/-","-","-","-","-","-","away",766
2021,"University of Redlands","defense","Joey Asta","4","5","9","1.0/4","1.0","1.0/4","1.0","-","0-0","-/-","-","-","-","-","1","home",761
2021,"University of Redlands","defense","E. King III","3","5","8","0.5/1","0.5","0.5/1","0.5","-","0-0","-/-","1-29","1","-","-","-","home",761
2021,"University of Redlands","defense","M. Colangelo","4","2","6","-/-","-","-/-","-","-","0-0","-/-","-","-","-","1","-","home",761
2021,"University of Redlands","defense","Jacob O'Connell","4","2","6","-/-","-","-/-","-","-","0-0","-/-","1-2","1","-","-","-","home",761
2021,"University of Redlands","defense","S. Satterlee","2","4","6","-/-","-","-/-","-","-","0-0","-/-","-","-","-","-","-","home",761
2021,"University of Redlands","defense","Josh Allen","3","3","6","1.0/2","1.0","1.0/2","1.0","-","0-0","-/-","-","-","-","-","-","home",761
2021,"University of Redlands","defense","Dylan Porter","-","5","5","0.5/1","0.5","0.5/1","0.5","-","0-0","-/-","-","-","-","-","-","home",761
2021,"University of Redlands","defense","Mason Hernandez","2","3","5","-/-","-","-/-","-","-","0-0","-/-","-","-","-","-","-","home",761
2021,"University of Redlands","defense","Ryan Enney","1","4","5","-/-","-","-/-","-","-","0-0","-/-","-","-","-","-","-","home",761
2021,"University of Redlands","defense","Ben Cooney","3","1","4","-/-","-","-/-","-","-","0-0","-/-","-","-","-","-","-","home",761
2021,"University of Redlands","defense","Kirby Baynes","3","1","4","-/-","-","-/-","-","-","0-0","-/-","-","-","-","-","1","home",761
2021,"University of Redlands","defense","Torben Deese","1","3","4","-/-","-","-/-","-","-","0-0","-/-","-","-","-","-","-","home",761
2021,"University of Redlands","defense","C. Wicke","1","1","2","-/-","-","-/-","-","-","0-0","-/-","-","-","-","-","-","home",761
2021,"University of Redlands","defense","Tyson-Jay Saena","-","2","2","-/-","-","-/-","-","-","0-0","-/-","-","-","-","-","-","home",761
2021,"University of Redlands","defense","Caleb Carfaro","-","2","2","-/-","-","-/-","-","-","0-0","-/-","-","-","-","-","-","home",761
2021,"University of Redlands","defense","Louie Thrall","-","1","1","-/-","-","-/-","-","-","0-0","-/-","-","-","-","-","-","home",761
2021,"University of Redlands","defense","Anderson Cynkar","-","1","1","-/-","-","-/-","-","-","0-0","-/-","-","-","-","-","-","home",761
2021,"University of Redlands","defense","Chris Amemiya","-","1","1","-/-","-","-/-","-","-","0-0","-/-","-","-","-","-","-","home",761
2021,"University of Redlands","defense","D. Rosenberg","1","-","1","-/-","-","-/-","-","-","0-0","-/-","-","-","-","-","-","home",761
2021,"University of Redlands","defense","Justin Edwards","1","-","1","-/-","-","-/-","-","-","0-0","-/-","-","-","-","-","-","home",761
2021,"University of Redlands","defense","B. Littlefield","1","-","1","-/-","-","-/-","-","-","0-0","-/-","-","-","-","-","-","home",761
2021,"University of Redlands","defense","Ryan Place","2","5","7","-/-","-","-/-","-","-","0-0","-/-","-","-","-","-","-","away",761
2021,"University of Redlands","defense","Scott Tinsley","3","4","7","-/-","-","-/-","-","-","0-0","-/-","-","-","-","-","-","away",761
2021,"University of Redlands","defense","Noah Widgins","2","4","6","-/-","-","-/-","-","-","0-0","-/-","-","-","-","-","-","away",761
2021,"University of Redlands","defense","Andre Owens","1","4","5","-/-","-","-/-","-","-","0-0","-/-","-","-","-","-","-","away",761
2021,"University of Redlands","defense","Jace Tessaro","2","3","5","0.5/2","0.5","-/-","-","-","0-0","-/-","-","-","-","-","-","away",761
2021,"University of Redlands","defense","Jadin Michaels","3","2","5","-/-","-","-/-","-","-","0-0","-/-","1-8","1","1","-","-","away",761
2021,"University of Redlands","defense","Luke Purcella","2","3","5","1.0/5","1.0","-/-","-","-","0-0","-/-","-","-","-","-","-","away",761
2021,"University of Redlands","defense","Jacob Harrold","2","2","4","1.0/3","1.0","-/-","-","-","0-0","-/-","-","-","-","-","-","away",761
2021,"University of Redlands","defense","Team","2","2","4","-/-","-","-/-","-","-","0-0","-/-","-","-","-","-","-","away",761
2021,"University of Redlands","defense","A. Peeples II","1","2","3","0.5/2","0.5","-/-","-","-","0-0","-/-","-","-","-","-","-","away",761
2021,"University of Redlands","defense","Noah Taplett","1","2","3","-/-","-","-/-","-","-","0-0","-/-","-","-","-","-","-","away",761
2021,"University of Redlands","defense","Jacob Sega","-","3","3","-/-","-","-/-","-","-","0-0","-/-","-","-","-","-","-","away",761
2021,"University of Redlands","defense","Joe Bennett","1","2","3","-/-","-","-/-","-","-","0-0","-/-","-","-","-","-","-","away",761
2021,"University of Redlands","defense","M. MacDonald","2","1","3","-/-","-","-/-","-","-","0-0","-/-","-","-","-","-","-","away",761
2021,"University of Redlands","defense","Brandon Serrano","-","3","3","-/-","-","-/-","-","-","0-0","-/-","-","-","-","-","1","away",761
2021,"University of Redlands","defense","A. Acosta","1","1","2","-/-","-","-/-","-","-","0-0","-/-","-","-","-","-","-","away",761
2021,"University of Redlands","defense","Jake Baillie","1","-","1","-/-","-","-/-","-","-","0-0","-/-","-","-","-","-","-","away",761
2021,"University of Redlands","defense","Derwin Johnson","-","1","1","-/-","-","-/-","-","-","0-0","-/-","-","-","-","-","-","away",761
2021,"University of Redlands","defense","Anthony Vargas","1","-","1","-/-","-","-/-","-","-","0-0","-/-","-","-","-","-","-","away",761
2021,"University of Redlands","defense","Vicente Garcia","1","-","1","-/-","-","-/-","-","-","0-0","-/-","-","-","-","-","-","away",761
2021,"University of Redlands","defense","T. Williams","-","-","-","-/-","-","-/-","-","-","0-0","-/-","1-0","1","-","-","-","away",761
2021,"Whittier College","defense","Matt Buchanan","3","10","13","1.5/6","1.5","1.0/6","1.0","1","1-0","-/-","-","-","-","-","-","home",762
2021,"Whittier College","defense","Andres Ruvalcab","6","4","10","1.0/3","1.0","-/-","-","-","0-0","-/-","-","-","1","-","-","home",762
2021,"Whittier College","defense","Enrique Santana","6","3","9","1.0/1","1.0","-/-","-","-","0-0","-/-","-","-","-","-","-","home",762
2021,"Whittier College","defense","Sam Aseh","5","2","7","-/-","-","-/-","-","-","0-0","-/-","-","-","2","-","-","home",762
2021,"Whittier College","defense","Omar Lua","4","3","7","2.5/12","2.5","-/-","-","-","0-0","-/-","-","-","-","-","-","home",762
2021,"Whittier College","defense","Jacob Hayes","3","3","6","1.0/4","1.0","-/-","-","-","0-0","-/-","-","-","-","-","-","home",762
2021,"Whittier College","defense","Blake Boucher","5","1","6","-/-","-","-/-","-","-","0-0","-/-","-","-","1","-","-","home",762
2021,"Whittier College","defense","Cameron Kimball","1","5","6","-/-","-","-/-","-","-","0-1","1/-","-","-","-","-","-","home",762
2021,"Whittier College","defense","Sha'Cobe Marzet","5","-","5","-/-","-","-/-","-","-","0-0","-/-","-","-","-","-","-","home",762
2021,"Whittier College","defense","Ian Gutglueck","3","2","5","-/-","-","-/-","-","-","0-0","-/-","-","-","-","-","-","home",762
2021,"Whittier College","defense","Andrew Tarango","2","3","5","-/-","-","-/-","-","-","0-0","-/-","-","-","-","-","-","home",762
2021,"Whittier College","defense","Hussayn Abdul-Q","2","2","4","-/-","-","-/-","-","-","0-0","-/-","-","-","-","-","-","home",762
2021,"Whittier College","defense","Nicholas Hanama","1","2","3","1.0/6","1.0","1.0/6","1.0","-","0-1","1/-","-","-","-","-","-","home",762
2021,"Whittier College","defense","Alex Ortiz-Vale","1","2","3","-/-","-","-/-","-","-","0-0","-/-","-","-","-","-","-","home",762
2021,"Whittier College","defense","Cade Ignacio","1","2","3","-/-","-","-/-","-","-","0-0","-/-","-","-","-","-","-","home",762
2021,"Whittier College","defense","Moises Gonzalez","1","1","2","-/-","-","-/-","-","-","0-0","-/-","-","-","-","-","-","home",762
2021,"Whittier College","defense","Marco Trujillo","1","1","2","-/-","-","-/-","-","-","0-0","-/-","-","-","-","-","-","home",762
2021,"Whittier College","defense","Hakim Williams","1","-","1","-/-","-","-/-","-","-","0-0","-/-","-","-","-","-","-","home",762
2021,"Whittier College","defense","Sean Aldana","1","-","1","-/-","-","-/-","-","-","0-0","-/-","-","-","-","-","-","home",762
2021,"Whittier College","defense","Dylan Porter","2","3","5","1.0/5","1.0","1.0/5","1.0","-","0-0","-/-","-","-","-","-","-","away",762
2021,"Whittier College","defense","Trent Lindsey","1","3","4","0.5/1","0.5","-/-","-","-","0-0","-/-","-","-","-","-","-","away",762
2021,"Whittier College","defense","Joey Asta","1","2","3","-/-","-","-/-","-","-","0-0","-/-","-","-","-","-","-","away",762
2021,"Whittier College","defense","Christopher Wic","-","2","2","-/-","-","-/-","-","-","0-0","-/-","-","-","-","-","-","away",762
2021,"Whittier College","defense","Anderson Cynkar","1","1","2","-/-","-","-/-","-","-","0-0","-/-","-","-","-","-","-","away",762
2021,"Whittier College","defense","Austin Andersen","2","-","2","-/-","-","-/-","-","-","0-0","-/-","-","-","-","-","-","away",762
2021,"Whittier College","defense","Stiles Satterle","1","1","2","-/-","-","-/-","-","-","0-0","-/-","-","-","2","-","-","away",762
2021,"Whittier College","defense","Benjamin Little","-","2","2","0.5/-","0.5","-/-","-","-","0-0","-/-","-","-","-","-","-","away",762
2021,"Whittier College","defense","Walter Kuhlenka","-","1","1","-/-","-","-/-","-","-","0-0","-/-","-","-","-","-","-","away",762
2021,"Whittier College","defense","Alessandro Maiu","1","-","1","-/-","-","-/-","-","-","0-0","-/-","-","-","-","-","-","away",762
2021,"Whittier College","defense","Connor Cryan","1","-","1","1.0/2","1.0","-/-","-","-","0-0","-/-","-","-","-","-","-","away",762
2021,"Whittier College","defense","Addison Redding","-","1","1","-/-","-","-/-","-","-","0-0","-/-","-","-","-","-","-","away",762
2021,"Whittier College","defense","Thanio Bright","1","-","1","-/-","-","-/-","-","-","0-0","-/-","-","-","-","-","-","away",762
2021,"Whittier College","defense","Brandon Bova","-","1","1","-/-","-","-/-","-","-","0-0","-/-","-","-","-","-","-","away",762
2021,"Whittier College","defense","Tyson-Jay Saena","1","-","1","-/-","-","-/-","-","-","0-0","-/-","-","-","-","-","-","away",762
2021,"Whittier College","defense","Mitch Moldre","-","1","1","-/-","-","-/-","-","-","0-0","-/-","-","-","-","-","-","away",762
2021,"Whittier College","defense","Torben Deese","1","-","1","-/-","-","-/-","-","-","0-0","-/-","-","-","-","-","-","away",762
2021,"Whittier College","defense","Ben Cooney","-","-","-","-/-","-","-/-","-","-","0-0","-/-","-","-","2","-","-","away",762
2021,"Whittier College","defense","Louie Thrall","-","-","-","-/-","-","-/-","-","-","0-0","-/-","-","-","1","-","-","away",762
2021,"Whittier College","defense","Jacob O'Connell","-","-","-","-/-","-","-/-","-","-","0-0","-/-","2-19","2","1","-","-","away",762
2021,"Whitworth University","defense","S. Satterlee","5","4","9","1.0/1","1.0","-/-","-","1","1-0","-/-","-","-","-","-","-","home",759
2021,"Whitworth University","defense","Dylan Porter","3","3","6","-/-","-","-/-","-","-","0-0","-/-","-","-","-","-","-","home",759
2021,"Whitworth University","defense","M. Colangelo","4","1","5","-/-","-","-/-","-","-","0-0","-/-","-","-","2","-","-","home",759
2021,"Whitworth University","defense","Ben Cooney","5","-","5","-/-","-","-/-","-","-","0-0","-/-","-","-","1","-","-","home",759
2021,"Whitworth University","defense","E. King III","1","4","5","1.0/3","1.0","-/-","-","-","0-0","-/-","-","-","1","-","-","home",759
2021,"Whitworth University","defense","Josh Allen","1","4","5","-/-","-","-/-","-","-","0-1","1/-","-","-","-","-","-","home",759
2021,"Whitworth University","defense","Joey Asta","3","2","5","1.0/8","1.0","1.0/8","1.0","-","0-1","1/4","-","-","1","-","-","home",759
2021,"Whitworth University","defense","Kirby Baynes","3","1","4","-/-","-","-/-","-","-","0-0","-/-","1-0","1","1","-","-","home",759
2021,"Whitworth University","defense","Tyson-Jay Saena","2","2","4","-/-","-","-/-","-","-","0-0","-/-","-","-","-","-","-","home",759
2021,"Whitworth University","defense","Jacob O'Connell","1","2","3","-/-","-","-/-","-","-","0-0","-/-","-","-","-","-","-","home",759
2021,"Whitworth University","defense","Mason Hernandez","-","3","3","-/-","-","-/-","-","-","0-0","-/-","-","-","-","-","-","home",759
2021,"Whitworth University","defense","Ryan Enney","2","1","3","1.0/2","1.0","-/-","-","-","0-0","-/-","-","-","-","-","-","home",759
2021,"Whitworth University","defense","Torben Deese","-","3","3","-/-","-","-/-","-","-","0-0","-/-","-","-","-","-","-","home",759
2021,"Whitworth University","defense","C. Wicke","1","1","2","1.0/1","1.0","-/-","-","-","0-0","-/-","-","-","-","-","-","home",759
2021,"Whitworth University","defense","Louie Thrall","1","-","1","-/-","-","-/-","-","-","0-0","-/-","-","-","-","-","-","home",759
2021,"Whitworth University","defense","Connor Cryan","1","-","1","-/-","-","-/-","-","-","0-0","-/-","-","-","-","-","-","home",759
2021,"Whitworth University","defense","Thanio Bright","1","-","1","-/-","-","-/-","-","-","0-0","-/-","-","-","-","-","-","home",759
2021,"Whitworth University","defense","B. Littlefield","-","1","1","-/-","-","-/-","-","-","0-0","-/-","-","-","-","-","-","home",759
2021,"Whitworth University","defense","William Zhang","1","-","1","-/-","-","-/-","-","-","0-0","-/-","-","-","-","-","-","home",759
2021,"Whitworth University","defense","Caleb Carfaro","1","-","1","-/-","-","-/-","-","-","0-0","-/-","-","-","-","-","-","home",759
2021,"Whitworth University","defense","Serrano, P.","6","3","9","-/-","-","-/-","-","-","0-0","-/-","-","-","2","-","-","away",759
2021,"Whitworth University","defense","Gonzales,Jaylen","3","5","8","-/-","-","-/-","-","-","0-0","-/-","-","-","2","-","-","away",759
2021,"Whitworth University","defense","Hornbeck, Bryce","5","2","7","1.0/4","1.0","-/-","-","-","0-0","-/-","1--2","1","3","-","-","away",759
2021,"Whitworth University","defense","Hogger, Jacob","3","3","6","-/-","-","-/-","-","-","0-0","-/-","1-0","1","-","-","-","away",759
2021,"Whitworth University","defense","Ventress, Dylan","2","3","5","-/-","-","-/-","-","-","0-0","-/-","-","-","1","-","-","away",759
2021,"Whitworth University","defense","Chelin, Colten","3","1","4","-/-","-","-/-","-","-","0-0","-/-","-","-","1","-","-","away",759
2021,"Whitworth University","defense","Mullin, BJ","2","1","3","-/-","-","-/-","-","-","0-0","-/-","-","-","1","-","-","away",759
2021,"Whitworth University","defense","Platt, Derrick","1","2","3","-/-","-","-/-","-","-","0-0","-/-","-","-","-","-","-","away",759
2021,"Whitworth University","defense","Peterson, Dylan","1","2","3","1.0/3","1.0","-/-","-","-","0-0","-/-","-","-","-","-","-","away",759
2021,"Whitworth University","defense","Templeton, A.","-","2","2","-/-","-","-/-","-","-","0-0","-/-","-","-","2","-","-","away",759
2021,"Whitworth University","defense","Gibson, Jack","2","-","2","1.0/1","1.0","-/-","-","-","0-0","-/-","-","-","-","-","1","away",759
2021,"Whitworth University","defense","McKiernan, D.","2","-","2","-/-","-","-/-","-","-","0-0","-/-","-","-","-","-","-","away",759
2021,"Whitworth University","defense","Joseph, Jimbu","-","2","2","-/-","-","-/-","-","-","0-0","-/-","-","-","-","-","-","away",759
2021,"Whitworth University","defense","Miller, Brayden","-","1","1","-/-","-","-/-","-","-","0-0","-/-","-","-","-","-","-","away",759
2021,"Whitworth University","defense","Prewitt, Jaedyn","1","-","1","-/-","-","-/-","-","-","0-0","-/-","-","-","-","-","-","away",759
2021,"Whitworth University","defense","Gies, Justin","1","-","1","-/-","-","-/-","-","-","0-0","-/-","-","-","-","-","-","away",759
2021,"Whitworth University","defense","Owen, Dylan","-","1","1","-/-","-","-/-","-","-","0-0","-/-","-","-","-","-","-","away",759
2021,"Whitworth University","defense","Shaw, Parker","-","-","-","-/-","-","-/-","-","-","0-0","-/-","1-16","1","-","-","-","away",759
2021,"Whitworth University","defense","Keopuhiwa, Rudy","-","-","-","-/-","-","-/-","-","-","0-1","1/-","-","-","-","-","-","away",759
2022,"Cal Lutheran University","defense","C. Wicke","3","3","6","0.5/5","0.5","0.5/5","0.5","1","1-0","-/-","-","-","-","-","-","home",772
2022,"Cal Lutheran University","defense","Ben Cooney","5","1","6","-/-","-","-/-","-","-","0-1","1/-","-","-","2","-","-","home",772
2022,"Cal Lutheran University","defense","S. Satterlee","2","2","4","1.0/2","1.0","-/-","-","-","0-0","-/-","-","-","-","-","-","home",772
2022,"Cal Lutheran University","defense","Kirby Baynes","3","1","4","-/-","-","-/-","-","-","0-0","-/-","-","-","-","-","-","home",772
2022,"Cal Lutheran University","defense","Joey Asta","1","3","4","-/-","-","-/-","-","-","0-0","-/-","-","-","-","-","2","home",772
2022,"Cal Lutheran University","defense","Jacob Yep","-","3","3","-/-","-","-/-","-","-","0-0","-/-","-","-","-","-","-","home",772
2022,"Cal Lutheran University","defense","T. MacEachron","-","3","3","-/-","-","-/-","-","-","0-0","-/-","-","-","-","-","-","home",772
2022,"Cal Lutheran University","defense","Cesar Fernandez","2","1","3","-/-","-","-/-","-","-","0-0","-/-","1-42","1","-","-","-","home",772
2022,"Cal Lutheran University","defense","E. King III","2","1","3","-/-","-","-/-","-","-","0-0","-/-","-","-","-","-","-","home",772
2022,"Cal Lutheran University","defense","Connor Cryan","2","-","2","-/-","-","-/-","-","-","0-0","-/-","-","-","-","-","-","home",772
2022,"Cal Lutheran University","defense","Thanio Bright","-","2","2","-/-","-","-/-","-","-","0-0","-/-","-","-","-","-","-","home",772
2022,"Cal Lutheran University","defense","Tyson-Jay Saena","1","1","2","-/-","-","-/-","-","-","0-0","-/-","-","-","-","-","-","home",772
2022,"Cal Lutheran University","defense","Chase Cioe","2","-","2","-/-","-","-/-","-","1","1-0","-/-","-","-","1","-","-","home",772
2022,"Cal Lutheran University","defense","Caleb Chang","-","2","2","-/-","-","-/-","-","-","0-0","-/-","-","-","-","-","-","home",772
2022,"Cal Lutheran University","defense","G. Gangi-Sarouk","1","1","2","-/-","-","-/-","-","-","0-1","1/-","-","-","-","-","-","home",772
2022,"Cal Lutheran University","defense","M. Colangelo","-","1","1","-/-","-","-/-","-","-","0-0","-/-","-","-","-","-","-","home",772
2022,"Cal Lutheran University","defense","A. Maiuolo","1","-","1","-/-","-","-/-","-","-","0-0","-/-","-","-","-","-","-","home",772
2022,"Cal Lutheran University","defense","Jacob O'Connell","1","-","1","-/-","-","-/-","-","-","0-0","-/-","-","-","1","-","-","home",772
2022,"Cal Lutheran University","defense","B. Loudermilk J","1","-","1","-/-","-","-/-","-","-","0-0","-/-","-","-","-","-","-","home",772
2022,"Cal Lutheran University","defense","Austin Andersen","1","-","1","-/-","-","-/-","-","-","0-0","-/-","-","-","-","-","-","home",772
2022,"Cal Lutheran University","defense","Nick Wilde","-","1","1","-/-","-","-/-","-","-","0-0","-/-","-","-","-","-","-","home",772
2022,"Cal Lutheran University","defense","Elijah Costa","-","1","1","-/-","-","-/-","-","-","0-0","-/-","-","-","-","-","-","home",772
2022,"Cal Lutheran University","defense","Luke Carfaro","1","-","1","-/-","-","-/-","-","-","0-0","-/-","-","-","-","-","-","home",772
2022,"Cal Lutheran University","defense","Josh Allen","1","-","1","-/-","-","-/-","-","-","0-0","-/-","-","-","-","-","-","home",772
2022,"Cal Lutheran University","defense","Tarius Hamlin","-","1","1","-/-","-","-/-","-","-","0-0","-/-","-","-","-","-","-","home",772
2022,"Cal Lutheran University","defense","B. Littlefield","1","-","1","-/-","-","-/-","-","-","0-0","-/-","-","-","-","-","-","home",772
2022,"Cal Lutheran University","defense","Kobey Jorgensen","-","1","1","-/-","-","-/-","-","-","0-0","-/-","-","-","-","-","-","home",772
2022,"Cal Lutheran University","defense","Michael Houk","-","1","1","0.5/5","0.5","0.5/5","0.5","-","0-0","-/-","-","-","-","-","-","home",772
2022,"Cal Lutheran University","defense","Joe Posthauer","-","-","-","-/-","-","-/-","-","-","0-0","-/-","-","-","1","-","-","home",772
2022,"Cal Lutheran University","defense","Matt Flynn","7","7","14","-/-","-","-/-","-","1","1-0","-/-","-","-","1","-","-","away",772
2022,"Cal Lutheran University","defense","Osi Aliu","6","7","13","0.5/-","0.5","-/-","-","-","0-0","-/-","-","-","-","-","-","away",772
2022,"Cal Lutheran University","defense","Jordan Gonzalez","2","5","7","0.5/1","0.5","-/-","-","-","0-0","-/-","-","-","1","-","-","away",772
2022,"Cal Lutheran University","defense","Arthur Orta","2","4","6","-/-","-","-/-","-","-","0-0","-/-","-","-","1","-","-","away",772
2022,"Cal Lutheran University","defense","Jalani Blade","2","4","6","-/-","-","-/-","-","-","0-0","-/-","-","-","-","-","-","away",772
2022,"Cal Lutheran University","defense","Pete Mitchell","2","3","5","-/-","-","-/-","-","-","0-0","-/-","-","-","-","-","-","away",772
2022,"Cal Lutheran University","defense","Z. Muhammad","3","2","5","-/-","-","-/-","-","-","0-0","-/-","-","-","-","-","-","away",772
2022,"Cal Lutheran University","defense","Daylen Wilson","1","3","4","0.5/1","0.5","-/-","-","1","1-0","-/-","-","-","1","-","-","away",772
2022,"Cal Lutheran University","defense","Devon Goosby","2","2","4","-/-","-","-/-","-","-","0-0","-/-","-","-","-","-","-","away",772
2022,"Cal Lutheran University","defense","G. Hernandez","3","-","3","-/-","-","-/-","-","-","0-0","-/-","-","-","-","-","-","away",772
2022,"Cal Lutheran University","defense","KiKi Mendoza","-","3","3","-/-","-","-/-","-","-","0-0","-/-","-","-","-","-","-","away",772
2022,"Cal Lutheran University","defense","Jackson White","-","2","2","0.5/1","0.5","-/-","-","-","0-0","-/-","-","-","-","-","-","away",772
2022,"Cal Lutheran University","defense","Shaihi Baker","-","2","2","0.5/1","0.5","-/-","-","-","0-0","-/-","-","-","-","-","-","away",772
2022,"Cal Lutheran University","defense","Hunter Hall","-","2","2","-/-","-","-/-","-","-","0-0","-/-","-","-","-","-","-","away",772
2022,"Cal Lutheran University","defense","Keshaun Charles","-","1","1","0.5/1","0.5","-/-","-","-","0-0","-/-","-","-","-","-","-","away",772
2022,"Cal Lutheran University","defense","Anthony Gallego","-","1","1","-/-","-","-/-","-","-","0-0","-/-","-","-","-","-","-","away",772
2022,"Cal Lutheran University","defense","Diego Serrano","-","1","1","-/-","-","-/-","-","-","0-0","-/-","-","-","-","-","-","away",772
2022,"Cal Lutheran University","defense","Maxwell Nazarko","-","1","1","-/-","-","-/-","-","-","0-0","-/-","-","-","-","-","-","away",772
2022,"Cal Lutheran University","defense","Maximus Bahou","1","-","1","-/-","-","-/-","-","-","0-0","-/-","-","-","-","-","-","away",772
2022,"Cal Lutheran University","defense","Thomas Chiazor","1","-","1","-/-","-","-/-","-","-","0-0","-/-","-","-","-","-","-","away",772
2022,"Chapman University","defense","C. Wicke","3","8","11","0.5/-","0.5","0.5/-","0.5","-","0-0","-/-","-","-","-","-","-","home",771
2022,"Chapman University","defense","S. Satterlee","6","3","9","-/-","-","-/-","-","-","0-0","-/-","-","-","-","-","-","home",771
2022,"Chapman University","defense","M. Colangelo","4","4","8","-/-","-","-/-","-","1","1-0","-/-","-","-","-","-","-","home",771
2022,"Chapman University","defense","Ben Cooney","4","2","6","1.0/1","1.0","-/-","-","1","1-0","-/-","1-0","1","1","-","-","home",771
2022,"Chapman University","defense","Joey Asta","2","3","5","2.0/11","2.0","2.0/11","2.0","-","0-0","-/-","-","-","-","-","-","home",771
2022,"Chapman University","defense","Kirby Baynes","4","-","4","-/-","-","-/-","-","-","0-0","-/-","1-72","1","2","-","-","home",771
2022,"Chapman University","defense","Jacob O'Connell","2","2","4","-/-","-","-/-","-","-","0-1","1/-","-","-","-","-","-","home",771
2022,"Chapman University","defense","Tyson-Jay Saena","1","3","4","1.0/2","1.0","0.5/1","0.5","-","0-0","-/-","-","-","-","-","-","home",771
2022,"Chapman University","defense","David Vardanian","1","3","4","-/-","-","-/-","-","-","0-0","-/-","-","-","-","-","-","home",771
2022,"Chapman University","defense","T. MacEachron","-","3","3","0.5/1","0.5","-/-","-","-","0-0","-/-","-","-","-","-","-","home",771
2022,"Chapman University","defense","Austin Andersen","1","1","2","-/-","-","-/-","-","-","0-0","-/-","-","-","-","-","-","home",771
2022,"Chapman University","defense","Elijah Costa","-","2","2","-/-","-","-/-","-","-","0-0","-/-","-","-","-","-","-","home",771
2022,"Chapman University","defense","Josh Allen","1","1","2","-/-","-","-/-","-","-","0-0","-/-","-","-","-","-","-","home",771
2022,"Chapman University","defense","Jack Holden","2","-","2","-/-","-","-/-","-","-","0-0","-/-","-","-","2","-","-","home",771
2022,"Chapman University","defense","Joe Posthauer","-","2","2","-/-","-","-/-","-","-","0-1","1/-","-","-","-","-","1","home",771
2022,"Chapman University","defense","B. Littlefield","2","-","2","-/-","-","-/-","-","-","0-0","-/-","-","-","-","-","-","home",771
2022,"Chapman University","defense","Nick Wilde","-","1","1","-/-","-","-/-","-","-","0-0","-/-","-","-","-","-","-","home",771
2022,"Chapman University","defense","George Skaff","-","1","1","-/-","-","-/-","-","-","0-0","-/-","-","-","-","-","-","home",771
2022,"Chapman University","defense","Cesar Fernandez","-","1","1","-/-","-","-/-","-","-","0-0","-/-","-","-","-","-","-","home",771
2022,"Chapman University","defense","D. Rosenberg","-","1","1","-/-","-","-/-","-","-","0-0","-/-","-","-","-","-","-","home",771
2022,"Chapman University","defense","Caleb Carfaro","1","-","1","-/-","-","-/-","-","-","0-0","-/-","-","-","-","-","-","home",771
2022,"Chapman University","defense","Kobey Jorgensen","-","1","1","-/-","-","-/-","-","-","0-0","-/-","-","-","-","-","-","home",771
2022,"Chapman University","defense","Michael Houk","1","-","1","1.0/3","1.0","1.0/3","1.0","1","1-0","-/-","-","-","1","-","1","home",771
2022,"Chapman University","defense","G. Gangi-Sarouk","1","-","1","-/-","-","-/-","-","-","0-0","-/-","-","-","-","-","-","home",771
2022,"Chapman University","defense","Caleb Chang","-","-","-","-/-","-","-/-","-","-","0-0","-/-","-","-","1","-","-","home",771
2022,"Chapman University","defense","A. Terriquez","5","4","9","-/-","-","-/-","-","-","0-0","-/-","-","-","-","-","-","away",771
2022,"Chapman University","defense","Joey Bustos","3","6","9","0.5/2","0.5","-/-","-","-","0-0","-/-","-","-","-","-","-","away",771
2022,"Chapman University","defense","Collin Keefe","2","5","7","-/-","-","-/-","-","-","0-0","-/-","-","-","-","-","-","away",771
2022,"Chapman University","defense","Adam Andrade","4","3","7","-/-","-","-/-","-","-","0-0","-/-","-","-","-","-","-","away",771
2022,"Chapman University","defense","Ryan Haith","2","2","4","-/-","-","-/-","-","-","0-0","-/-","-","-","-","-","-","away",771
2022,"Chapman University","defense","J. Auldridge","1","2","3","-/-","-","-/-","-","-","0-0","-/-","-","-","-","-","-","away",771
2022,"Chapman University","defense","Evan Greve","-","2","2","0.5/2","0.5","-/-","-","-","0-0","-/-","-","-","-","-","-","away",771
2022,"Chapman University","defense","Ty Hartigan","-","2","2","0.5/2","0.5","-/-","-","-","0-0","-/-","-","-","-","-","-","away",771
2022,"Chapman University","defense","Kyle Sieben","1","-","1","-/-","-","-/-","-","-","0-0","-/-","-","-","-","-","-","away",771
2022,"Chapman University","defense","C. Campuzano","-","1","1","-/-","-","-/-","-","-","0-0","-/-","-","-","-","-","-","away",771
2022,"Chapman University","defense","Tyler Pacheco","1","-","1","-/-","-","-/-","-","-","0-0","-/-","-","-","-","-","-","away",771
2022,"Chapman University","defense","Kade Jordan","-","1","1","-/-","-","-/-","-","-","0-0","-/-","-","-","-","-","1","away",771
2022,"Chapman University","defense","Isaac Holbrook","-","1","1","-/-","-","-/-","-","-","0-0","-/-","-","-","-","-","-","away",771
2022,"Chapman University","defense","Renick Martin","1","-","1","-/-","-","-/-","-","-","0-0","-/-","-","-","-","-","-","away",771
2022,"Chapman University","defense","Adam Fujiwara","1","-","1","-/-","-","-/-","-","-","0-0","-/-","-","-","-","-","-","away",771
2022,"Chapman University","defense","A. Barmore Jr.","-","1","1","-/-","-","-/-","-","-","0-0","-/-","-","-","-","-","-","away",771
2022,"Chapman University","defense","Isaiah Muoz","-","1","1","0.5/2","0.5","-/-","-","-","0-0","-/-","-","-","-","-","-","away",771
2022,"Chapman University","defense","Jonathan Sheets","-","1","1","-/-","-","-/-","-","-","0-0","-/-","-","-","-","-","-","away",771
2022,"La Verne University","defense","Derek Guzman","8","2","10","1.0/3","1.0","-/-","-","-","0-0","-/-","-","-","1","-","-","home",770
2022,"La Verne University","defense","Chase Yanez","1","7","8","-/-","-","-/-","-","-","0-0","-/-","-","-","-","-","-","home",770
2022,"La Verne University","defense","Mason Montanez","1","5","6","0.5/2","0.5","-/-","-","-","0-0","-/-","-","-","-","-","-","home",770
2022,"La Verne University","defense","Josiah Pinon","3","3","6","1.5/7","1.5","1.0/5","1.0","-","0-0","-/-","-","-","-","-","-","home",770
2022,"La Verne University","defense","Tyler Martin","3","1","4","-/-","-","-/-","-","-","0-0","-/-","-","-","1","-","-","home",770
2022,"La Verne University","defense","Julian Martinez","2","2","4","1.0/2","1.0","-/-","-","-","0-0","-/-","-","-","-","-","-","home",770
2022,"La Verne University","defense","De Lante' Moore","3","-","3","1.0/1","1.0","-/-","-","-","0-0","-/-","-","-","1","-","-","home",770
2022,"La Verne University","defense","Tyler Le","-","2","2","0.5/3","0.5","0.5/3","0.5","-","0-0","-/-","-","-","-","1","-","home",770
2022,"La Verne University","defense","Austin Marin","-","2","2","0.5/3","0.5","0.5/3","0.5","-","0-0","-/-","-","-","-","-","-","home",770
2022,"La Verne University","defense","Musa Traylor","1","-","1","-/-","-","-/-","-","-","0-0","-/-","-","-","-","-","-","home",770
2022,"La Verne University","defense","A. Orange II","1","-","1","-/-","-","-/-","-","-","0-0","-/-","-","-","-","-","-","home",770
2022,"La Verne University","defense","M. Aguero Jr.","-","1","1","-/-","-","-/-","-","-","0-0","-/-","-","-","-","-","-","home",770
2022,"La Verne University","defense","Ethan Medeiros","1","-","1","-/-","-","-/-","-","-","0-0","-/-","-","-","-","-","-","home",770
2022,"La Verne University","defense","Nicolas Meza","-","1","1","-/-","-","-/-","-","-","0-0","-/-","-","-","-","-","-","home",770
2022,"La Verne University","defense","Hector Facio","1","-","1","-/-","-","-/-","-","-","0-0","-/-","-","-","-","-","-","home",770
2022,"La Verne University","defense","T. Williams","-","1","1","-/-","-","-/-","-","-","0-0","-/-","-","-","-","-","-","home",770
2022,"La Verne University","defense","Sam Melvin","-","1","1","-/-","-","-/-","-","-","0-0","-/-","-","-","-","-","-","home",770
2022,"La Verne University","defense","David Sisneros","1","-","1","-/-","-","-/-","-","-","0-0","-/-","-","-","-","-","-","home",770
2022,"La Verne University","defense","Ben Cooney","5","1","6","-/-","-","-/-","-","1","1-0","-/-","-","-","-","-","-","away",770
2022,"La Verne University","defense","S. Satterlee","4","2","6","1.5/8","1.5","0.5/5","0.5","1","1-1","1/30","-","-","-","-","-","away",770
2022,"La Verne University","defense","C. Wicke","3","2","5","0.5/1","0.5","-/-","-","-","0-0","-/-","-","-","1","-","-","away",770
2022,"La Verne University","defense","Elijah Costa","2","2","4","1.0/2","1.0","-/-","-","-","0-0","-/-","-","-","-","-","-","away",770
2022,"La Verne University","defense","Joey Asta","-","4","4","1.0/5","1.0","0.5/5","0.5","-","0-0","-/-","-","-","-","-","-","away",770
2022,"La Verne University","defense","Josh Allen","1","2","3","1.0/4","1.0","0.5/2","0.5","-","0-0","-/-","-","-","-","-","-","away",770
2022,"La Verne University","defense","B. Littlefield","-","3","3","-/-","-","-/-","-","-","0-0","-/-","-","-","-","-","-","away",770
2022,"La Verne University","defense","David Vardanian","1","2","3","1.0/2","1.0","0.5/1","0.5","-","0-0","-/-","-","-","-","-","-","away",770
2022,"La Verne University","defense","Kobey Jorgensen","-","3","3","-/-","-","-/-","-","-","0-1","1/-","-","-","-","-","-","away",770
2022,"La Verne University","defense","Aidan Cushing","2","-","2","-/-","-","-/-","-","-","0-0","-/-","-","-","-","-","-","away",770
2022,"La Verne University","defense","Jacob O'Connell","1","1","2","-/-","-","-/-","-","-","0-0","-/-","-","-","-","-","-","away",770
2022,"La Verne University","defense","A. Reddinger","2","-","2","-/-","-","-/-","-","-","0-0","-/-","-","-","-","-","-","away",770
2022,"La Verne University","defense","Austin Andersen","2","-","2","-/-","-","-/-","-","-","0-0","-/-","-","-","-","-","-","away",770
2022,"La Verne University","defense","Tyson-Jay Saena","1","1","2","-/-","-","-/-","-","-","0-0","-/-","-","-","-","-","-","away",770
2022,"La Verne University","defense","Chase Cioe","2","-","2","1.0/1","1.0","-/-","-","-","0-0","-/-","-","-","-","-","-","away",770
2022,"La Verne University","defense","G. Gangi-Sarouk","1","1","2","-/-","-","-/-","-","-","0-0","-/-","-","-","-","-","-","away",770
2022,"La Verne University","defense","E. King III","1","1","2","-/-","-","-/-","-","-","0-0","-/-","-","-","-","-","-","away",770
2022,"La Verne University","defense","M. Colangelo","-","1","1","-/-","-","-/-","-","-","0-0","-/-","-","-","1","1","-","away",770
2022,"La Verne University","defense","Connor Cryan","1","-","1","-/-","-","-/-","-","-","0-0","-/-","-","-","1","-","-","away",770
2022,"La Verne University","defense","Kirby Baynes","1","-","1","-/-","-","-/-","-","-","0-0","-/-","1-48","1","-","-","-","away",770
2022,"La Verne University","defense","D. Kroshchuk","1","-","1","-/-","-","-/-","-","-","0-0","-/-","-","-","-","-","-","away",770
2022,"La Verne University","defense","Thanio Bright","1","-","1","-/-","-","-/-","-","-","0-0","-/-","-","-","1","-","-","away",770
2022,"La Verne University","defense","T. MacEachron","1","-","1","-/-","-","-/-","-","-","0-0","-/-","-","-","-","-","-","away",770
2022,"La Verne University","defense","Jack Holden","1","-","1","-/-","-","-/-","-","-","0-0","-/-","-","-","-","-","-","away",770
2022,"La Verne University","defense","D. Rosenberg","1","-","1","-/-","-","-/-","-","-","0-0","-/-","-","-","-","-","-","away",770
2022,"La Verne University","defense","Harry Zhou","1","-","1","-/-","-","-/-","-","-","0-0","-/-","-","-","-","-","-","away",770
2022,"Pomona-Pitzer","defense","Briggs Garrison","7","4","11","0.5/1","0.5","-/-","-","1","1-0","-/-","-","-","-","-","-","home",775
2022,"Pomona-Pitzer","defense","Nate Barewin","3","4","7","0.5/-","0.5","-/-","-","-","0-0","-/-","-","-","1","-","-","home",775
2022,"Pomona-Pitzer","defense","Eamon Glascott","3","4","7","-/-","-","-/-","-","-","0-0","-/-","-","-","-","-","-","home",775
2022,"Pomona-Pitzer","defense","Thomas McConnel","2","4","6","0.5/-","0.5","-/-","-","-","0-0","-/-","-","-","-","-","-","home",775
2022,"Pomona-Pitzer","defense","George Cutting","1","4","5","1.5/8","1.5","-/-","-","-","0-0","-/-","1-0","1","-","-","-","home",775
2022,"Pomona-Pitzer","defense","Garrett Pittman","3","1","4","-/-","-","-/-","-","-","0-0","-/-","1-6","1","3","-","-","home",775
2022,"Pomona-Pitzer","defense","Nicholas Kaufma","-","3","3","1.0/10","1.0","-/-","-","-","0-0","-/-","-","-","-","1","-","home",775
2022,"Pomona-Pitzer","defense","Tanner Gomes","2","-","2","-/-","-","-/-","-","-","0-0","-/-","-","-","-","-","-","home",775
2022,"Pomona-Pitzer","defense","Alexander Wood","2","-","2","-/-","-","-/-","-","-","0-0","-/-","-","-","-","-","-","home",775
2022,"Pomona-Pitzer","defense","David Gorman","-","2","2","-/-","-","-/-","-","-","0-0","-/-","-","-","-","-","-","home",775
2022,"Pomona-Pitzer","defense","Thali Cobb","-","2","2","0.5/2","0.5","-/-","-","-","0-0","-/-","-","-","-","-","-","home",775
2022,"Pomona-Pitzer","defense","Mark Carling","-","2","2","0.5/7","0.5","-/-","-","-","0-0","-/-","-","-","-","-","-","home",775
2022,"Pomona-Pitzer","defense","Bruce Burba","1","-","1","-/-","-","-/-","-","-","0-0","-/-","-","-","-","-","-","home",775
2022,"Pomona-Pitzer","defense","Vaishnav Siddap","1","-","1","-/-","-","-/-","-","-","0-0","-/-","-","-","-","-","-","home",775
2022,"Pomona-Pitzer","defense","Charlie Russo","-","1","1","-/-","-","-/-","-","-","0-0","-/-","-","-","2","-","-","home",775
2022,"Pomona-Pitzer","defense","Ethan Shank","1","-","1","-/-","-","-/-","-","-","0-1","1/-","-","-","-","-","-","home",775
2022,"Pomona-Pitzer","defense","Andy Butler","-","1","1","-/-","-","-/-","-","-","0-0","-/-","-","-","-","-","-","home",775
2022,"Pomona-Pitzer","defense","Graham Olson","1","-","1","-/-","-","-/-","-","-","0-0","-/-","-","-","-","-","-","home",775
2022,"Pomona-Pitzer","defense","Luca Milano","-","1","1","-/-","-","-/-","-","-","0-0","-/-","-","-","-","-","-","home",775
2022,"Pomona-Pitzer","defense","Jake Sugawara","-","1","1","-/-","-","-/-","-","-","0-0","-/-","-","-","-","-","-","home",775
2022,"Pomona-Pitzer","defense","Nicholas DelBia","1","-","1","-/-","-","-/-","-","-","0-0","-/-","-","-","-","-","-","home",775
2022,"Pomona-Pitzer","defense","Omaru Konneh","1","-","1","-/-","-","-/-","-","-","0-0","-/-","-","-","-","-","-","home",775
2022,"Pomona-Pitzer","defense","Kirby Baynes","9","4","13","1.0/2","1.0","-/-","-","-","0-0","-/-","-","-","1","-","-","away",775
2022,"Pomona-Pitzer","defense","Stiles Satterle","7","3","10","0.5/4","0.5","0.5/4","0.5","-","0-0","-/-","-","-","-","-","-","away",775
2022,"Pomona-Pitzer","defense","Ben Cooney","3","3","6","-/-","-","-/-","-","-","0-0","-/-","-","-","1","-","-","away",775
2022,"Pomona-Pitzer","defense","Jacob O'Connell","3","2","5","-/-","-","-/-","-","-","0-0","-/-","-","-","-","-","-","away",775
2022,"Pomona-Pitzer","defense","Michael Colange","2","2","4","-/-","-","-/-","-","1","1-0","-/-","-","-","-","-","-","away",775
2022,"Pomona-Pitzer","defense","Christopher Wic","1","3","4","0.5/4","0.5","0.5/4","0.5","-","0-1","1/-","-","-","1","-","-","away",775
2022,"Pomona-Pitzer","defense","Connor Cryan","4","-","4","-/-","-","-/-","-","1","1-1","1/-","1-0","1","1","-","-","away",775
2022,"Pomona-Pitzer","defense","Caleb Chang","1","2","3","-/-","-","-/-","-","-","0-0","-/-","-","-","-","-","-","away",775
2022,"Pomona-Pitzer","defense","Jacob Fenton","1","1","2","-/-","-","-/-","-","-","0-0","-/-","-","-","-","-","-","away",775
2022,"Pomona-Pitzer","defense","Jacob Yep","1","1","2","0.5/1","0.5","-/-","-","-","0-0","-/-","-","-","-","-","-","away",775
2022,"Pomona-Pitzer","defense","Thanio Bright","1","1","2","-/-","-","-/-","-","-","0-0","-/-","-","-","-","-","-","away",775
2022,"Pomona-Pitzer","defense","Tyson-Jay Saena","1","1","2","-/-","-","-/-","-","-","0-0","-/-","-","-","-","-","-","away",775
2022,"Pomona-Pitzer","defense","Joey Asta","1","1","2","0.5/-","0.5","-/-","-","-","0-0","-/-","-","-","-","-","-","away",775
2022,"Pomona-Pitzer","defense","David Vardanian","1","1","2","-/-","-","-/-","-","-","0-0","-/-","-","-","-","-","-","away",775
2022,"Pomona-Pitzer","defense","Austin Andersen","1","-","1","-/-","-","-/-","-","-","0-0","-/-","-","-","-","-","-","away",775
2022,"Pomona-Pitzer","defense","Josh Allen","1","-","1","1.0/4","1.0","1.0/4","1.0","-","0-0","-/-","-","-","-","-","-","away",775
2022,"Pomona-Pitzer","defense","Emmett Thomas K","-","1","1","-/-","-","-/-","-","-","0-0","-/-","-","-","-","-","-","away",775
2022,"Pomona-Pitzer","defense","Michael Houk","-","-","-","-/-","-","-/-","-","-","0-0","-/-","-","-","-","1","-","away",775
2022,"University of Redlands","defense","Jacob Sega","6","3","9","0.5/2","0.5","-/-","-","-","0-0","-/-","-","-","-","-","-","home",769
2022,"University of Redlands","defense","Scott Tinsley","4","4","8","-/-","-","-/-","-","-","0-0","-/-","-","-","-","-","-","home",769
2022,"University of Redlands","defense","Craig Hunter","5","3","8","1.0/1","1.0","-/-","-","-","0-0","-/-","-","-","-","-","-","home",769
2022,"University of Redlands","defense","Jadin Michaels","4","-","4","-/-","-","-/-","-","-","0-0","-/-","1-0","1","-","-","-","home",769
2022,"University of Redlands","defense","Derwin Johnson","3","1","4","-/-","-","-/-","-","-","0-0","-/-","-","-","-","-","-","home",769
2022,"University of Redlands","defense","Luke Purcella","3","1","4","-/-","-","-/-","-","-","0-0","-/-","-","-","-","-","-","home",769
2022,"University of Redlands","defense","Michael MacDona","3","1","4","-/-","-","-/-","-","-","0-0","-/-","-","-","-","-","-","home",769
2022,"University of Redlands","defense","Dawson Brokman","2","1","3","2.0/4","2.0","2.0/4","2.0","-","0-0","-/-","-","-","-","-","-","home",769
2022,"University of Redlands","defense","Kamdin Karmann","2","1","3","-/-","-","-/-","-","-","0-0","-/-","-","-","-","-","-","home",769
2022,"University of Redlands","defense","Mikey Duran IV","2","1","3","-/-","-","-/-","-","-","0-0","-/-","-","-","-","-","-","home",769
2022,"University of Redlands","defense","Kurtez Kimble","1","1","2","0.5/1","0.5","-/-","-","-","0-0","-/-","-","-","-","-","-","home",769
2022,"University of Redlands","defense","Elijah Valles","1","-","1","-/-","-","-/-","-","-","0-0","-/-","-","-","-","-","-","home",769
2022,"University of Redlands","defense","Evan Aguon","1","-","1","-/-","-","-/-","-","-","0-0","-/-","-","-","-","-","-","home",769
2022,"University of Redlands","defense","Marvin Perkins","1","-","1","-/-","-","-/-","-","-","0-0","-/-","-","-","1","-","-","home",769
2022,"University of Redlands","defense","Brady Murphy","1","-","1","-/-","-","-/-","-","-","0-0","-/-","-","-","-","-","-","home",769
2022,"University of Redlands","defense","Devin Escobedo","-","1","1","-/-","-","-/-","-","-","0-0","-/-","-","-","-","-","-","home",769
2022,"University of Redlands","defense","Evan Powell","-","1","1","-/-","-","-/-","-","-","0-0","-/-","-","-","-","-","-","home",769
2022,"University of Redlands","defense","Chase Hunter","1","-","1","-/-","-","-/-","-","-","0-0","-/-","-","-","-","-","-","home",769
2022,"University of Redlands","defense","Jax Lee","-","1","1","-/-","-","-/-","-","-","0-0","-/-","-","-","-","-","1","home",769
2022,"University of Redlands","defense","Dre Owens","-","-","-","-/-","-","-/-","-","-","0-0","-/-","-","-","1","-","-","home",769
2022,"University of Redlands","defense","Joey Asta","7","1","8","4.0/19","4.0","2.0/17","2.0","-","0-0","-/-","-","-","-","-","1","away",769
2022,"University of Redlands","defense","Michael Colange","5","2","7","-/-","-","-/-","-","-","0-0","-/-","-","-","-","-","-","away",769
2022,"University of Redlands","defense","Stiles Satterle","2","5","7","0.5/2","0.5","-/-","-","-","0-0","-/-","-","-","-","-","-","away",769
2022,"University of Redlands","defense","Ben Cooney","2","3","5","0.5/1","0.5","-/-","-","-","0-0","-/-","-","-","-","-","-","away",769
2022,"University of Redlands","defense","Elijah Costa","2","2","4","1.0/1","1.0","-/-","-","-","0-0","-/-","-","-","-","-","-","away",769
2022,"University of Redlands","defense","Christopher Wic","1","2","3","-/-","-","-/-","-","-","0-0","-/-","-","-","-","-","-","away",769
2022,"University of Redlands","defense","Jacob O'Connell","1","2","3","-/-","-","-/-","-","-","0-0","-/-","1-4","1","-","-","-","away",769
2022,"University of Redlands","defense","Thomas MacEachr","1","2","3","-/-","-","-/-","-","-","0-0","-/-","-","-","-","-","-","away",769
2022,"University of Redlands","defense","Jack Holden","3","-","3","-/-","-","-/-","-","-","0-0","-/-","-","-","-","-","-","away",769
2022,"University of Redlands","defense","Benjamin Little","2","1","3","-/-","-","-/-","-","-","0-0","-/-","-","-","-","-","-","away",769
2022,"University of Redlands","defense","Michael Houk","3","-","3","3.0/24","3.0","3.0/24","3.0","-","0-0","-/-","-","-","-","-","1","away",769
2022,"University of Redlands","defense","Thanio Bright","1","1","2","-/-","-","-/-","-","-","0-0","-/-","-","-","-","-","-","away",769
2022,"University of Redlands","defense","Josh Allen","2","-","2","-/-","-","-/-","-","-","0-0","-/-","-","-","-","-","2","away",769
2022,"University of Redlands","defense","Joe Posthauer","2","-","2","-/-","-","-/-","-","-","0-0","-/-","-","-","-","-","-","away",769
2022,"University of Redlands","defense","Caleb Chang","1","1","2","-/-","-","-/-","-","-","0-0","-/-","-","-","-","-","1","away",769
2022,"University of Redlands","defense","Bryce DesJardin","1","-","1","-/-","-","-/-","-","1","1-1","1/-","-","-","-","-","-","away",769
2022,"University of Redlands","defense","Kirby Baynes","1","-","1","-/-","-","-/-","-","-","0-0","-/-","-","-","-","-","-","away",769
2022,"University of Redlands","defense","Jacob Yep","-","1","1","-/-","-","-/-","-","-","0-0","-/-","-","-","-","-","-","away",769
2022,"University of Redlands","defense","Austin Andersen","1","-","1","-/-","-","-/-","-","-","0-0","-/-","-","-","-","-","-","away",769
2022,"University of Redlands","defense","Tyson-Jay Saena","1","-","1","1.0/1","1.0","-/-","-","-","0-0","-/-","-","-","-","-","-","away",769
2022,"University of Redlands","defense","Daniel Rosenber","-","1","1","-/-","-","-/-","-","-","0-0","-/-","-","-","-","-","-","away",769
2022,"University of Redlands","defense","David Vardanian","1","-","1","1.0/2","1.0","-/-","-","-","0-0","-/-","-","-","-","-","-","away",769
2022,"University of Redlands","defense","Harry Zhou","1","-","1","-/-","-","-/-","-","-","0-0","-/-","-","-","-","-","-","away",769
2022,"University of Redlands","defense","Kobey Jorgensen","-","-","-","-/-","-","-/-","-","-","0-0","-/-","-","-","-","-","1","away",769
2022,"University of Redlands","defense","C. Wicke","1","5","6","1.0/9","1.0","1.0/9","1.0","-","0-0","-/-","-","-","-","-","-","home",774
2022,"University of Redlands","defense","Joey Asta","4","2","6","3.0/18","3.0","3.0/18","3.0","-","0-1","1/-","-","-","-","-","-","home",774
2022,"University of Redlands","defense","Ben Cooney","2","3","5","1.0/2","1.0","-/-","-","-","0-0","-/-","-","-","3","-","-","home",774
2022,"University of Redlands","defense","S. Satterlee","3","2","5","-/-","-","-/-","-","-","0-0","-/-","-","-","-","-","-","home",774
2022,"University of Redlands","defense","Kirby Baynes","2","1","3","-/-","-","-/-","-","-","0-0","-/-","-","-","-","-","-","home",774
2022,"University of Redlands","defense","George Skaff","2","1","3","1.0/3","1.0","1.0/3","1.0","-","0-0","-/-","-","-","-","-","-","home",774
2022,"University of Redlands","defense","Tyson-Jay Saena","2","1","3","-/-","-","-/-","-","-","0-0","-/-","-","-","-","-","-","home",774
2022,"University of Redlands","defense","E. King III","1","2","3","-/-","-","-/-","-","-","0-0","-/-","-","-","-","-","-","home",774
2022,"University of Redlands","defense","Ben Rosen","1","1","2","-/-","-","-/-","-","-","0-0","-/-","-","-","-","-","-","home",774
2022,"University of Redlands","defense","Thanio Bright","1","1","2","-/-","-","-/-","-","-","0-0","-/-","-","-","-","-","-","home",774
2022,"University of Redlands","defense","Elijah Costa","1","1","2","-/-","-","-/-","-","-","0-0","-/-","-","-","-","-","-","home",774
2022,"University of Redlands","defense","Josh Allen","-","2","2","-/-","-","-/-","-","-","0-0","-/-","-","-","-","-","-","home",774
2022,"University of Redlands","defense","Caleb Carfaro","1","1","2","-/-","-","-/-","-","-","0-0","-/-","-","-","-","-","-","home",774
2022,"University of Redlands","defense","M. Colangelo","-","1","1","-/-","-","-/-","-","-","0-0","-/-","-","-","-","-","-","home",774
2022,"University of Redlands","defense","Connor Cryan","1","-","1","-/-","-","-/-","-","-","0-0","-/-","-","-","1","-","-","home",774
2022,"University of Redlands","defense","Chris Amemiya","1","-","1","1.0/2","1.0","-/-","-","-","0-0","-/-","-","-","-","-","-","home",774
2022,"University of Redlands","defense","Jacob Fenton","-","1","1","-/-","-","-/-","-","-","0-0","-/-","-","-","-","-","-","home",774
2022,"University of Redlands","defense","Austin Andersen","1","-","1","-/-","-","-/-","-","-","0-0","-/-","-","-","-","-","-","home",774
2022,"University of Redlands","defense","T. MacEachron","1","-","1","-/-","-","-/-","-","-","0-0","-/-","-","-","-","-","-","home",774
2022,"University of Redlands","defense","Caleb Chang","-","1","1","-/-","-","-/-","-","-","0-0","-/-","-","-","-","-","-","home",774
2022,"University of Redlands","defense","B. Littlefield","1","-","1","-/-","-","-/-","-","-","0-0","-/-","-","-","-","-","-","home",774
2022,"University of Redlands","defense","Harry Zhou","1","-","1","-/-","-","-/-","-","-","0-0","-/-","-","-","-","-","-","home",774
2022,"University of Redlands","defense","Michael Houk","1","-","1","1.0/10","1.0","1.0/10","1.0","1","1-0","-/-","-","-","-","-","-","home",774
2022,"University of Redlands","defense","Jacob Yep","-","-","-","-/-","-","-/-","-","-","0-0","-/-","1-70","1","-","-","-","home",774
2022,"University of Redlands","defense","Craig Hunter","4","5","9","0.5/2","0.5","0.5/2","0.5","-","0-0","-/-","-","-","-","-","-","away",774
2022,"University of Redlands","defense","Elijah Valles","1","7","8","-/-","-","-/-","-","-","0-0","-/-","-","-","-","-","-","away",774
2022,"University of Redlands","defense","Dre Owens","4","4","8","1.0/1","1.0","-/-","-","-","0-0","-/-","-","-","-","-","-","away",774
2022,"University of Redlands","defense","Jacob Sega","3","5","8","-/-","-","-/-","-","-","0-0","-/-","-","-","-","-","-","away",774
2022,"University of Redlands","defense","Derwin Johnson","2","6","8","-/-","-","-/-","-","-","0-0","-/-","-","-","-","-","-","away",774
2022,"University of Redlands","defense","Luke Purcella","3","5","8","1.0/4","1.0","-/-","-","-","0-0","-/-","-","-","-","-","-","away",774
2022,"University of Redlands","defense","Kamdin Karmann","1","3","4","-/-","-","-/-","-","-","0-0","-/-","-","-","-","-","-","away",774
2022,"University of Redlands","defense","Jax Lee","-","4","4","1.0/3","1.0","0.5/3","0.5","-","0-0","-/-","-","-","-","-","1","away",774
2022,"University of Redlands","defense","Marvin Perkins","-","3","3","-/-","-","-/-","-","-","0-0","-/-","-","-","-","-","-","away",774
2022,"University of Redlands","defense","Jadin Michaels","1","2","3","-/-","-","-/-","-","-","0-0","-/-","-","-","-","-","-","away",774
2022,"University of Redlands","defense","Scott Tinsley","2","1","3","-/-","-","-/-","-","-","0-0","-/-","-","-","-","-","-","away",774
2022,"University of Redlands","defense","Carter Thompson","2","1","3","-/-","-","-/-","-","-","0-0","-/-","-","-","-","-","-","away",774
2022,"University of Redlands","defense","Matthew Lising","-","2","2","-/-","-","-/-","-","-","0-0","-/-","-","-","-","-","-","away",774
2022,"University of Redlands","defense","Evan Powell","2","-","2","-/-","-","-/-","-","-","0-0","-/-","-","-","-","-","-","away",774
2022,"University of Redlands","defense","Laurence Willia","1","1","2","-/-","-","-/-","-","-","0-0","-/-","-","-","-","-","-","away",774
2022,"University of Redlands","defense","Michael MacDona","1","1","2","-/-","-","-/-","-","-","0-0","-/-","-","-","-","-","-","away",774
2022,"University of Redlands","defense","Maximus Susi","1","-","1","-/-","-","-/-","-","-","0-0","-/-","-","-","-","-","-","away",774
2022,"University of Redlands","defense","Quinn Cortes","-","1","1","-/-","-","-/-","-","-","0-0","-/-","-","-","-","-","-","away",774
2022,"University of Redlands","defense","Devin Escobedo","-","1","1","-/-","-","-/-","-","-","0-0","-/-","-","-","-","-","-","away",774
2022,"University of Redlands","defense","Dawson Brokman","-","1","1","0.5/1","0.5","-/-","-","-","0-0","-/-","-","-","-","-","-","away",774
2022,"University of Redlands","defense","Calvin Burnach","-","1","1","-/-","-","-/-","-","-","0-0","-/-","-","-","-","-","-","away",774
2022,"University of Redlands","defense","Mario Jacobs","1","-","1","-/-","-","-/-","-","-","0-0","-/-","-","-","-","-","-","away",774
2022,"University of Redlands","defense","Neo Morrison","-","1","1","-/-","-","-/-","-","-","0-0","-/-","-","-","-","-","-","away",774
2022,"University of Redlands","defense","Elliott Hamilto","-","1","1","-/-","-","-/-","-","-","0-0","-/-","-","-","-","-","-","away",774
2022,"University of Redlands","defense","Mikey Duran IV","-","1","1","-/-","-","-/-","-","-","0-0","-/-","-","-","-","-","-","away",774
2022,"University of Redlands","defense","Daniel De La To","-","1","1","-/-","-","-/-","-","-","0-0","-/-","-","-","-","-","-","away",774
2022,"Whittier College","defense","Joey Asta","3","2","5","2.0/10","2.0","1.0/4","1.0","-","0-0","-/-","-","-","-","-","-","home",767
2022,"Whittier College","defense","M. Colangelo","3","-","3","-/-","-","-/-","-","-","0-0","-/-","-","-","-","-","-","home",767
2022,"Whittier College","defense","Kobey Jorgensen","2","1","3","-/-","-","-/-","-","-","0-0","-/-","-","-","-","-","-","home",767
2022,"Whittier College","defense","Connor Cryan","2","-","2","-/-","-","-/-","-","-","0-0","-/-","-","-","-","-","-","home",767
2022,"Whittier College","defense","Kirby Baynes","1","1","2","-/-","-","-/-","-","-","0-0","-/-","1-0","1","-","-","-","home",767
2022,"Whittier College","defense","A. Reddinger","1","1","2","-/-","-","-/-","-","-","0-0","-/-","-","-","-","-","-","home",767
2022,"Whittier College","defense","Austin Andersen","1","1","2","1.5/4","1.5","-/-","-","-","0-0","-/-","-","-","-","-","1","home",767
2022,"Whittier College","defense","Everett Butler","-","2","2","-/-","-","-/-","-","-","0-0","-/-","-","-","-","-","-","home",767
2022,"Whittier College","defense","Jack Holden","2","-","2","-/-","-","-/-","-","-","0-0","-/-","-","-","-","-","-","home",767
2022,"Whittier College","defense","C. Wicke","1","-","1","-/-","-","-/-","-","-","0-0","-/-","-","-","-","-","-","home",767
2022,"Whittier College","defense","D. Kroshchuk","1","-","1","-/-","-","-/-","-","-","0-0","-/-","-","-","-","-","-","home",767
2022,"Whittier College","defense","Nick Wilde","1","-","1","-/-","-","-/-","-","-","0-0","-/-","-","-","-","-","-","home",767
2022,"Whittier College","defense","Tyson-Jay Saena","-","1","1","-/-","-","-/-","-","-","0-0","-/-","-","-","-","-","-","home",767
2022,"Whittier College","defense","Kevin White","-","1","1","-/-","-","-/-","-","-","0-0","-/-","-","-","-","-","-","home",767
2022,"Whittier College","defense","Tarius Hamlin","-","1","1","-/-","-","-/-","-","-","0-0","-/-","-","-","-","-","-","home",767
2022,"Whittier College","defense","Jake Prieto","-","1","1","-/-","-","-/-","-","-","0-0","-/-","-","-","-","-","-","home",767
2022,"Whittier College","defense","Joe Posthauer","-","1","1","-/-","-","-/-","-","-","0-0","-/-","-","-","-","-","3","home",767
2022,"Whittier College","defense","B. Littlefield","1","-","1","1.0/4","1.0","-/-","-","-","0-0","-/-","-","-","-","-","-","home",767
2022,"Whittier College","defense","Caleb Carfaro","-","1","1","-/-","-","-/-","-","-","0-0","-/-","-","-","-","-","-","home",767
2022,"Whittier College","defense","Harry Zhou","-","1","1","-/-","-","-/-","-","-","0-0","-/-","-","-","-","-","-","home",767
2022,"Whittier College","defense","Michael Houk","1","-","1","-/-","-","-/-","-","-","0-0","-/-","-","-","-","-","-","home",767
2022,"Whittier College","defense","G. Gangi-Sarouk","1","-","1","-/-","-","-/-","-","-","0-0","-/-","-","-","-","-","-","home",767
2022,"Whittier College","defense","E. King III","-","1","1","0.5/1","0.5","-/-","-","-","0-0","-/-","-","-","-","-","-","home",767
2022,"Whittier College","defense","Ben Cooney","-","-","-","-/-","-","-/-","-","-","0-0","-/-","-","-","1","-","-","home",767
2022,"Whittier College","defense","Aidan Cushing","-","-","-","-/-","-","-/-","-","-","0-0","-/-","-","-","1","-","-","home",767
2022,"Whittier College","defense","Jacob O'Connell","-","-","-","-/-","-","-/-","-","-","0-0","-/-","1-0","1","-","-","-","home",767
2022,"Whittier College","defense","Thanio Bright","-","-","-","-/-","-","-/-","-","-","0-0","-/-","-","-","1","-","-","home",767
2022,"Whittier College","defense","Elijah Costa","-","-","-","-/-","-","-/-","-","-","0-0","-/-","-","-","-","-","1","home",767
2022,"Whittier College","defense","Enrique Santana","3","8","11","1.0/2","1.0","-/-","-","-","0-0","-/-","-","-","1","-","-","away",767
2022,"Whittier College","defense","Aaron Martinez","2","9","11","-/-","-","-/-","-","-","0-0","-/-","-","-","-","-","-","away",767
2022,"Whittier College","defense","A. Ruvalcaba","6","4","10","0.5/1","0.5","-/-","-","-","0-0","-/-","-","-","-","-","-","away",767
2022,"Whittier College","defense","Adrian Ramirez","1","5","6","0.5/-","0.5","-/-","-","-","0-0","-/-","-","-","1","-","-","away",767
2022,"Whittier College","defense","Cade Ignacio","3","3","6","1.0/1","1.0","-/-","-","-","0-0","-/-","-","-","-","-","-","away",767
2022,"Whittier College","defense","Michael Moreno","4","1","5","-/-","-","-/-","-","-","0-0","-/-","-","-","-","-","-","away",767
2022,"Whittier College","defense","Izaiah Lazaro","2","3","5","-/-","-","-/-","-","-","0-0","-/-","-","-","1","-","-","away",767
2022,"Whittier College","defense","N. Hanamaikai","1","4","5","-/-","-","-/-","-","-","0-0","-/-","-","-","-","-","-","away",767
2022,"Whittier College","defense","Vicente Becerra","-","4","4","1.0/2","1.0","-/-","-","-","0-0","-/-","-","-","-","-","-","away",767
2022,"Whittier College","defense","S. Marzett","1","2","3","-/-","-","-/-","-","-","0-0","-/-","-","-","-","-","-","away",767
2022,"Whittier College","defense","Matt Buchanan","-","2","2","-/-","-","-/-","-","-","0-0","-/-","-","-","-","-","-","away",767
2022,"Whittier College","defense","Mark Martinez","1","1","2","-/-","-","-/-","-","-","0-0","-/-","-","-","-","-","-","away",767
2022,"Whittier College","defense","Jacob Hayes","1","1","2","1.0/2","1.0","-/-","-","-","0-0","-/-","-","-","-","-","-","away",767
2022,"Whittier College","defense","Michael Lopez","-","1","1","-/-","-","-/-","-","-","0-0","-/-","-","-","-","-","-","away",767
2022,"Whittier College","defense","Tyler Cochrane","-","1","1","-/-","-","-/-","-","-","0-0","-/-","-","-","-","-","-","away",767
2022,"Whittier College","defense","Anthony Cobian","-","1","1","-/-","-","-/-","-","-","0-0","-/-","-","-","-","-","-","away",767
2022,"Whittier College","defense","Juan Estrada","-","1","1","-/-","-","-/-","-","-","0-0","-/-","-","-","-","-","-","away",767
2022,"Whittier College","defense","David Contreras","-","1","1","-/-","-","-/-","-","-","0-0","-/-","-","-","-","-","-","away",767
2022,"Whittier College","defense","Lucas Cheng","-","1","1","-/-","-","-/-","-","-","0-0","-/-","-","-","-","-","-","away",767
2022,"Whittier College","defense","DJ Williams","-","1","1","-/-","-","-/-","-","-","0-0","-/-","-","-","-","-","-","away",767
2022,"Whittier College","defense","Paul Lira","1","-","1","-/-","-","-/-","-","-","0-0","-/-","-","-","-","-","-","away",767
2022,"Whittier College","defense","Daniel Franklin","1","-","1","-/-","-","-/-","-","-","0-0","-/-","-","-","-","-","-","away",767
2022,"Whittier College","defense","DJ Williams","7","1","8","-/-","-","-/-","-","-","0-0","-/-","-","-","-","-","-","home",773
2022,"Whittier College","defense","Izaiah Lazaro","4","2","6","-/-","-","-/-","-","-","0-0","-/-","-","-","-","-","-","home",773
2022,"Whittier College","defense","Andres Ruvalcab","3","2","5","-/-","-","-/-","-","-","0-0","-/-","-","-","1","-","-","home",773
2022,"Whittier College","defense","Sam Aseh","5","-","5","-/-","-","-/-","-","-","0-0","-/-","-","-","4","-","-","home",773
2022,"Whittier College","defense","Aaron Martinez","5","-","5","-/-","-","-/-","-","-","0-0","-/-","-","-","-","-","-","home",773
2022,"Whittier College","defense","Team","5","-","5","-/-","-","-/-","-","-","0-0","-/-","-","-","-","-","-","home",773
2022,"Whittier College","defense","Enrique Santana","4","-","4","1.0/14","1.0","1.0/14","1.0","-","0-0","-/-","-","-","-","-","-","home",773
2022,"Whittier College","defense","Nicholas Hanama","3","1","4","-/-","-","-/-","-","-","0-0","-/-","-","-","-","-","-","home",773
2022,"Whittier College","defense","Andrew Tarango","3","-","3","-/-","-","-/-","-","-","0-0","-/-","-","-","-","-","-","home",773
2022,"Whittier College","defense","Sha'Cobe Marzet","2","-","2","-/-","-","-/-","-","-","0-0","-/-","-","-","2","-","-","home",773
2022,"Whittier College","defense","Mark Martinez","-","2","2","-/-","-","-/-","-","-","0-0","-/-","-","-","-","-","-","home",773
2022,"Whittier College","defense","Elijah Songer","2","-","2","-/-","-","-/-","-","-","0-0","-/-","-","-","-","-","-","home",773
2022,"Whittier College","defense","John Whisnant","2","-","2","-/-","-","-/-","-","-","0-0","-/-","-","-","-","-","-","home",773
2022,"Whittier College","defense","Michael Lopez","1","-","1","-/-","-","-/-","-","-","0-0","-/-","-","-","-","-","-","home",773
2022,"Whittier College","defense","Shaquille Brook","1","-","1","-/-","-","-/-","-","-","0-0","-/-","-","-","-","-","-","home",773
2022,"Whittier College","defense","Steven Perez","1","-","1","-/-","-","-/-","-","-","0-0","-/-","-","-","-","-","-","home",773
2022,"Whittier College","defense","Markel Wooten","1","-","1","-/-","-","-/-","-","-","0-0","-/-","-","-","-","-","-","home",773
2022,"Whittier College","defense","Vicente Becerra","1","-","1","-/-","-","-/-","-","-","0-0","-/-","-","-","-","-","-","home",773
2022,"Whittier College","defense","M. Colangelo","3","1","4","-/-","-","-/-","-","-","0-0","-/-","1-0","1","-","-","-","away",773
2022,"Whittier College","defense","Connor Cryan","4","-","4","1.0/3","1.0","-/-","-","-","0-0","-/-","-","-","-","-","-","away",773
2022,"Whittier College","defense","C. Wicke","2","1","3","-/-","-","-/-","-","-","0-0","-/-","-","-","-","-","-","away",773
2022,"Whittier College","defense","Aidan Cushing","3","-","3","-/-","-","-/-","-","-","0-0","-/-","-","-","1","-","-","away",773
2022,"Whittier College","defense","Austin Andersen","2","1","3","1.0/4","1.0","-/-","-","-","0-1","1/-","-","-","-","-","-","away",773
2022,"Whittier College","defense","George Skaff","2","1","3","1.0/6","1.0","1.0/6","1.0","-","0-0","-/-","-","-","-","-","-","away",773
2022,"Whittier College","defense","S. Satterlee","-","2","2","-/-","-","-/-","-","-","0-0","-/-","-","-","1","-","-","away",773
2022,"Whittier College","defense","Kirby Baynes","1","1","2","-/-","-","-/-","-","-","0-0","-/-","-","-","-","-","-","away",773
2022,"Whittier College","defense","Cesar Fernandez","2","-","2","-/-","-","-/-","-","-","0-0","-/-","-","-","-","-","-","away",773
2022,"Whittier College","defense","Joey Asta","2","-","2","1.0/10","1.0","1.0/10","1.0","-","0-0","-/-","-","-","-","-","-","away",773
2022,"Whittier College","defense","Caleb Carfaro","2","-","2","-/-","-","-/-","-","-","0-0","-/-","-","-","-","-","-","away",773
2022,"Whittier College","defense","Team","2","-","2","1.0/8","1.0","-/-","-","1","1-0","-/-","-","-","-","-","-","away",773
2022,"Whittier College","defense","Ben Cooney","1","-","1","-/-","-","-/-","-","-","0-0","-/-","-","-","1","-","-","away",773
2022,"Whittier College","defense","Chris Amemiya","1","-","1","-/-","-","-/-","-","-","0-0","-/-","-","-","-","-","-","away",773
2022,"Whittier College","defense","Elijah Costa","-","1","1","-/-","-","-/-","-","-","0-0","-/-","-","-","-","-","-","away",773
2022,"Whittier College","defense","Luke Carfaro","1","-","1","-/-","-","-/-","-","-","0-0","-/-","-","-","-","-","-","away",773
2022,"Whittier College","defense","Josh Allen","-","1","1","-/-","-","-/-","-","-","0-0","-/-","-","-","-","-","-","away",773
2022,"Whittier College","defense","Tyson-Jay Saena","-","1","1","-/-","-","-/-","-","-","0-0","-/-","-","-","-","-","-","away",773
2022,"Whittier College","defense","Chase Cioe","1","-","1","-/-","-","-/-","-","-","0-0","-/-","-","-","-","-","-","away",773
2022,"Whittier College","defense","Tarius Hamlin","-","1","1","-/-","-","-/-","-","-","0-0","-/-","-","-","-","-","-","away",773
2022,"Whittier College","defense","Jake Prieto","1","-","1","-/-","-","-/-","-","-","0-0","-/-","-","-","-","-","-","away",773
2022,"Whittier College","defense","Harry Zhou","1","-","1","-/-","-","-/-","-","-","0-0","-/-","-","-","-","-","-","away",773
2022,"Whittier College","defense","Kobey Jorgensen","-","1","1","-/-","-","-/-","-","-","0-0","-/-","-","-","-","-","-","away",773
2022,"Whittier College","defense","G. Gangi-Sarouk","1","-","1","-/-","-","-/-","-","-","0-0","-/-","-","-","1","-","-","away",773
2022,"Whittier College","defense","Nathan Nabal","-","-","-","-/-","-","-/-","-","-","0-0","-/-","-","-","-","1","-","away",773
2022,"Whittier College","defense","Nick Wilde","-","-","-","-/-","-","-/-","-","-","0-0","-/-","-","-","1","-","-","away",773
2022,"Whittier College","defense","Kevin White","-","-","-","-/-","-","-/-","-","-","0-0","-/-","1-0","1","-","-","-","away",773
2022,"Whitworth University","defense","Serrano,Patrick","6","3","9","0.5/-","0.5","-/-","-","1","1-0","-/-","-","-","-","-","-","home",768
2022,"Whitworth University","defense","Ventress,Dylan","2","6","8","-/-","-","-/-","-","-","0-0","-/-","-","-","-","-","-","home",768
2022,"Whitworth University","defense","Platt,Derrick","4","2","6","2.0/12","2.0","2.0/12","2.0","-","0-0","-/-","-","-","-","-","-","home",768
2022,"Whitworth University","defense","Hogger,Jacob","2","3","5","-/-","-","-/-","-","-","0-0","-/-","-","-","-","-","-","home",768
2022,"Whitworth University","defense","Owen,Dylan","3","2","5","1.0/14","1.0","1.0/14","1.0","-","0-0","-/-","-","-","-","-","-","home",768
2022,"Whitworth University","defense","Chelin,Colten","4","-","4","-/-","-","-/-","-","-","0-0","-/-","-","-","2","-","-","home",768
2022,"Whitworth University","defense","Munoz,JT","1","3","4","1.0/1","1.0","1.0/1","1.0","-","0-0","-/-","-","-","-","-","-","home",768
2022,"Whitworth University","defense","Gies,Justin","1","2","3","0.5/1","0.5","-/-","-","-","0-0","-/-","-","-","-","-","-","home",768
2022,"Whitworth University","defense","Smith,Alex","1","2","3","-/-","-","-/-","-","-","0-0","-/-","-","-","-","-","-","home",768
2022,"Whitworth University","defense","Templeton,Atticus","-","2","2","-/-","-","-/-","-","-","0-0","-/-","-","-","-","-","-","home",768
2022,"Whitworth University","defense","Bertelli,Mason","-","2","2","-/-","-","-/-","-","-","0-0","-/-","-","-","-","-","-","home",768
2022,"Whitworth University","defense","Modena,Shane","-","1","1","-/-","-","-/-","-","-","0-0","-/-","-","-","-","-","-","home",768
2022,"Whitworth University","defense","Mullin,BJ","1","-","1","-/-","-","-/-","-","-","0-0","-/-","-","-","-","-","-","home",768
2022,"Whitworth University","defense","Adams,Tiliti","-","1","1","-/-","-","-/-","-","-","0-0","-/-","-","-","-","-","-","home",768
2022,"Whitworth University","defense","McKeirnan,Daniel","-","1","1","-/-","-","-/-","-","-","0-0","-/-","-","-","-","-","-","home",768
2022,"Whitworth University","defense","Evangelista,Chaz","-","1","1","-/-","-","-/-","-","-","0-0","-/-","-","-","-","-","-","home",768
2022,"Whitworth University","defense","Liggett,Evan","-","1","1","-/-","-","-/-","-","-","0-0","-/-","-","-","-","-","-","home",768
2022,"Whitworth University","defense","DePaolo,Nathan","1","-","1","-/-","-","-/-","-","-","0-0","-/-","-","-","-","-","-","home",768
2022,"Whitworth University","defense","Campos-Ontiveros,Alvaro","-","-","-","-/-","-","-/-","-","-","0-0","-/-","-","-","-","-","-","home",768
2022,"Whitworth University","defense","Kitselman,Logan","-","-","-","-/-","-","-/-","-","-","0-0","-/-","-","-","-","-","-","home",768
2022,"Whitworth University","defense","Cooney,Benjamin","7","2","9","2.0/2","2.0","-/-","-","-","0-0","-/-","1-20","1","-","-","-","away",768
2022,"Whitworth University","defense","Colangelo,Michael","5","1","6","1.0/2","1.0","-/-","-","-","0-0","-/-","-","-","-","-","-","away",768
2022,"Whitworth University","defense","Satterlee,Stiles","3","3","6","1.5/3","1.5","-/-","-","1","1-0","-/-","-","-","-","-","-","away",768
2022,"Whitworth University","defense","Costa,Elijah","5","1","6","-/-","-","-/-","-","-","0-0","-/-","-","-","-","-","-","away",768
2022,"Whitworth University","defense","Wicke,Chris","3","2","5","-/-","-","-/-","-","-","0-0","-/-","-","-","-","-","-","away",768
2022,"Whitworth University","defense","Asta,Joey","3","2","5","0.5/2","0.5","-/-","-","-","0-0","-/-","-","-","-","-","-","away",768
2022,"Whitworth University","defense","Baynes,Kirby","2","2","4","-/-","-","-/-","-","-","0-0","-/-","-","-","-","-","1","away",768
2022,"Whitworth University","defense","O'Connell,Jacob","2","1","3","-/-","-","-/-","-","-","0-0","-/-","-","-","-","-","-","away",768
2022,"Whitworth University","defense","Cynkar,Anderson","1","-","1","-/-","-","-/-","-","-","0-0","-/-","-","-","-","-","-","away",768
2022,"Whitworth University","defense","Andersen,Austin","1","-","1","-/-","-","-/-","-","-","0-0","-/-","-","-","-","-","-","away",768
2022,"Whitworth University","defense","Bova,Brandon","1","-","1","-/-","-","-/-","-","-","0-0","-/-","-","-","-","-","-","away",768
2022,"Whitworth University","defense","MacEachron,Thomas","1","-","1","1.0/7","1.0","1.0/7","1.0","-","0-0","-/-","-","-","-","-","-","away",768
2022,"Whitworth University","defense","Allen,Josh","-","1","1","-/-","-","-/-","-","-","0-0","-/-","-","-","-","-","2","away",768
2022,"Whitworth University","defense","Saena,Tyson","-","1","1","-/-","-","-/-","-","-","0-0","-/-","-","-","-","-","-","away",768
2022,"Whitworth University","defense","Chang,Caleb","1","-","1","1.0/9","1.0","1.0/9","1.0","-","0-0","-/-","-","-","-","-","-","away",768
2022,"Whitworth University","defense","Littlefield,Benjamin","1","-","1","-/-","-","-/-","-","-","0-0","-/-","-","-","-","-","-","away",768
2022,"Whitworth University","defense","Vardanian,David","1","-","1","1.0/4","1.0","-/-","-","-","0-0","-/-","-","-","-","-","-","away",768
2022,"Whitworth University","defense","Maiuolo,Alessandro","-","-","-","-/-","-","-/-","-","-","0-0","-/-","-","-","-","-","-","away",768
2022,"Whitworth University","defense","Edwards,Justin","-","-","-","-/-","-","-/-","-","-","0-0","-/-","-","-","-","-","-","away",768
2023,"Cal Lutheran University","defense","Fernandez, C.","7","4","11","-/-","-","-/-","-","1","1-0","-/-","-","-","1","-","-","home",7949
2023,"Cal Lutheran University","defense","Bright, Thanio","4","2","6","1.0/5","1.0","1.0/5","1.0","-","0-0","-/-","-","-","-","-","-","home",7949
2023,"Cal Lutheran University","defense","O'Connell, J.","5","1","6","-/-","-","-/-","-","-","0-0","-/-","1-46","1","1","-","1","home",7949
2023,"Cal Lutheran University","defense","Gangi-Saroukhan","4","1","5","-/-","-","-/-","-","-","0-0","-/-","-","-","-","-","-","home",7949
2023,"Cal Lutheran University","defense","Baynes, Kirby","2","2","4","1.0/2","1.0","-/-","-","-","0-0","-/-","1-0","1","2","-","-","home",7949
2023,"Cal Lutheran University","defense","Zhou, Harry","2","2","4","-/-","-","-/-","-","-","0-1","1/-","-","-","-","-","-","home",7949
2023,"Cal Lutheran University","defense","Costa, Elijah","2","1","3","-/-","-","-/-","-","-","0-0","-/-","-","-","1","-","-","home",7949
2023,"Cal Lutheran University","defense","MacEachron, T.","1","2","3","1.0/4","1.0","1.0/4","1.0","-","0-0","-/-","-","-","-","-","-","home",7949
2023,"Cal Lutheran University","defense","King III, E.","3","-","3","1.0/14","1.0","1.0/14","1.0","1","1-0","-/-","-","-","-","-","-","home",7949
2023,"Cal Lutheran University","defense","Cryan, Connor","2","-","2","-/-","-","-/-","-","-","0-0","-/-","-","-","-","-","-","home",7949
2023,"Cal Lutheran University","defense","Wilde, Nick","-","2","2","-/-","-","-/-","-","-","0-0","-/-","-","-","1","-","-","home",7949
2023,"Cal Lutheran University","defense","Littlefield, B.","1","1","2","1.0/1","1.0","-/-","-","-","0-0","-/-","-","-","-","-","-","home",7949
2023,"Cal Lutheran University","defense","Jackson, CJ","-","1","1","-/-","-","-/-","-","-","0-0","-/-","-","-","-","-","-","home",7949
2023,"Cal Lutheran University","defense","Foster, Grant","1","-","1","-/-","-","-/-","-","-","0-0","-/-","-","-","-","-","-","home",7949
2023,"Cal Lutheran University","defense","Cynkar, A.","1","-","1","-/-","-","-/-","-","-","0-0","-/-","-","-","-","-","-","home",7949
2023,"Cal Lutheran University","defense","Kroshchuk, D.","1","-","1","-/-","-","-/-","-","-","0-0","-/-","-","-","-","-","-","home",7949
2023,"Cal Lutheran University","defense","Cioe, Chase","1","-","1","-/-","-","-/-","-","-","0-0","-/-","-","-","-","-","-","home",7949
2023,"Cal Lutheran University","defense","Jorgensen, K.","1","-","1","-/-","-","-/-","-","-","0-0","-/-","-","-","-","-","-","home",7949
2023,"Cal Lutheran University","defense","Kruger, George","1","-","1","-/-","-","-/-","-","-","0-0","-/-","-","-","1","-","-","home",7949
2023,"Cal Lutheran University","defense","Carrasquillo, A","-","1","1","-/-","-","-/-","-","-","0-0","-/-","-","-","-","-","-","home",7949
2023,"Cal Lutheran University","defense","Johnson, Grady","-","1","1","-/-","-","-/-","-","-","0-0","-/-","-","-","-","-","-","home",7949
2023,"Cal Lutheran University","defense","Lau, Andrew","-","1","1","-/-","-","-/-","-","-","0-0","-/-","-","-","-","-","-","home",7949
2023,"Cal Lutheran University","defense","Chang, Caleb","-","1","1","-/-","-","-/-","-","-","0-0","-/-","-","-","-","-","-","home",7949
2023,"Cal Lutheran University","defense","Malley, Jason","-","1","1","-/-","-","-/-","-","-","0-0","-/-","-","-","-","-","-","home",7949
2023,"Cal Lutheran University","defense","White, Kevin","-","-","-","-/-","-","-/-","-","-","0-0","-/-","-","-","1","-","-","home",7949
2023,"Cal Lutheran University","defense","Hamlin, Tarius","-","-","-","-/-","-","-/-","-","-","0-0","-/-","-","-","1","-","-","home",7949
2023,"Cal Lutheran University","defense","Burton, Tom","-","-","-","-/-","-","-/-","-","-","0-0","-/-","-","-","1","-","-","home",7949
2023,"Cal Lutheran University","defense","Team","-","-","-","-/-","-","-/-","-","-","0-1","1/-","-","-","-","-","-","home",7949
2023,"Cal Lutheran University","defense","Serrano, Diego","4","6","10","1.5/5","1.5","0.5/1","0.5","-","0-0","-/-","1-15","1","-","-","-","away",7949
2023,"Cal Lutheran University","defense","Orta, Arthur","4","3","7","-/-","-","-/-","-","-","0-0","-/-","-","-","-","-","-","away",7949
2023,"Cal Lutheran University","defense","Nolan, Jackson","3","3","6","-/-","-","-/-","-","-","0-0","-/-","-","-","-","-","-","away",7949
2023,"Cal Lutheran University","defense","Muhammad , Zach","3","3","6","-/-","-","-/-","-","-","0-0","-/-","-","-","-","-","-","away",7949
2023,"Cal Lutheran University","defense","Goosby, Devon","2","4","6","0.5/1","0.5","0.5/1","0.5","-","0-0","-/-","-","-","-","-","-","away",7949
2023,"Cal Lutheran University","defense","Moore, John","4","1","5","-/-","-","-/-","-","-","0-0","-/-","-","-","1","-","-","away",7949
2023,"Cal Lutheran University","defense","Frey,Jake","2","2","4","-/-","-","-/-","-","-","0-0","-/-","-","-","-","-","-","away",7949
2023,"Cal Lutheran University","defense","Sunia, Jordan","2","2","4","-/-","-","-/-","-","-","0-0","-/-","-","-","-","-","-","away",7949
2023,"Cal Lutheran University","defense","Juarez, Max","2","1","3","-/-","-","-/-","-","-","0-0","-/-","-","-","-","-","-","away",7949
2023,"Cal Lutheran University","defense","Pudas, Robbie","-","2","2","-/-","-","-/-","-","-","0-0","-/-","-","-","-","-","-","away",7949
2023,"Cal Lutheran University","defense","Townsend, AJ","1","1","2","-/-","-","-/-","-","-","0-0","-/-","-","-","-","-","-","away",7949
2023,"Cal Lutheran University","defense","White, Jackson","-","2","2","-/-","-","-/-","-","-","0-0","-/-","-","-","-","-","-","away",7949
2023,"Cal Lutheran University","defense","Line, Leighton","1","1","2","-/-","-","-/-","-","-","0-0","-/-","-","-","-","-","-","away",7949
2023,"Cal Lutheran University","defense","Roe, Gavin","2","-","2","-/-","-","-/-","-","-","0-0","-/-","-","-","-","-","-","away",7949
2023,"Cal Lutheran University","defense","Hall, Hunter","-","2","2","-/-","-","-/-","-","-","0-0","-/-","-","-","-","-","-","away",7949
2023,"Cal Lutheran University","defense","Ninekirk, Zack","-","2","2","-/-","-","-/-","-","-","0-0","-/-","-","-","-","-","-","away",7949
2023,"Cal Lutheran University","defense","Aliu, Osi","1","-","1","-/-","-","-/-","-","-","0-0","-/-","-","-","-","-","-","away",7949
2023,"Cal Lutheran University","defense","Schuck, Trevor","-","1","1","-/-","-","-/-","-","-","0-0","-/-","-","-","-","-","-","away",7949
2023,"Cal Lutheran University","defense","Thompson, Desmo","1","-","1","-/-","-","-/-","-","-","0-0","-/-","-","-","-","-","-","away",7949
2023,"Cal Lutheran University","defense","Herrera, Adam","-","1","1","-/-","-","-/-","-","-","0-0","-/-","-","-","-","-","-","away",7949
2023,"Cal Lutheran University","defense","Mills, Troy","1","-","1","-/-","-","-/-","-","-","0-0","-/-","-","-","-","-","-","away",7949
2023,"Cal Lutheran University","defense","Scanlan, Kilo","-","1","1","-/-","-","-/-","-","-","0-0","-/-","-","-","-","-","-","away",7949
2023,"Cal Lutheran University","defense","Nolan,Jackson","8","1","9","-/-","-","-/-","-","-","0-0","-/-","-","-","-","-","-","home",7955
2023,"Cal Lutheran University","defense","Frey,Jake","4","4","8","1.0/2","1.0","-/-","-","1","1-0","-/-","-","-","-","-","-","home",7955
2023,"Cal Lutheran University","defense","Mills,Troy","5","2","7","1.0/6","1.0","-/-","-","-","0-0","-/-","-","-","-","-","-","home",7955
2023,"Cal Lutheran University","defense","Juarez,Max","2","4","6","1.0/2","1.0","-/-","-","-","0-0","-/-","-","-","-","-","-","home",7955
2023,"Cal Lutheran University","defense","Goosby,Devon","1","3","4","1.0/5","1.0","-/-","-","-","0-0","-/-","-","-","-","-","-","home",7955
2023,"Cal Lutheran University","defense","Aliu,Osi","3","-","3","1.0/2","1.0","-/-","-","-","0-0","-/-","-","-","1","-","-","home",7955
2023,"Cal Lutheran University","defense","Herrera,Adam","3","-","3","-/-","-","-/-","-","-","0-0","-/-","-","-","-","-","-","home",7955
2023,"Cal Lutheran University","defense","Muhammad ,Zacharias","2","1","3","1.0/1","1.0","-/-","-","-","0-0","-/-","-","-","-","-","-","home",7955
2023,"Cal Lutheran University","defense","Baker,Shaihi","2","1","3","-/-","-","-/-","-","-","0-0","-/-","-","-","-","-","1","home",7955
2023,"Cal Lutheran University","defense","Hall,Hunter","2","1","3","-/-","-","-/-","-","-","0-0","-/-","-","-","-","-","-","home",7955
2023,"Cal Lutheran University","defense","Townsend,AJ","2","-","2","-/-","-","-/-","-","-","0-0","-/-","-","-","-","-","-","home",7955
2023,"Cal Lutheran University","defense","Cadam,Cade","2","-","2","-/-","-","-/-","-","-","0-0","-/-","-","-","-","-","-","home",7955
2023,"Cal Lutheran University","defense","Aseh,Sam","1","1","2","-/-","-","-/-","-","-","0-0","-/-","-","-","-","-","-","home",7955
2023,"Cal Lutheran University","defense","White,Jackson","1","1","2","-/-","-","-/-","-","-","0-0","-/-","-","-","-","-","-","home",7955
2023,"Cal Lutheran University","defense","Orta,Arthur","1","-","1","-/-","-","-/-","-","-","0-0","-/-","-","-","-","-","-","home",7955
2023,"Cal Lutheran University","defense","Moore,John","1","-","1","-/-","-","-/-","-","-","0-0","-/-","-","-","-","-","-","home",7955
2023,"Cal Lutheran University","defense","Smith,Bennington","-","1","1","-/-","-","-/-","-","-","0-0","-/-","-","-","-","-","-","home",7955
2023,"Cal Lutheran University","defense","Scanlan,Kilo","-","1","1","-/-","-","-/-","-","-","0-0","-/-","-","-","-","-","-","home",7955
2023,"Cal Lutheran University","defense","Ninekirk,Zack","-","1","1","-/-","-","-/-","-","-","0-0","-/-","-","-","-","-","-","home",7955
2023,"Cal Lutheran University","defense","Burgos,Daniel","-","-","-","-/-","-","-/-","-","-","0-0","-/-","-","-","-","-","-","home",7955
2023,"Cal Lutheran University","defense","Andrade,JP","-","-","-","-/-","-","-/-","-","-","0-0","-/-","-","-","-","-","-","home",7955
2023,"Cal Lutheran University","defense","Wilson,Luke","-","-","-","-/-","-","-/-","-","-","0-0","-/-","-","-","1","-","-","home",7955
2023,"Cal Lutheran University","defense","McNamara,James","-","-","-","-/-","-","-/-","-","-","0-0","-/-","-","-","-","-","-","home",7955
2023,"Cal Lutheran University","defense","Gallego,Anthony","-","-","-","-/-","-","-/-","-","-","0-1","1/-","-","-","-","-","-","home",7955
2023,"Cal Lutheran University","defense","Asta,Joey","6","2","8","1.5/10","1.5","1.0/8","1.0","-","0-0","-/-","-","-","-","-","-","away",7955
2023,"Cal Lutheran University","defense","Baynes,Kirby","4","1","5","-/-","-","-/-","-","1","1-0","-/-","-","-","1","-","-","away",7955
2023,"Cal Lutheran University","defense","King III,Emmett Thomas","3","2","5","2.0/20","2.0","1.0/19","1.0","1","1-0","-/-","-","-","-","-","-","away",7955
2023,"Cal Lutheran University","defense","Littlefield,Benjamin","3","1","4","-/-","-","-/-","-","-","0-0","-/-","-","-","-","-","-","away",7955
2023,"Cal Lutheran University","defense","O'Connell,Jacob","3","-","3","-/-","-","-/-","-","-","0-0","-/-","-","-","-","-","-","away",7955
2023,"Cal Lutheran University","defense","MacEachron,Thomas","2","1","3","0.5/1","0.5","-/-","-","-","0-0","-/-","-","-","-","-","-","away",7955
2023,"Cal Lutheran University","defense","Houk,Michael","3","-","3","1.0/3","1.0","-/-","-","-","0-0","-/-","-","-","-","-","-","away",7955
2023,"Cal Lutheran University","defense","Brutto,Rich","1","1","2","-/-","-","-/-","-","-","0-0","-/-","-","-","-","-","-","away",7955
2023,"Cal Lutheran University","defense","Cryan,Connor","2","-","2","-/-","-","-/-","-","-","0-0","-/-","-","-","2","-","-","away",7955
2023,"Cal Lutheran University","defense","Reddinger,Addison","2","-","2","-/-","-","-/-","-","-","0-0","-/-","-","-","-","-","-","away",7955
2023,"Cal Lutheran University","defense","Costa,Elijah","2","-","2","-/-","-","-/-","-","-","0-0","-/-","-","-","-","-","-","away",7955
2023,"Cal Lutheran University","defense","Chang,Caleb","-","2","2","0.5/1","0.5","-/-","-","-","0-2","2/6","-","-","-","-","-","away",7955
2023,"Cal Lutheran University","defense","Gangi-Saroukhanioff,Gabe","2","-","2","-/-","-","-/-","-","-","0-0","-/-","-","-","-","-","-","away",7955
2023,"Cal Lutheran University","defense","Gerber,Evan","2","-","2","-/-","-","-/-","-","-","0-0","-/-","-","-","-","-","-","away",7955
2023,"Cal Lutheran University","defense","Holden,Jack","-","1","1","-/-","-","-/-","-","-","0-0","-/-","-","-","1","-","-","away",7955
2023,"Cal Lutheran University","defense","Rosenberg,Daniel","1","-","1","-/-","-","-/-","-","-","0-0","-/-","-","-","-","-","-","away",7955
2023,"Cal Lutheran University","defense","Foster,Grant","-","1","1","-/-","-","-/-","-","-","0-0","-/-","-","-","1","-","-","away",7955
2023,"Cal Lutheran University","defense","Posthauer,Joe","-","1","1","0.5/-","0.5","-/-","-","-","0-0","-/-","-","-","-","-","-","away",7955
2023,"Cal Lutheran University","defense","White,Kevin","-","1","1","-/-","-","-/-","-","-","0-0","-/-","-","-","-","-","-","away",7955
2023,"Cal Lutheran University","defense","Cioe,Chase","-","1","1","-/-","-","-/-","-","-","0-0","-/-","1-40","1","1","-","-","away",7955
2023,"Cal Lutheran University","defense","Carfaro,Luke","1","-","1","-/-","-","-/-","-","-","0-0","-/-","-","-","-","-","-","away",7955
2023,"Cal Lutheran University","defense","Zhou,Harry","1","-","1","-/-","-","-/-","-","-","0-0","-/-","-","-","-","-","-","away",7955
2023,"Cal Lutheran University","defense","Sablan,Xzavier","1","-","1","-/-","-","-/-","-","-","0-0","-/-","-","-","-","-","-","away",7955
2023,"Cal Lutheran University","defense","Jorgensen,Kobey","1","-","1","-/-","-","-/-","-","-","0-0","-/-","-","-","-","-","-","away",7955
2023,"Cal Lutheran University","defense","Kang,Chris","-","1","1","-/-","-","-/-","-","-","0-0","-/-","-","-","-","-","-","away",7955
2023,"Cal Lutheran University","defense","Craig,Quintin","1","-","1","-/-","-","-/-","-","-","0-0","-/-","-","-","-","1","-","away",7955
2023,"Cal Lutheran University","defense","Edwards,Justin","-","-","-","-/-","-","-/-","-","-","0-0","-/-","-","-","-","-","-","away",7955
2023,"Cal Lutheran University","defense","Kim,Ben","-","-","-","-/-","-","-/-","-","-","0-0","-/-","-","-","-","-","-","away",7955
2023,"Chapman University","defense","Terriquez,Alexander","3","4","7","-/-","-","-/-","-","-","0-1","1/-","-","-","-","-","-","home",7951
2023,"Chapman University","defense","Hardin,Roman","3","2","5","-/-","-","-/-","-","-","0-0","-/-","-","-","-","-","-","home",7951
2023,"Chapman University","defense","Jordan,Kade","5","-","5","1.0/1","1.0","-/-","-","1","1-0","-/-","-","-","-","-","-","home",7951
2023,"Chapman University","defense","Martin,Renick","5","-","5","-/-","-","-/-","-","-","0-0","-/-","-","-","1","-","-","home",7951
2023,"Chapman University","defense","Headlee,Hunter","3","1","4","-/-","-","-/-","-","-","0-0","-/-","1-43","1","-","-","-","home",7951
2023,"Chapman University","defense","Keefe,Collin","3","1","4","-/-","-","-/-","-","-","0-0","-/-","-","-","1","-","1","home",7951
2023,"Chapman University","defense","Muñoz,Isaiah","3","1","4","-/-","-","-/-","-","-","0-0","-/-","-","-","-","-","-","home",7951
2023,"Chapman University","defense","Sieben,Kyle","2","1","3","-/-","-","-/-","-","-","0-1","1/-","-","-","-","-","-","home",7951
2023,"Chapman University","defense","Holbrook,Seth","1","1","2","-/-","-","-/-","-","-","0-0","-/-","-","-","-","-","-","home",7951
2023,"Chapman University","defense","Greve,Evan","-","2","2","-/-","-","-/-","-","-","0-0","-/-","-","-","-","-","1","home",7951
2023,"Chapman University","defense","Barmore, Jr.,Alphonso","2","-","2","-/-","-","-/-","-","-","0-0","-/-","-","-","-","-","-","home",7951
2023,"Chapman University","defense","Donato,Harrison","-","1","1","-/-","-","-/-","-","-","0-0","-/-","-","-","-","-","-","home",7951
2023,"Chapman University","defense","Hartigan,Ty","-","1","1","-/-","-","-/-","-","-","0-0","-/-","-","-","-","-","-","home",7951
2023,"Chapman University","defense","Hill,Tyler","1","-","1","-/-","-","-/-","-","-","0-0","-/-","-","-","-","-","-","home",7951
2023,"Chapman University","defense","Sheets,Jonathan","-","1","1","-/-","-","-/-","-","-","0-0","-/-","-","-","-","-","-","home",7951
2023,"Chapman University","defense","Pacheco,Tyler","-","-","-","-/-","-","-/-","-","-","0-0","-/-","-","-","-","-","-","home",7951
2023,"Chapman University","defense","Baierl,Ken","-","-","-","-/-","-","-/-","-","-","0-0","-/-","-","-","-","-","-","home",7951
2023,"Chapman University","defense","Asta,Joey","6","2","8","0.5/4","0.5","0.5/4","0.5","-","0-0","-/-","-","-","-","-","-","away",7951
2023,"Chapman University","defense","Posthauer,Joe","4","3","7","0.5/-","0.5","-/-","-","-","0-0","-/-","-","-","-","-","1","away",7951
2023,"Chapman University","defense","Thomas King,Emmett","5","2","7","1.0/6","1.0","-/-","-","-","0-0","-/-","-","-","-","-","1","away",7951
2023,"Chapman University","defense","Holden,Jack","2","1","3","-/-","-","-/-","-","-","0-0","-/-","-","-","-","-","-","away",7951
2023,"Chapman University","defense","Baynes,Kirby","2","1","3","-/-","-","-/-","-","-","0-0","-/-","-","-","-","-","-","away",7951
2023,"Chapman University","defense","Bright,Thanio","2","1","3","-/-","-","-/-","-","-","0-0","-/-","1-1","1","-","-","-","away",7951
2023,"Chapman University","defense","O'Connell,Jacob","3","-","3","1.0/1","1.0","-/-","-","-","0-0","-/-","1-0","1","-","-","-","away",7951
2023,"Chapman University","defense","Jorgensen,Kobey","2","1","3","-/-","-","-/-","-","-","0-0","-/-","-","-","-","-","-","away",7951
2023,"Chapman University","defense","Gerber,Evan","1","2","3","0.5/1","0.5","-/-","-","-","0-0","-/-","-","-","-","-","-","away",7951
2023,"Chapman University","defense","Wilde,Nick","2","-","2","-/-","-","-/-","-","-","0-0","-/-","-","-","-","-","-","away",7951
2023,"Chapman University","defense","Costa,Elijah","1","1","2","0.5/3","0.5","0.5/3","0.5","-","0-0","-/-","-","-","-","-","-","away",7951
2023,"Chapman University","defense","Fernandez,Cesar","2","-","2","-/-","-","-/-","-","-","0-0","-/-","-","-","-","-","-","away",7951
2023,"Chapman University","defense","Hamlin,Tarius","2","-","2","-/-","-","-/-","-","-","0-0","-/-","-","-","-","-","-","away",7951
2023,"Chapman University","defense","Gangi-Saroukhanioff,Gabe","2","-","2","-/-","-","-/-","-","-","0-0","-/-","-","-","-","-","-","away",7951
2023,"Chapman University","defense","Cryan,Connor","-","1","1","-/-","-","-/-","-","-","0-0","-/-","-","-","1","-","-","away",7951
2023,"Chapman University","defense","Reddinger,Addison","1","-","1","1.0/2","1.0","-/-","-","-","0-0","-/-","-","-","-","-","-","away",7951
2023,"Chapman University","defense","Miller,Calvin","1","-","1","-/-","-","-/-","-","-","0-0","-/-","-","-","-","-","-","away",7951
2023,"Chapman University","defense","Malley,Jason","-","1","1","-/-","-","-/-","-","-","0-0","-/-","-","-","-","-","-","away",7951
2023,"Chapman University","defense","Kuhlenkamp,Walter","-","-","-","-/-","-","-/-","-","-","0-0","-/-","-","-","-","-","-","away",7951
2023,"Chapman University","defense","Brutto,Rich","-","-","-","-/-","-","-/-","-","-","0-0","-/-","-","-","-","-","-","away",7951
2023,"Chapman University","defense","Cynkar,Anderson","-","-","-","-/-","-","-/-","-","-","0-0","-/-","-","-","-","-","-","away",7951
2023,"Chapman University","defense","Houk,Michael","-","-","-","-/-","-","-/-","-","-","0-0","-/-","-","-","-","-","1","away",7951
2023,"Chapman University","defense","Chase Cioe","5","4","9","1.0/1","1.0","-/-","-","-","0-0","-/-","-","-","-","-","-","home",7954
2023,"Chapman University","defense","Jacob O'Connell","2","6","8","-/-","-","-/-","-","-","0-0","-/-","-","-","-","-","-","home",7954
2023,"Chapman University","defense","Emmett Thomas King III","4","4","8","2.0/2","2.0","-/-","-","-","0-0","-/-","-","-","-","-","-","home",7954
2023,"Chapman University","defense","Joey Asta","-","7","7","-/-","-","-/-","-","-","0-0","-/-","-","-","-","-","-","home",7954
2023,"Chapman University","defense","Benjamin Littlefield","2","4","6","2.0/5","2.0","1.0/4","1.0","-","0-0","-/-","-","-","-","-","-","home",7954
2023,"Chapman University","defense","Caleb Chang","1","4","5","-/-","-","-/-","-","-","0-0","-/-","-","-","-","-","-","home",7954
2023,"Chapman University","defense","Joe Posthauer","1","3","4","-/-","-","-/-","-","-","0-0","-/-","-","-","-","-","-","home",7954
2023,"Chapman University","defense","Connor Cryan","3","-","3","-/-","-","-/-","-","-","0-0","-/-","-","-","1","-","-","home",7954
2023,"Chapman University","defense","Kirby Baynes","1","2","3","-/-","-","-/-","-","-","0-0","-/-","-","-","-","-","-","home",7954
2023,"Chapman University","defense","Elijah Costa","2","-","2","-/-","-","-/-","-","-","0-0","-/-","-","-","-","-","1","home",7954
2023,"Chapman University","defense","Kobey Jorgensen","1","1","2","-/-","-","-/-","-","-","0-0","-/-","-","-","-","-","-","home",7954
2023,"Chapman University","defense","Cesar Fernandez","2","-","2","-/-","-","-/-","-","-","0-0","-/-","-","-","1","-","-","home",7954
2023,"Chapman University","defense","Jack Holden","1","-","1","-/-","-","-/-","-","-","0-0","-/-","-","-","-","-","-","home",7954
2023,"Chapman University","defense","Aidan Cushing","1","-","1","-/-","-","-/-","-","-","0-0","-/-","-","-","-","-","-","home",7954
2023,"Chapman University","defense","Jacob Fenton","1","-","1","-/-","-","-/-","-","-","0-0","-/-","-","-","-","-","-","home",7954
2023,"Chapman University","defense","Addison Reddinger","-","1","1","-/-","-","-/-","-","-","0-0","-/-","-","-","-","-","-","home",7954
2023,"Chapman University","defense","George Kruger","-","1","1","-/-","-","-/-","-","-","0-0","-/-","-","-","-","-","-","home",7954
2023,"Chapman University","defense","Quintin Craig","1","-","1","-/-","-","-/-","-","-","0-0","-/-","-","-","-","-","-","home",7954
2023,"Chapman University","defense","Michael Houk","-","1","1","-/-","-","-/-","-","-","0-0","-/-","-","-","-","-","-","home",7954
2023,"Chapman University","defense","Nick Wilde","-","-","-","-/-","-","-/-","-","-","0-0","-/-","-","-","1","-","-","home",7954
2023,"Chapman University","defense","Hunter Headlee","5","4","9","2.0/5","2.0","-/-","-","-","0-0","-/-","-","-","-","-","-","away",7954
2023,"Chapman University","defense","Kyle Sieben","3","5","8","1.0/12","1.0","1.0/12","1.0","-","0-0","-/-","-","-","-","-","2","away",7954
2023,"Chapman University","defense","Kade Jordan","4","4","8","1.0/1","1.0","-/-","-","-","0-0","-/-","-","-","1","-","-","away",7954
2023,"Chapman University","defense","Roman Hardin","3","4","7","0.5/1","0.5","-/-","-","-","0-0","-/-","-","-","1","-","-","away",7954
2023,"Chapman University","defense","Renick Martin","5","2","7","-/-","-","-/-","-","-","0-0","-/-","-","-","1","-","-","away",7954
2023,"Chapman University","defense","Collin Keefe","3","4","7","-/-","-","-/-","-","-","0-0","-/-","-","-","-","-","-","away",7954
2023,"Chapman University","defense","Alex Terriquez","5","2","7","2.0/4","2.0","-/-","-","-","0-0","-/-","-","-","-","-","1","away",7954
2023,"Chapman University","defense","Evan Greve","1","3","4","0.5/2","0.5","-/-","-","-","0-0","-/-","-","-","-","-","-","away",7954
2023,"Chapman University","defense","Luk Porteneuve","1","2","3","1.0/6","1.0","-/-","-","-","0-0","-/-","-","-","-","-","-","away",7954
2023,"Chapman University","defense","Tho DiVittorio","1","1","2","-/-","-","-/-","-","-","0-0","-/-","-","-","-","-","-","away",7954
2023,"Chapman University","defense","Cooper Ahlers","1","-","1","-/-","-","-/-","-","-","0-0","-/-","-","-","-","-","-","away",7954
2023,"Chapman University","defense","Adam Andrade","-","1","1","-/-","-","-/-","-","-","0-0","-/-","-","-","-","-","-","away",7954
2023,"Chapman University","defense","Hunter Wickham","1","-","1","-/-","-","-/-","-","-","0-0","-/-","-","-","-","-","-","away",7954
2023,"Chapman University","defense","Ty Hartigan","-","1","1","-/-","-","-/-","-","-","0-0","-/-","-","-","-","-","-","away",7954
2023,"Chapman University","defense","Jonatha Sheets","-","1","1","-/-","-","-/-","-","-","0-0","-/-","-","-","-","-","-","away",7954
2023,"George Fox University","defense","King III, E.","2","7","9","2.0/17","2.0","1.0/11","1.0","-","0-0","-/-","-","-","-","-","-","home",7948
2023,"George Fox University","defense","Bright, Thanio","3","2","5","-/-","-","-/-","-","-","0-0","-/-","-","-","-","-","-","home",7948
2023,"George Fox University","defense","O'Connell, J.","3","2","5","-/-","-","-/-","-","-","0-0","-/-","-","-","-","-","-","home",7948
2023,"George Fox University","defense","Costa, Elijah","4","1","5","0.5/1","0.5","-/-","-","-","0-0","-/-","-","-","1","-","-","home",7948
2023,"George Fox University","defense","Cryan, Connor","4","-","4","-/-","-","-/-","-","-","0-0","-/-","-","-","2","-","-","home",7948
2023,"George Fox University","defense","Baynes, Kirby","3","1","4","1.0/5","1.0","-/-","-","-","0-0","-/-","1-26","1","1","-","1","home",7948
2023,"George Fox University","defense","Chang, Caleb","1","3","4","-/-","-","-/-","-","-","0-0","-/-","-","-","-","-","-","home",7948
2023,"George Fox University","defense","MacEachron, T.","1","2","3","-/-","-","-/-","-","-","0-0","-/-","-","-","-","-","-","home",7948
2023,"George Fox University","defense","Zhou, Harry","1","2","3","1.0/7","1.0","1.0/7","1.0","-","0-0","-/-","-","-","-","-","1","home",7948
2023,"George Fox University","defense","Fernandez, C.","1","2","3","-/-","-","-/-","-","-","0-0","-/-","-","-","-","-","-","home",7948
2023,"George Fox University","defense","Gangi-Saroukhan","1","2","3","-/-","-","-/-","-","-","0-0","-/-","-","-","-","-","-","home",7948
2023,"George Fox University","defense","Jorgensen, K.","-","2","2","0.5/-","0.5","-/-","-","-","0-0","-/-","-","-","-","-","-","home",7948
2023,"George Fox University","defense","Holden, Jack","1","-","1","-/-","-","-/-","-","-","0-0","-/-","-","-","-","-","-","home",7948
2023,"George Fox University","defense","Fenton, Jacob","1","-","1","-/-","-","-/-","-","-","0-0","-/-","-","-","-","-","-","home",7948
2023,"George Fox University","defense","Posthauer, Joe","-","1","1","-/-","-","-/-","-","-","0-0","-/-","-","-","-","-","-","home",7948
2023,"George Fox University","defense","Reddinger, A.","1","-","1","-/-","-","-/-","-","-","0-0","-/-","-","-","-","-","-","home",7948
2023,"George Fox University","defense","Kang, Chris","1","-","1","-/-","-","-/-","-","-","0-0","-/-","-","-","1","-","-","home",7948
2023,"George Fox University","defense","Kruger, George","-","1","1","-/-","-","-/-","-","-","0-0","-/-","-","-","-","-","-","home",7948
2023,"George Fox University","defense","Littlefield, B.","-","1","1","-/-","-","-/-","-","-","0-0","-/-","-","-","-","-","-","home",7948
2023,"George Fox University","defense","Gerber, Evan","-","1","1","-/-","-","-/-","-","-","0-0","-/-","-","-","-","-","-","home",7948
2023,"George Fox University","defense","Jackson, CJ","-","-","-","-/-","-","-/-","-","-","0-0","-/-","-","-","1","-","-","home",7948
2023,"George Fox University","defense","Miller, Calvin","-","-","-","-/-","-","-/-","-","-","0-1","1/-","-","-","-","-","-","home",7948
2023,"George Fox University","defense","Hamlin, Tarius","-","-","-","-/-","-","-/-","-","-","0-0","-/-","-","-","1","-","-","home",7948
2023,"George Fox University","defense","Holsey, Zak","3","6","9","0.5/1","0.5","-/-","-","-","0-0","-/-","-","-","1","-","-","away",7948
2023,"George Fox University","defense","Andrews, Kobe","6","3","9","1.0/3","1.0","-/-","-","-","0-0","-/-","-","-","-","-","-","away",7948
2023,"George Fox University","defense","Tack, Noah","2","6","8","-/-","-","-/-","-","-","0-0","-/-","-","-","-","-","-","away",7948
2023,"George Fox University","defense","Wylie, Nash","2","6","8","1.0/1","1.0","-/-","-","-","0-0","-/-","1-0","1","-","-","-","away",7948
2023,"George Fox University","defense","Canchola, Austi","4","3","7","1.0/4","1.0","-/-","-","-","0-0","-/-","-","-","1","-","-","away",7948
2023,"George Fox University","defense","Williams, Hunte","3","4","7","1.0/7","1.0","1.0/7","1.0","-","0-0","-/-","-","-","-","-","-","away",7948
2023,"George Fox University","defense","Schaan, Kiegan","3","1","4","-/-","-","-/-","-","-","0-0","-/-","-","-","2","-","-","away",7948
2023,"George Fox University","defense","Erickson, Jacob","2","2","4","1.0/4","1.0","1.0/4","1.0","-","0-0","-/-","-","-","1","-","2","away",7948
2023,"George Fox University","defense","Martin, Nolan","2","2","4","1.0/3","1.0","1.0/3","1.0","-","0-0","-/-","1-42","1","2","-","-","away",7948
2023,"George Fox University","defense","Turituri, Jaxso","-","4","4","-/-","-","-/-","-","-","0-0","-/-","-","-","-","-","-","away",7948
2023,"George Fox University","defense","Phillips, Matth","1","1","2","1.5/3","1.5","-/-","-","-","0-0","-/-","-","-","-","-","-","away",7948
2023,"George Fox University","defense","Koenig, Nathani","-","2","2","-/-","-","-/-","-","-","0-0","-/-","-","-","-","-","-","away",7948
2023,"George Fox University","defense","Goetz, Bryce","1","1","2","-/-","-","-/-","-","-","0-0","-/-","-","-","-","-","-","away",7948
2023,"George Fox University","defense","Marks, Jaron","2","-","2","-/-","-","-/-","-","-","0-0","-/-","-","-","-","-","-","away",7948
2023,"George Fox University","defense","Kunze, Dustin","-","1","1","-/-","-","-/-","-","-","0-0","-/-","-","-","-","-","-","away",7948
2023,"George Fox University","defense","Mazurowski, Bla","1","-","1","-/-","-","-/-","-","-","0-0","-/-","-","-","-","-","-","away",7948
2023,"George Fox University","defense","Candanoza, Loga","1","-","1","-/-","-","-/-","-","-","0-0","-/-","-","-","-","-","-","away",7948
2023,"George Fox University","defense","Price, Cody","1","-","1","-/-","-","-/-","-","-","0-0","-/-","-","-","-","-","-","away",7948
2023,"George Fox University","defense","Jefferies, Dani","1","-","1","-/-","-","-/-","-","-","0-0","-/-","-","-","-","-","-","away",7948
2023,"George Fox University","defense","McElfish, Caleb","-","-","-","-/-","-","-/-","-","-","0-0","-/-","-","-","-","1","-","away",7948
2023,"La Verne University","defense","Chase Yanez","6","2","8","1.0/2","1.0","-/-","-","-","0-0","-/-","-","-","-","-","-","home",7952
2023,"La Verne University","defense","A. Esquivel","4","3","7","0.5/3","0.5","-/-","-","-","0-0","-/-","-","-","-","-","-","home",7952
2023,"La Verne University","defense","Devin Martin","2","4","6","0.5/1","0.5","-/-","-","-","0-0","-/-","-","-","-","-","-","home",7952
2023,"La Verne University","defense","Angel Diaz","1","4","5","0.5/3","0.5","-/-","-","-","0-0","-/-","-","-","-","-","-","home",7952
2023,"La Verne University","defense","A. Orange II","5","-","5","1.0/4","1.0","-/-","-","-","0-0","-/-","-","-","1","-","-","home",7952
2023,"La Verne University","defense","Josef Tena","2","2","4","-/-","-","-/-","-","-","0-0","-/-","-","-","-","-","-","home",7952
2023,"La Verne University","defense","Hector Facio","2","2","4","-/-","-","-/-","-","-","0-0","-/-","-","-","1","-","-","home",7952
2023,"La Verne University","defense","Aidan Clinton","1","3","4","-/-","-","-/-","-","-","0-0","-/-","-","-","-","-","-","home",7952
2023,"La Verne University","defense","Jomar Brown","2","1","3","-/-","-","-/-","-","-","0-0","-/-","-","-","-","-","-","home",7952
2023,"La Verne University","defense","O. Montenegro","2","1","3","-/-","-","-/-","-","-","0-0","-/-","-","-","-","-","-","home",7952
2023,"La Verne University","defense","Nathan Tagaloa","2","1","3","-/-","-","-/-","-","-","0-0","-/-","-","-","-","-","-","home",7952
2023,"La Verne University","defense","John Whisnant","2","1","3","-/-","-","-/-","-","-","0-0","-/-","-","-","-","-","-","home",7952
2023,"La Verne University","defense","Jeremiah Naylor","2","1","3","-/-","-","-/-","-","-","0-0","-/-","-","-","-","-","-","home",7952
2023,"La Verne University","defense","Salah Odeh","1","1","2","-/-","-","-/-","-","-","0-1","1/-","-","-","-","-","-","home",7952
2023,"La Verne University","defense","Austin Marin","2","-","2","1.0/8","1.0","1.0/8","1.0","-","0-0","-/-","-","-","-","-","-","home",7952
2023,"La Verne University","defense","De Lante' Moore","2","-","2","-/-","-","-/-","-","-","0-0","-/-","-","-","-","-","-","home",7952
2023,"La Verne University","defense","Joseph Finnell","1","1","2","-/-","-","-/-","-","-","0-0","-/-","-","-","-","-","-","home",7952
2023,"La Verne University","defense","Adrian Vargas","1","-","1","-/-","-","-/-","-","-","0-0","-/-","-","-","-","-","-","home",7952
2023,"La Verne University","defense","Braeden Varney","-","1","1","0.5/1","0.5","-/-","-","-","0-0","-/-","-","-","-","-","-","home",7952
2023,"La Verne University","defense","Kekoa Barnes","1","-","1","-/-","-","-/-","-","-","0-0","-/-","-","-","-","-","-","home",7952
2023,"La Verne University","defense","T. Williams","1","-","1","-/-","-","-/-","-","-","0-0","-/-","-","-","-","-","-","home",7952
2023,"La Verne University","defense","Trayjan Jumawan","1","-","1","-/-","-","-/-","-","-","0-0","-/-","-","-","-","-","-","home",7952
2023,"La Verne University","defense","Tyler Gonzalez","1","-","1","-/-","-","-/-","-","-","0-0","-/-","-","-","-","-","-","home",7952
2023,"La Verne University","defense","David Sisneros","1","-","1","-/-","-","-/-","-","-","0-0","-/-","-","-","-","-","-","home",7952
2023,"La Verne University","defense","Asta, Joey","6","2","8","3.5/16","3.5","2.5/14","2.5","-","0-0","-/-","-","-","-","-","-","away",7952
2023,"La Verne University","defense","Bright, Thanio","5","2","7","-/-","-","-/-","-","-","0-0","-/-","-","-","-","-","-","away",7952
2023,"La Verne University","defense","Posthauer, Joe","3","2","5","2.0/3","2.0","1.0/2","1.0","-","0-0","-/-","-","-","-","-","-","away",7952
2023,"La Verne University","defense","Baynes, Kirby","4","-","4","-/-","-","-/-","-","-","0-0","-/-","-","-","1","-","-","away",7952
2023,"La Verne University","defense","Chang, Caleb","3","1","4","1.0/3","1.0","1.0/3","1.0","-","0-0","-/-","-","-","-","-","-","away",7952
2023,"La Verne University","defense","King III, Emmett Tho","3","1","4","1.0/2","1.0","-/-","-","-","0-0","-/-","-","-","-","-","-","away",7952
2023,"La Verne University","defense","Holden, Jack","3","-","3","-/-","-","-/-","-","-","0-0","-/-","-","-","-","-","-","away",7952
2023,"La Verne University","defense","O'Connell, Jaco","2","1","3","-/-","-","-/-","-","-","0-0","-/-","-","-","2","-","-","away",7952
2023,"La Verne University","defense","Wilde, Nick","2","1","3","-/-","-","-/-","-","-","0-0","-/-","-","-","-","-","-","away",7952
2023,"La Verne University","defense","Sablan, Xzavier","3","-","3","-/-","-","-/-","-","-","0-0","-/-","-","-","-","-","-","away",7952
2023,"La Verne University","defense","Burton, Tom","3","-","3","-/-","-","-/-","-","-","0-0","-/-","-","-","-","-","-","away",7952
2023,"La Verne University","defense","Costa, Elijah","2","-","2","-/-","-","-/-","-","-","0-0","-/-","-","-","-","-","-","away",7952
2023,"La Verne University","defense","Littlefield, Be","1","1","2","1.5/9","1.5","1.5/9","1.5","1","1-0","-/-","-","-","-","-","-","away",7952
2023,"La Verne University","defense","Nixon, Cooper","-","1","1","-/-","-","-/-","-","-","0-0","-/-","-","-","-","-","-","away",7952
2023,"La Verne University","defense","Reddinger, Addi","1","-","1","-/-","-","-/-","-","-","0-0","-/-","-","-","-","-","-","away",7952
2023,"La Verne University","defense","White, Kevin","1","-","1","-/-","-","-/-","-","-","0-0","-/-","-","-","-","-","-","away",7952
2023,"La Verne University","defense","Carfaro, Luke","1","-","1","-/-","-","-/-","-","-","0-0","-/-","-","-","1","-","-","away",7952
2023,"La Verne University","defense","MacEachron, Tho","-","1","1","-/-","-","-/-","-","-","0-0","-/-","-","-","-","-","-","away",7952
2023,"La Verne University","defense","Jorgensen, Kobe","1","-","1","1.0/1","1.0","-/-","-","-","0-0","-/-","-","-","-","-","-","away",7952
2023,"La Verne University","defense","Edwards, Justin","-","1","1","-/-","-","-/-","-","-","0-0","-/-","-","-","-","-","-","away",7952
2023,"La Verne University","defense","Kruger, George","1","-","1","-/-","-","-/-","-","-","0-0","-/-","-","-","-","-","-","away",7952
2023,"La Verne University","defense","Johnson, Grady","1","-","1","-/-","-","-/-","-","-","0-0","-/-","-","-","-","-","-","away",7952
2023,"La Verne University","defense","Prieto, Jake","-","1","1","0.5/4","0.5","0.5/4","0.5","-","0-0","-/-","-","-","-","-","-","away",7952
2023,"La Verne University","defense","Benzan, Enzo","1","-","1","-/-","-","-/-","-","-","0-0","-/-","-","-","-","-","-","away",7952
2023,"La Verne University","defense","Malley, Jason","1","-","1","1.0/3","1.0","1.0/3","1.0","-","0-0","-/-","-","-","-","-","-","away",7952
2023,"La Verne University","defense","Gangi-Saroukhan","1","-","1","-/-","-","-/-","-","-","0-0","-/-","-","-","-","-","-","away",7952
2023,"La Verne University","defense","Gerber, Evan","-","1","1","0.5/4","0.5","0.5/4","0.5","-","0-1","1/-","-","-","1","-","-","away",7952
2023,"La Verne University","defense","Cryan, Connor","-","-","-","-/-","-","-/-","-","-","0-0","-/-","-","-","-","1","-","away",7952
2023,"La Verne University","defense","Fernandez, Cesa","-","-","-","-/-","-","-/-","-","-","0-0","-/-","-","-","1","-","-","away",7952
2023,"Pomona-Pitzer","defense","Kirby Baynes","9","-","9","-/-","-","-/-","-","-","0-0","-/-","-","-","1","-","-","home",7950
2023,"Pomona-Pitzer","defense","Joey Asta","5","4","9","0.5/4","0.5","0.5/4","0.5","-","0-0","-/-","-","-","-","-","-","home",7950
2023,"Pomona-Pitzer","defense","Joe Posthauer","2","3","5","-/-","-","-/-","-","-","0-0","-/-","-","-","-","-","-","home",7950
2023,"Pomona-Pitzer","defense","Nick Wilde","3","2","5","-/-","-","-/-","-","-","0-0","-/-","-","-","2","-","-","home",7950
2023,"Pomona-Pitzer","defense","Michael Houk","1","4","5","1.5/6","1.5","1.5/6","1.5","-","0-0","-/-","-","-","1","-","-","home",7950
2023,"Pomona-Pitzer","defense","Emmett Thomas King I","2","3","5","-/-","-","-/-","-","-","0-0","-/-","-","-","-","-","-","home",7950
2023,"Pomona-Pitzer","defense","Kobey Jorgensen","3","1","4","-/-","-","-/-","-","-","0-0","-/-","-","-","-","-","-","home",7950
2023,"Pomona-Pitzer","defense","Caleb Chang","2","2","4","1.5/2","1.5","-/-","-","-","0-0","-/-","-","-","-","-","-","home",7950
2023,"Pomona-Pitzer","defense","Gabe Gangi-Saro","3","1","4","-/-","-","-/-","-","-","0-0","-/-","-","-","-","-","-","home",7950
2023,"Pomona-Pitzer","defense","Jacob O'Connell","3","-","3","-/-","-","-/-","-","-","0-0","-/-","1-79","1","-","-","-","home",7950
2023,"Pomona-Pitzer","defense","Benjamin Little","-","3","3","0.5/-","0.5","-/-","-","-","0-0","-/-","-","-","-","-","-","home",7950
2023,"Pomona-Pitzer","defense","Addison Redding","1","1","2","-/-","-","-/-","-","-","0-0","-/-","-","-","-","-","-","home",7950
2023,"Pomona-Pitzer","defense","Harry Zhou","-","2","2","-/-","-","-/-","-","-","0-0","-/-","-","-","-","-","-","home",7950
2023,"Pomona-Pitzer","defense","CJ Jackson","1","-","1","-/-","-","-/-","-","-","0-0","-/-","-","-","-","-","-","home",7950
2023,"Pomona-Pitzer","defense","Rich Brutto","1","-","1","-/-","-","-/-","-","-","0-0","-/-","-","-","-","-","-","home",7950
2023,"Pomona-Pitzer","defense","Anderson Cynkar","1","-","1","-/-","-","-/-","-","-","0-0","-/-","-","-","-","-","-","home",7950
2023,"Pomona-Pitzer","defense","Thanio Bright","1","-","1","-/-","-","-/-","-","-","0-0","-/-","1-35","1","-","-","-","home",7950
2023,"Pomona-Pitzer","defense","Tarius Hamlin","1","-","1","-/-","-","-/-","-","-","0-0","-/-","-","-","-","-","-","home",7950
2023,"Pomona-Pitzer","defense","Cesar Fernandez","-","-","-","-/-","-","-/-","-","-","0-0","-/-","1-0","1","-","-","-","home",7950
2023,"Pomona-Pitzer","defense","Thomas McConnel","4","9","13","0.5/1","0.5","-/-","-","-","0-0","-/-","1-21","1","1","-","-","away",7950
2023,"Pomona-Pitzer","defense","David Gorman","2","9","11","-/-","-","-/-","-","-","0-0","-/-","-","-","-","-","-","away",7950
2023,"Pomona-Pitzer","defense","Andy Butler","2","4","6","-/-","-","-/-","-","-","0-0","-/-","-","-","-","-","-","away",7950
2023,"Pomona-Pitzer","defense","Tanner Gomes","3","2","5","-/-","-","-/-","-","-","0-0","-/-","-","-","-","-","-","away",7950
2023,"Pomona-Pitzer","defense","Jake Sugawara","2","3","5","-/-","-","-/-","-","-","0-0","-/-","-","-","-","-","-","away",7950
2023,"Pomona-Pitzer","defense","George Cutting","1","4","5","-/-","-","-/-","-","-","0-0","-/-","-","-","1","-","-","away",7950
2023,"Pomona-Pitzer","defense","Kalani Pickett","1","3","4","-/-","-","-/-","-","-","0-0","-/-","-","-","1","-","-","away",7950
2023,"Pomona-Pitzer","defense","Thali Cobb","-","4","4","-/-","-","-/-","-","-","0-0","-/-","-","-","-","-","-","away",7950
2023,"Pomona-Pitzer","defense","Sean Maguire","-","3","3","-/-","-","-/-","-","-","0-0","-/-","-","-","-","-","-","away",7950
2023,"Pomona-Pitzer","defense","Joshua Yen","1","2","3","-/-","-","-/-","-","-","0-0","-/-","-","-","-","-","-","away",7950
2023,"Pomona-Pitzer","defense","Charlie Russo","1","2","3","1.0/1","1.0","-/-","-","-","0-0","-/-","-","-","4","-","-","away",7950
2023,"Pomona-Pitzer","defense","Eamon Glascott","2","1","3","1.0/8","1.0","1.0/8","1.0","-","0-0","-/-","-","-","-","-","-","away",7950
2023,"Pomona-Pitzer","defense","Nicholas Kaufma","1","2","3","-/-","-","-/-","-","-","0-0","-/-","-","-","-","-","-","away",7950
2023,"Pomona-Pitzer","defense","Ben Porter","1","1","2","-/-","-","-/-","-","-","0-0","-/-","-","-","-","-","-","away",7950
2023,"Pomona-Pitzer","defense","Ethan Norris","-","2","2","0.5/-","0.5","-/-","-","-","0-0","-/-","-","-","-","-","-","away",7950
2023,"Pomona-Pitzer","defense","Sathya Siddapur","-","2","2","-/-","-","-/-","-","-","0-0","-/-","-","-","-","-","-","away",7950
2023,"Pomona-Pitzer","defense","Gus Burns","1","-","1","1.0/11","1.0","-/-","-","-","0-0","-/-","-","-","-","-","-","away",7950
2023,"Pomona-Pitzer","defense","Bruce Burba","-","1","1","-/-","-","-/-","-","-","0-0","-/-","-","-","-","-","-","away",7950
2023,"Pomona-Pitzer","defense","Trevor Carson","-","1","1","-/-","-","-/-","-","-","0-0","-/-","-","-","-","-","-","away",7950
2023,"Pomona-Pitzer","defense","William Welch","1","-","1","-/-","-","-/-","-","-","0-0","-/-","-","-","-","-","-","away",7950
2023,"Pomona-Pitzer","defense","Daniel Drucker","-","1","1","-/-","-","-/-","-","-","0-0","-/-","-","-","-","-","-","away",7950
2023,"Pomona-Pitzer","defense","Omaru Konneh","-","1","1","-/-","-","-/-","-","-","0-0","-/-","-","-","-","-","-","away",7950
2023,"Pomona-Pitzer","defense","Max Eastman","-","1","1","-/-","-","-/-","-","-","0-0","-/-","-","-","-","-","-","away",7950
2023,"University of Chicago","defense","Cappellino,Aidan","8","2","10","2.5/7","2.5","-/-","-","-","0-0","-/-","-","-","-","-","-","home",7947
2023,"University of Chicago","defense","Skowronski,Will","7","1","8","-/-","-","-/-","-","-","0-0","-/-","-","-","-","-","-","home",7947
2023,"University of Chicago","defense","Minton,Josh","4","2","6","-/-","-","-/-","-","-","0-0","-/-","-","-","3","-","-","home",7947
2023,"University of Chicago","defense","Sakashita,Stirling","4","1","5","1.0/4","1.0","1.0/4","1.0","1","1-0","-/-","-","-","-","-","-","home",7947
2023,"University of Chicago","defense","Cardona,Carlos","2","2","4","0.5/1","0.5","-/-","-","-","0-0","-/-","-","-","2","-","-","home",7947
2023,"University of Chicago","defense","Rouse,Jim","4","-","4","-/-","-","-/-","-","-","0-0","-/-","-","-","-","-","-","home",7947
2023,"University of Chicago","defense","Meyer,Zach","1","2","3","-/-","-","-/-","-","-","0-0","-/-","-","-","-","-","-","home",7947
2023,"University of Chicago","defense","Weathers,Houston","1","1","2","-/-","-","-/-","-","-","0-0","-/-","-","-","-","-","-","home",7947
2023,"University of Chicago","defense","Shumard,Andrew","2","-","2","-/-","-","-/-","-","-","0-0","-/-","-","-","1","-","-","home",7947
2023,"University of Chicago","defense","Horowitz,Jake","1","1","2","-/-","-","-/-","-","-","0-0","-/-","-","-","-","-","-","home",7947
2023,"University of Chicago","defense","Partridge,Henry","2","-","2","-/-","-","-/-","-","-","0-0","-/-","-","-","-","-","-","home",7947
2023,"University of Chicago","defense","Marshall,Maceo","2","-","2","-/-","-","-/-","-","-","0-0","-/-","-","-","-","-","-","home",7947
2023,"University of Chicago","defense","Warden,Matthew","1","1","2","0.5/1","0.5","-/-","-","-","0-0","-/-","-","-","-","1","-","home",7947
2023,"University of Chicago","defense","Hassibi,Kourosh","1","1","2","-/-","-","-/-","-","-","0-1","1/-","-","-","-","-","-","home",7947
2023,"University of Chicago","defense","Jasper,Cameron","-","1","1","-/-","-","-/-","-","-","0-0","-/-","-","-","-","-","-","home",7947
2023,"University of Chicago","defense","Kelly,Seamus","1","-","1","-/-","-","-/-","-","-","0-0","-/-","-","-","-","-","-","home",7947
2023,"University of Chicago","defense","Arnholt,Adison","1","-","1","-/-","-","-/-","-","-","0-0","-/-","-","-","-","-","-","home",7947
2023,"University of Chicago","defense","Long,Arthur","-","1","1","0.5/1","0.5","-/-","-","-","0-0","-/-","-","-","-","-","-","home",7947
2023,"University of Chicago","defense","High,Madden","1","-","1","-/-","-","-/-","-","-","0-0","-/-","-","-","-","-","-","home",7947
2023,"University of Chicago","defense","Gorbatenko,Mark","1","-","1","1.0/1","1.0","-/-","-","-","0-0","-/-","-","-","-","-","-","home",7947
2023,"University of Chicago","defense","Degner,Luke","-","-","-","-/-","-","-/-","-","-","0-0","-/-","-","-","-","-","-","home",7947
2023,"University of Chicago","defense","Goodman,Will","-","-","-","-/-","-","-/-","-","-","0-0","-/-","-","-","-","-","-","home",7947
2023,"University of Chicago","defense","Bommarito-Logan,Rhys","-","-","-","-/-","-","-/-","-","-","0-0","-/-","-","-","-","-","-","home",7947
2023,"University of Chicago","defense","TEAM","-","-","-","-/-","-","-/-","-","-","0-0","-/-","-","-","-","-","-","home",7947
2023,"University of Chicago","defense","Costa,Elijah","6","-","6","4.0/7","4.0","-/-","-","-","0-0","-/-","-","-","-","-","-","away",7947
2023,"University of Chicago","defense","Baynes,Kirby","5","-","5","-/-","-","-/-","-","-","0-0","-/-","-","-","1","-","-","away",7947
2023,"University of Chicago","defense","O'Connell,Jacob","3","2","5","-/-","-","-/-","-","-","0-0","-/-","-","-","-","-","-","away",7947
2023,"University of Chicago","defense","Reddinger,Addison","3","2","5","-/-","-","-/-","-","-","0-0","-/-","-","-","-","-","-","away",7947
2023,"University of Chicago","defense","Cryan,Connor","4","-","4","-/-","-","-/-","-","-","0-0","-/-","-","-","1","-","-","away",7947
2023,"University of Chicago","defense","Posthauer,Joe","4","-","4","1.0/1","1.0","-/-","-","-","0-0","-/-","-","-","-","-","-","away",7947
2023,"University of Chicago","defense","Thomas King,Emmett","3","1","4","1.0/1","1.0","-/-","-","-","0-0","-/-","-","-","2","-","-","away",7947
2023,"University of Chicago","defense","Bright,Thanio","2","1","3","-/-","-","-/-","-","-","0-0","-/-","2-58","2","-","-","-","away",7947
2023,"University of Chicago","defense","Holden,Jack","2","-","2","-/-","-","-/-","-","-","0-0","-/-","-","-","-","-","-","away",7947
2023,"University of Chicago","defense","Andersen,Austin","2","-","2","-/-","-","-/-","-","-","0-0","-/-","-","-","-","-","-","away",7947
2023,"University of Chicago","defense","Asta,Joey","1","1","2","-/-","-","-/-","-","-","0-0","-/-","-","-","-","-","-","away",7947
2023,"University of Chicago","defense","Chang,Caleb","-","2","2","-/-","-","-/-","-","-","0-0","-/-","-","-","1","-","-","away",7947
2023,"University of Chicago","defense","Houk,Michael","2","-","2","2.0/2","2.0","-/-","-","-","0-0","-/-","-","-","-","-","1","away",7947
2023,"University of Chicago","defense","Jackson,CJ","1","-","1","-/-","-","-/-","-","-","0-0","-/-","-","-","-","-","-","away",7947
2023,"University of Chicago","defense","Jorgensen,Kobey","1","-","1","-/-","-","-/-","-","-","0-0","-/-","-","-","-","-","-","away",7947
2023,"University of Chicago","defense","Kang,Chris","1","-","1","-/-","-","-/-","-","-","0-0","-/-","-","-","-","-","-","away",7947
2023,"University of Chicago","defense","Kruger,George","-","1","1","-/-","-","-/-","-","-","0-0","-/-","-","-","-","-","-","away",7947
2023,"University of Chicago","defense","Lau,Andrew","1","-","1","-/-","-","-/-","-","-","0-0","-/-","-","-","-","-","-","away",7947
2023,"University of Chicago","defense","Littlefield,Benjamin","-","1","1","-/-","-","-/-","-","-","0-0","-/-","-","-","-","-","-","away",7947
2023,"University of Chicago","defense","Gangi-Saroukhanioff,Gabe","-","1","1","-/-","-","-/-","-","-","0-0","-/-","-","-","-","-","-","away",7947
2023,"University of Chicago","defense","Kuhlenkamp,Walter","-","-","-","-/-","-","-/-","-","-","0-0","-/-","-","-","-","-","-","away",7947
2023,"University of Chicago","defense","Brutto,Rich","-","-","-","-/-","-","-/-","-","-","0-0","-/-","-","-","-","-","-","away",7947
2023,"University of Chicago","defense","Cynkar,Anderson","-","-","-","-/-","-","-/-","-","-","0-0","-/-","-","-","-","-","-","away",7947
2023,"University of Chicago","defense","Edwards,Justin","-","-","-","-/-","-","-/-","-","-","0-0","-/-","-","-","-","-","-","away",7947
2023,"University of Chicago","defense","Gerber,Evan","-","-","-","-/-","-","-/-","-","-","0-0","-/-","-","-","1","-","-","away",7947
2023,"University of Redlands","defense","Emmett Thomas K","2","6","8","-/-","-","-/-","-","-","0-0","-/-","-","-","-","-","2","home",7953
2023,"University of Redlands","defense","Thanio Bright","3","4","7","-/-","-","-/-","-","-","0-0","-/-","-","-","2","-","-","home",7953
2023,"University of Redlands","defense","Joey Asta","5","1","6","1.0/2","1.0","1.0/2","1.0","-","0-0","-/-","-","-","-","-","-","home",7953
2023,"University of Redlands","defense","Joe Posthauer","4","1","5","-/-","-","-/-","-","-","0-0","-/-","-","-","1","-","-","home",7953
2023,"University of Redlands","defense","Kirby Baynes","2","1","3","-/-","-","-/-","-","-","0-0","-/-","-","-","-","-","-","home",7953
2023,"University of Redlands","defense","Jacob O'Connell","2","1","3","-/-","-","-/-","-","-","0-0","-/-","1-38","1","2","-","-","home",7953
2023,"University of Redlands","defense","Addison Redding","2","1","3","-/-","-","-/-","-","-","0-0","-/-","-","-","-","-","-","home",7953
2023,"University of Redlands","defense","Thomas MacEachr","3","-","3","1.0/5","1.0","1.0/5","1.0","-","0-0","-/-","-","-","-","-","-","home",7953
2023,"University of Redlands","defense","Kobey Jorgensen","1","2","3","-/-","-","-/-","-","-","0-0","-/-","-","-","-","-","-","home",7953
2023,"University of Redlands","defense","Gabe Gangi-Saro","1","2","3","-/-","-","-/-","-","-","0-0","-/-","-","-","-","-","-","home",7953
2023,"University of Redlands","defense","Jack Holden","1","1","2","-/-","-","-/-","-","-","0-0","-/-","-","-","-","-","-","home",7953
2023,"University of Redlands","defense","Nick Wilde","-","2","2","-/-","-","-/-","-","-","0-0","-/-","-","-","1","-","-","home",7953
2023,"University of Redlands","defense","Elijah Costa","2","-","2","-/-","-","-/-","-","-","0-0","-/-","-","-","-","-","-","home",7953
2023,"University of Redlands","defense","Caleb Chang","-","2","2","-/-","-","-/-","-","-","0-0","-/-","-","-","-","-","-","home",7953
2023,"University of Redlands","defense","Michael Houk","1","1","2","-/-","-","-/-","-","-","0-0","-/-","-","-","1","-","1","home",7953
2023,"University of Redlands","defense","CJ Jackson","1","-","1","-/-","-","-/-","-","-","0-0","-/-","-","-","-","-","-","home",7953
2023,"University of Redlands","defense","Rich Brutto","-","1","1","-/-","-","-/-","-","-","0-0","-/-","-","-","-","-","-","home",7953
2023,"University of Redlands","defense","Calvin Miller","1","-","1","-/-","-","-/-","-","-","0-0","-/-","-","-","-","-","-","home",7953
2023,"University of Redlands","defense","Luke Carfaro","1","-","1","-/-","-","-/-","-","-","0-0","-/-","-","-","-","-","-","home",7953
2023,"University of Redlands","defense","George Kruger","-","1","1","-/-","-","-/-","-","-","0-0","-/-","-","-","-","-","-","home",7953
2023,"University of Redlands","defense","Grady Johnson","-","1","1","-/-","-","-/-","-","-","0-0","-/-","-","-","-","-","-","home",7953
2023,"University of Redlands","defense","Benjamin Little","-","1","1","-/-","-","-/-","-","-","0-0","-/-","-","-","-","-","-","home",7953
2023,"University of Redlands","defense","Evan Gerber","-","1","1","-/-","-","-/-","-","-","0-0","-/-","-","-","-","-","-","home",7953
2023,"University of Redlands","defense","Jacob Sega","5","8","13","0.5/-","0.5","-/-","-","-","0-0","-/-","-","-","1","-","-","away",7953
2023,"University of Redlands","defense","Scott Tinsley","5","4","9","-/-","-","-/-","-","-","0-0","-/-","-","-","-","-","-","away",7953
2023,"University of Redlands","defense","Luke Purcella","-","8","8","0.5/1","0.5","-/-","-","-","0-0","-/-","-","-","-","-","-","away",7953
2023,"University of Redlands","defense","Dre Owens","5","2","7","1.0/3","1.0","-/-","-","-","0-0","-/-","-","-","1","-","-","away",7953
2023,"University of Redlands","defense","Laurence Willia","4","1","5","-/-","-","-/-","-","-","0-0","-/-","-","-","-","-","-","away",7953
2023,"University of Redlands","defense","Jaeden Thorn","1","4","5","-/-","-","-/-","-","-","0-0","-/-","-","-","-","-","-","away",7953
2023,"University of Redlands","defense","Elijah Valles","3","1","4","-/-","-","-/-","-","-","0-0","-/-","-","-","1","-","-","away",7953
2023,"University of Redlands","defense","Mikey Duran IV","2","2","4","-/-","-","-/-","-","-","0-0","-/-","-","-","-","-","-","away",7953
2023,"University of Redlands","defense","Jax Lee","-","4","4","-/-","-","-/-","-","-","0-0","-/-","-","-","-","-","-","away",7953
2023,"University of Redlands","defense","Maximus Susi","2","1","3","-/-","-","-/-","-","-","0-0","-/-","-","-","-","-","-","away",7953
2023,"University of Redlands","defense","Kamdin Karmann","-","3","3","-/-","-","-/-","-","-","0-0","-/-","-","-","-","-","-","away",7953
2023,"University of Redlands","defense","Cole Smith","1","1","2","-/-","-","-/-","-","-","0-0","-/-","1-0","1","1","-","-","away",7953
2023,"University of Redlands","defense","Kailob Haag","1","-","1","-/-","-","-/-","-","-","0-0","-/-","-","-","-","-","-","away",7953
2023,"University of Redlands","defense","Jack Wilson","1","-","1","-/-","-","-/-","-","-","0-0","-/-","-","-","-","-","-","away",7953
2023,"University of Redlands","defense","Kaleb Gibbs","-","1","1","-/-","-","-/-","-","-","0-0","-/-","-","-","-","-","-","away",7953
2023,"University of Redlands","defense","Dre Owens","4","5","9","-/-","-","-/-","-","-","0-0","-/-","-","-","-","-","-","home",7956
2023,"University of Redlands","defense","Luke Purcella","6","2","8","-/-","-","-/-","-","-","0-0","-/-","-","-","-","-","-","home",7956
2023,"University of Redlands","defense","Matthew Lising","2","4","6","-/-","-","-/-","-","-","0-0","-/-","-","-","-","-","-","home",7956
2023,"University of Redlands","defense","Jacob Sega","1","5","6","-/-","-","-/-","-","-","0-0","-/-","-","-","-","-","-","home",7956
2023,"University of Redlands","defense","Kamdin Karmann","3","3","6","-/-","-","-/-","-","-","0-0","-/-","-","-","-","-","-","home",7956
2023,"University of Redlands","defense","Scott Tinsley","3","1","4","-/-","-","-/-","-","-","0-0","-/-","1-0","1","1","-","-","home",7956
2023,"University of Redlands","defense","Jae Thorn","2","2","4","-/-","-","-/-","-","-","0-0","-/-","-","-","-","-","-","home",7956
2023,"University of Redlands","defense","Laure Williams","1","2","3","-/-","-","-/-","-","-","0-0","-/-","-","-","-","-","-","home",7956
2023,"University of Redlands","defense","Mario Jacobs","2","-","2","-/-","-","-/-","-","-","0-0","-/-","-","-","-","-","-","home",7956
2023,"University of Redlands","defense","Carte Thompson","1","1","2","-/-","-","-/-","-","-","0-0","-/-","-","-","-","-","-","home",7956
2023,"University of Redlands","defense","Mikey Duran IV","1","1","2","-/-","-","-/-","-","-","0-0","-/-","-","-","-","-","-","home",7956
2023,"University of Redlands","defense","Jax Lee","1","1","2","1.0/9","1.0","1.0/9","1.0","-","0-0","-/-","-","-","-","-","-","home",7956
2023,"University of Redlands","defense","Elijah Valles","1","-","1","-/-","-","-/-","-","-","0-0","-/-","1-0","1","-","-","-","home",7956
2023,"University of Redlands","defense","Devean James","-","1","1","-/-","-","-/-","-","-","0-0","-/-","-","-","-","-","-","home",7956
2023,"University of Redlands","defense","Kailob Haag","-","1","1","-/-","-","-/-","-","-","0-0","-/-","-","-","-","-","-","home",7956
2023,"University of Redlands","defense","Kyle Freitas","1","-","1","-/-","-","-/-","-","-","0-0","-/-","-","-","-","-","-","home",7956
2023,"University of Redlands","defense","Aaron Muniz","1","-","1","-/-","-","-/-","-","-","0-0","-/-","-","-","-","-","-","home",7956
2023,"University of Redlands","defense","Kurtez Kimble","1","-","1","-/-","-","-/-","-","-","0-0","-/-","-","-","-","-","-","home",7956
2023,"University of Redlands","defense","B Lingaolingao","-","1","1","-/-","-","-/-","-","-","0-0","-/-","-","-","-","-","-","home",7956
2023,"University of Redlands","defense","Graig Padgett","1","-","1","-/-","-","-/-","-","-","0-0","-/-","-","-","-","-","-","home",7956
2023,"University of Redlands","defense","Gabe Gangi-Saro","5","4","9","-/-","-","-/-","-","-","0-0","-/-","-","-","-","-","-","away",7956
2023,"University of Redlands","defense","Kirby Baynes","6","1","7","0.5/2","0.5","-/-","-","-","0-0","-/-","-","-","1","-","-","away",7956
2023,"University of Redlands","defense","Jack Holden","6","-","6","-/-","-","-/-","-","-","0-0","-/-","-","-","1","-","-","away",7956
2023,"University of Redlands","defense","Joe Posthauer","3","2","5","1.0/1","1.0","-/-","-","-","0-0","-/-","-","-","-","-","-","away",7956
2023,"University of Redlands","defense","Joey Asta","4","1","5","2.5/3","2.5","-/-","-","-","0-0","-/-","-","-","-","-","2","away",7956
2023,"University of Redlands","defense","Kobey Jorgensen","3","1","4","1.0/5","1.0","1.0/5","1.0","-","0-0","-/-","-","-","-","-","1","away",7956
2023,"University of Redlands","defense","Michael Houk","3","1","4","2.0/13","2.0","2.0/13","2.0","-","0-0","-/-","-","-","-","-","-","away",7956
2023,"University of Redlands","defense","George Kruger","2","1","3","-/-","-","-/-","-","-","0-0","-/-","-","-","-","1","-","away",7956
2023,"University of Redlands","defense","Benjamin Little","3","-","3","-/-","-","-/-","-","-","0-0","-/-","-","-","-","-","1","away",7956
2023,"University of Redlands","defense","Addison Redding","2","-","2","-/-","-","-/-","-","-","0-0","-/-","-","-","-","-","2","away",7956
2023,"University of Redlands","defense","Connor Cryan","-","1","1","-/-","-","-/-","-","-","0-0","-/-","-","-","-","-","-","away",7956
2023,"University of Redlands","defense","Jacob O'Connell","1","-","1","-/-","-","-/-","-","-","0-0","-/-","1-72","1","-","-","-","away",7956
2023,"University of Redlands","defense","Luke Carfaro","1","-","1","-/-","-","-/-","-","-","0-0","-/-","-","-","-","-","-","away",7956
2023,"University of Redlands","defense","Thomas MacEachr","1","-","1","-/-","-","-/-","-","-","0-0","-/-","-","-","-","-","-","away",7956
2023,"University of Redlands","defense","Tarius Hamlin","1","-","1","-/-","-","-/-","-","-","0-0","-/-","-","-","-","-","-","away",7956
2023,"University of Redlands","defense","Caleb Chang","1","-","1","-/-","-","-/-","-","-","0-0","-/-","-","-","-","-","-","away",7956
2024,"Cal Lutheran","defense","Frey,Jake","5","4","9","-/-","-","-/-","-","-","0-0","-/-","-","-","1","-","-","home",8602
2024,"Cal Lutheran","defense","Serrano,Diego","4","2","6","1.0/2","1.0","1.0/2","1.0","-","0-0","-/-","-","-","-","-","-","home",8602
2024,"Cal Lutheran","defense","Orta,Arthur","2","3","5","-/-","-","-/-","-","-","0-0","-/-","-","-","-","-","-","home",8602
2024,"Cal Lutheran","defense","Goosby,Devon","4","1","5","3.0/10","3.0","1.0/1","1.0","-","0-0","-/-","-","-","-","-","1","home",8602
2024,"Cal Lutheran","defense","Townsend,AJ","2","2","4","-/-","-","-/-","-","-","0-0","-/-","-","-","2","-","-","home",8602
2024,"Cal Lutheran","defense","White,Jackson","2","2","4","-/-","-","-/-","-","-","0-0","-/-","-","-","-","-","-","home",8602
2024,"Cal Lutheran","defense","Hall,Hunter","1","3","4","1.0/-","1.0","1.0/-","1.0","-","0-0","-/-","-","-","-","-","1","home",8602
2024,"Cal Lutheran","defense","Gallego,Anthony","1","2","3","1.0/2","1.0","-/-","-","-","0-0","-/-","-","-","-","-","-","home",8602
2024,"Cal Lutheran","defense","Scanlan,Kilo","-","3","3","-/-","-","-/-","-","-","0-0","-/-","-","-","-","-","1","home",8602
2024,"Cal Lutheran","defense","Ellis IV,Agenhart","1","1","2","-/-","-","-/-","-","-","0-0","-/-","-","-","1","-","-","home",8602
2024,"Cal Lutheran","defense","Hurley,Blake","-","2","2","-/-","-","-/-","-","-","0-0","-/-","-","-","-","-","-","home",8602
2024,"Cal Lutheran","defense","Christopher,Joshua","1","1","2","-/-","-","-/-","-","-","0-0","-/-","-","-","1","-","-","home",8602
2024,"Cal Lutheran","defense","Mills,Troy","1","1","2","-/-","-","-/-","-","-","0-0","-/-","-","-","-","-","-","home",8602
2024,"Cal Lutheran","defense","Keller,Matthew","1","1","2","-/-","-","-/-","-","-","0-0","-/-","-","-","-","-","-","home",8602
2024,"Cal Lutheran","defense","Thompson,Desmond","1","-","1","-/-","-","-/-","-","-","0-0","-/-","-","-","-","-","-","home",8602
2024,"Cal Lutheran","defense","Moore,John","1","-","1","1.0/2","1.0","-/-","-","-","0-0","-/-","-","-","1","-","-","home",8602
2024,"Cal Lutheran","defense","Dvortcsak,Eli","1","-","1","-/-","-","-/-","-","-","0-0","-/-","-","-","-","-","-","home",8602
2024,"Cal Lutheran","defense","Greenan,Gannon","-","1","1","-/-","-","-/-","-","-","0-0","-/-","-","-","-","-","-","home",8602
2024,"Cal Lutheran","defense","Juarez,Max","1","-","1","1.0/7","1.0","1.0/7","1.0","-","0-0","-/-","-","-","-","-","-","home",8602
2024,"Cal Lutheran","defense","Diaz,DJ","-","1","1","-/-","-","-/-","-","-","0-0","-/-","-","-","-","-","-","home",8602
2024,"Cal Lutheran","defense","Burgos,Daniel","-","-","-","-/-","-","-/-","-","-","0-0","-/-","-","-","-","-","-","home",8602
2024,"Cal Lutheran","defense","Cadam,Cade","-","-","-","-/-","-","-/-","-","-","0-0","-/-","-","-","-","-","-","home",8602
2024,"Cal Lutheran","defense","Kruger,George","4","2","6","1.0/3","1.0","-/-","-","-","0-0","-/-","-","-","-","-","-","away",8602
2024,"Cal Lutheran","defense","Johnson,Grady","4","2","6","1.0/7","1.0","1.0/7","1.0","-","0-0","-/-","-","-","-","-","-","away",8602
2024,"Cal Lutheran","defense","Carrasquillo,Andrew","4","1","5","-/-","-","-/-","-","-","0-0","-/-","-","-","-","-","-","away",8602
2024,"Cal Lutheran","defense","Baynes,Kirby","2","2","4","-/-","-","-/-","-","-","0-0","-/-","-","-","-","-","-","away",8602
2024,"Cal Lutheran","defense","Reddinger,Addison","4","-","4","-/-","-","-/-","-","-","0-0","-/-","-","-","-","-","-","away",8602
2024,"Cal Lutheran","defense","Chang,Caleb","2","2","4","-/-","-","-/-","-","-","0-0","-/-","-","-","-","-","-","away",8602
2024,"Cal Lutheran","defense","Houk,Michael","3","1","4","2.0/6","2.0","-/-","-","-","0-0","-/-","-","-","1","1","-","away",8602
2024,"Cal Lutheran","defense","Bright,Thanio","3","-","3","-/-","-","-/-","-","1","1-0","-/-","1-7","1","1","-","-","away",8602
2024,"Cal Lutheran","defense","Wilde,Nick","2","-","2","-/-","-","-/-","-","-","0-0","-/-","-","-","-","-","-","away",8602
2024,"Cal Lutheran","defense","Zhou,Harry","2","-","2","2.0/16","2.0","2.0/16","2.0","-","0-0","-/-","-","-","-","-","-","away",8602
2024,"Cal Lutheran","defense","Navarro,Carson","2","-","2","-/-","-","-/-","-","-","0-0","-/-","-","-","-","1","-","away",8602
2024,"Cal Lutheran","defense","White,Kevin","2","-","2","-/-","-","-/-","-","-","0-0","-/-","-","-","1","-","-","away",8602
2024,"Cal Lutheran","defense","Skaff,George","1","1","2","-/-","-","-/-","-","-","0-0","-/-","-","-","-","-","-","away",8602
2024,"Cal Lutheran","defense","Fernandez,Cesar","1","-","1","-/-","-","-/-","-","-","0-0","-/-","-","-","-","-","-","away",8602
2024,"Cal Lutheran","defense","Andersen,Austin","1","-","1","-/-","-","-/-","-","-","0-0","-/-","-","-","-","-","-","away",8602
2024,"Cal Lutheran","defense","Davis,Jack","1","-","1","-/-","-","-/-","-","-","0-0","-/-","-","-","-","-","-","away",8602
2024,"Cal Lutheran","defense","Miller,Calvin","1","-","1","1.0/5","1.0","1.0/5","1.0","-","0-0","-/-","-","-","-","-","-","away",8602
2024,"Cal Lutheran","defense","Cioe,Chase","-","1","1","-/-","-","-/-","-","-","0-0","-/-","-","-","3","-","-","away",8602
2024,"Cal Lutheran","defense","Costa,Elijah","1","-","1","-/-","-","-/-","-","-","0-0","-/-","-","-","-","-","-","away",8602
2024,"Cal Lutheran","defense","Macapulay,Noah","1","-","1","-/-","-","-/-","-","-","0-0","-/-","-","-","-","-","-","away",8602
2024,"Cal Lutheran","defense","Asta,Joey","-","1","1","-/-","-","-/-","-","-","0-0","-/-","-","-","1","-","-","away",8602
2024,"Cal Lutheran","defense","Hamlin,Tarius","1","-","1","1.0/7","1.0","1.0/7","1.0","-","0-0","-/-","-","-","-","-","-","away",8602
2024,"Cal Lutheran","defense","Littlefield,Benjamin","-","1","1","-/-","-","-/-","-","-","0-0","-/-","-","-","-","-","1","away",8602
2024,"Cal Lutheran","defense","Malley,Jason","1","-","1","-/-","-","-/-","-","-","0-0","-/-","-","-","-","-","-","away",8602
2024,"Cal Lutheran","defense","Gerber,Evan","1","-","1","1.0/6","1.0","1.0/6","1.0","-","0-0","-/-","-","-","-","-","-","away",8602
2024,"Cal Lutheran","defense","Gangi-Saroukhanioff,Gabe","1","-","1","-/-","-","-/-","-","-","0-0","-/-","-","-","-","-","-","away",8602
2024,"Cal Lutheran","defense","Cotton,Mason","-","-","-","-/-","-","-/-","-","-","0-0","-/-","-","-","-","-","-","away",8602
2024,"Cal Lutheran","defense","Boehm,Peter","-","-","-","-/-","-","-/-","-","-","0-0","-/-","-","-","-","-","-","away",8602
2024,"Cal Lutheran","defense","Brutto,Rich","-","-","-","-/-","-","-/-","-","-","0-0","-/-","-","-","-","-","-","away",8602
2024,"Cal Lutheran","defense","O'Connell,Jacob","-","-","-","-/-","-","-/-","-","-","0-1","1/15","-","-","-","-","-","away",8602
2024,"Cal Lutheran","defense","Edwards,Justin","-","-","-","-/-","-","-/-","-","-","0-0","-/-","-","-","-","-","-","away",8602
2024,"Cal Lutheran","defense","Burton,Tom","-","-","-","-/-","-","-/-","-","-","0-0","-/-","-","-","-","-","1","away",8602
2024,"Cal Lutheran","defense","Joey Asta","2","5","7","2.5/4","2.5","2.0/4","2.0","-","0-1","1/-","-","-","-","-","-","home",8608
2024,"Cal Lutheran","defense","Thanio Bright","4","3","7","1.0/1","1.0","-/-","-","-","0-0","-/-","1-0","1","-","-","-","home",8608
2024,"Cal Lutheran","defense","Gabe Gangi-Saro","3","4","7","-/-","-","-/-","-","-","0-0","-/-","-","-","-","-","-","home",8608
2024,"Cal Lutheran","defense","Kirby Baynes","5","1","6","-/-","-","-/-","-","-","0-0","-/-","-","-","2","-","-","home",8608
2024,"Cal Lutheran","defense","Kevin White","3","1","4","-/-","-","-/-","-","-","0-0","-/-","1-0","1","2","-","-","home",8608
2024,"Cal Lutheran","defense","George Skaff","1","3","4","0.5/3","0.5","-/-","-","-","0-0","-/-","-","-","-","-","-","home",8608
2024,"Cal Lutheran","defense","George Kruger","3","1","4","1.0/4","1.0","1.0/4","1.0","-","0-0","-/-","-","-","-","-","-","home",8608
2024,"Cal Lutheran","defense","Austin Andersen","2","1","3","0.5/2","0.5","-/-","-","-","0-0","-/-","-","-","-","-","-","home",8608
2024,"Cal Lutheran","defense","Andrew Carrasqu","3","-","3","-/-","-","-/-","-","-","0-0","-/-","-","-","3","-","-","home",8608
2024,"Cal Lutheran","defense","Michael Houk","3","-","3","1.0/1","1.0","-/-","-","-","0-0","-/-","-","-","-","-","-","home",8608
2024,"Cal Lutheran","defense","Jacob O'Connell","2","-","2","-/-","-","-/-","-","-","0-0","-/-","-","-","1","-","-","home",8608
2024,"Cal Lutheran","defense","Andrew Lau","1","1","2","-/-","-","-/-","-","-","0-0","-/-","-","-","-","-","-","home",8608
2024,"Cal Lutheran","defense","Benjamin Little","-","2","2","0.5/1","0.5","-/-","-","-","0-0","-/-","-","-","-","-","-","home",8608
2024,"Cal Lutheran","defense","Harry Zhou","-","1","1","-/-","-","-/-","-","-","0-0","-/-","-","-","-","-","-","home",8608
2024,"Cal Lutheran","defense","Carson Navarro","1","-","1","-/-","-","-/-","-","-","0-0","-/-","-","-","-","-","-","home",8608
2024,"Cal Lutheran","defense","Addison Redding","1","-","1","-/-","-","-/-","-","-","0-0","-/-","-","-","-","-","-","home",8608
2024,"Cal Lutheran","defense","Jake Son","-","1","1","-/-","-","-/-","-","-","0-0","-/-","-","-","-","-","-","home",8608
2024,"Cal Lutheran","defense","Grady Johnson","-","1","1","-/-","-","-/-","-","-","0-0","-/-","-","-","1","-","-","home",8608
2024,"Cal Lutheran","defense","Zeke Vallez","1","-","1","-/-","-","-/-","-","-","0-0","-/-","-","-","-","-","-","home",8608
2024,"Cal Lutheran","defense","Evan Gerber","-","1","1","-/-","-","-/-","-","-","0-0","-/-","-","-","-","-","-","home",8608
2024,"Cal Lutheran","defense","Arthur Orta","2","7","9","-/-","-","-/-","-","-","0-0","-/-","-","-","-","-","-","away",8608
2024,"Cal Lutheran","defense","Agenhart Ellis","5","4","9","-/-","-","-/-","-","-","0-0","-/-","-","-","3","-","-","away",8608
2024,"Cal Lutheran","defense","Diego Serrano","2","6","8","0.5/3","0.5","-/-","-","-","0-0","-/-","-","-","-","-","-","away",8608
2024,"Cal Lutheran","defense","Joshua Christop","3","5","8","-/-","-","-/-","-","-","0-0","-/-","-","-","1","-","-","away",8608
2024,"Cal Lutheran","defense","Blake Hurley","1","5","6","-/-","-","-/-","-","-","0-0","-/-","-","-","-","-","-","away",8608
2024,"Cal Lutheran","defense","AJ Townsend","4","2","6","-/-","-","-/-","-","-","0-0","-/-","-","-","-","-","-","away",8608
2024,"Cal Lutheran","defense","Hunter Hall","2","4","6","1.0/7","1.0","1.0/7","1.0","-","0-0","-/-","-","-","-","-","-","away",8608
2024,"Cal Lutheran","defense","Jackson White","4","1","5","1.0/12","1.0","1.0/12","1.0","-","0-0","-/-","-","-","-","-","-","away",8608
2024,"Cal Lutheran","defense","Jake Frey","2","3","5","-/-","-","-/-","-","-","0-0","-/-","1-0","1","-","-","-","away",8608
2024,"Cal Lutheran","defense","Max Juarez","4","1","5","-/-","-","-/-","-","-","0-0","-/-","-","-","-","-","-","away",8608
2024,"Cal Lutheran","defense","Devon Goosby","2","-","2","-/-","-","-/-","-","-","0-0","-/-","-","-","-","-","-","away",8608
2024,"Cal Lutheran","defense","Jayden Monick","1","-","1","-/-","-","-/-","-","-","0-0","-/-","-","-","-","-","-","away",8608
2024,"Cal Lutheran","defense","Gannon Greenan","-","1","1","-/-","-","-/-","-","-","0-0","-/-","-","-","-","-","-","away",8608
2024,"Cal Lutheran","defense","Chad Ortega","1","-","1","-/-","-","-/-","-","-","0-0","-/-","-","-","-","-","-","away",8608
2024,"Cal Lutheran","defense","Kehven Portillo","1","-","1","-/-","-","-/-","-","-","0-0","-/-","-","-","-","-","-","away",8608
2024,"Cal Lutheran","defense","Eli Dvortcsak","1","-","1","-/-","-","-/-","-","-","0-0","-/-","-","-","-","-","-","away",8608
2024,"Cal Lutheran","defense","Anthony Gallego","-","1","1","0.5/3","0.5","-/-","-","-","0-0","-/-","-","-","-","-","-","away",8608
2024,"Cal Lutheran","defense","Michael Langfor","1","-","1","-/-","-","-/-","-","-","0-0","-/-","-","-","-","-","-","away",8608
2024,"Cal Lutheran","defense","Matthew Keller","1","-","1","-/-","-","-/-","-","-","0-0","-/-","-","-","-","-","-","away",8608
2024,"Cal Lutheran University","defense","Frey,Jake","5","4","9","-/-","-","-/-","-","-","0-0","-/-","-","-","1","-","-","home",8602
2024,"Cal Lutheran University","defense","Serrano,Diego","4","2","6","1.0/2","1.0","1.0/2","1.0","-","0-0","-/-","-","-","-","-","-","home",8602
2024,"Cal Lutheran University","defense","Orta,Arthur","2","3","5","-/-","-","-/-","-","-","0-0","-/-","-","-","-","-","-","home",8602
2024,"Cal Lutheran University","defense","Goosby,Devon","4","1","5","3.0/10","3.0","1.0/1","1.0","-","0-0","-/-","-","-","-","-","1","home",8602
2024,"Cal Lutheran University","defense","Townsend,AJ","2","2","4","-/-","-","-/-","-","-","0-0","-/-","-","-","2","-","-","home",8602
2024,"Cal Lutheran University","defense","White,Jackson","2","2","4","-/-","-","-/-","-","-","0-0","-/-","-","-","-","-","-","home",8602
2024,"Cal Lutheran University","defense","Hall,Hunter","1","3","4","1.0/-","1.0","1.0/-","1.0","-","0-0","-/-","-","-","-","-","1","home",8602
2024,"Cal Lutheran University","defense","Gallego,Anthony","1","2","3","1.0/2","1.0","-/-","-","-","0-0","-/-","-","-","-","-","-","home",8602
2024,"Cal Lutheran University","defense","Scanlan,Kilo","-","3","3","-/-","-","-/-","-","-","0-0","-/-","-","-","-","-","1","home",8602
2024,"Cal Lutheran University","defense","Ellis IV,Agenhart","1","1","2","-/-","-","-/-","-","-","0-0","-/-","-","-","1","-","-","home",8602
2024,"Cal Lutheran University","defense","Hurley,Blake","-","2","2","-/-","-","-/-","-","-","0-0","-/-","-","-","-","-","-","home",8602
2024,"Cal Lutheran University","defense","Christopher,Joshua","1","1","2","-/-","-","-/-","-","-","0-0","-/-","-","-","1","-","-","home",8602
2024,"Cal Lutheran University","defense","Mills,Troy","1","1","2","-/-","-","-/-","-","-","0-0","-/-","-","-","-","-","-","home",8602
2024,"Cal Lutheran University","defense","Keller,Matthew","1","1","2","-/-","-","-/-","-","-","0-0","-/-","-","-","-","-","-","home",8602
2024,"Cal Lutheran University","defense","Thompson,Desmond","1","-","1","-/-","-","-/-","-","-","0-0","-/-","-","-","-","-","-","home",8602
2024,"Cal Lutheran University","defense","Moore,John","1","-","1","1.0/2","1.0","-/-","-","-","0-0","-/-","-","-","1","-","-","home",8602
2024,"Cal Lutheran University","defense","Dvortcsak,Eli","1","-","1","-/-","-","-/-","-","-","0-0","-/-","-","-","-","-","-","home",8602
2024,"Cal Lutheran University","defense","Greenan,Gannon","-","1","1","-/-","-","-/-","-","-","0-0","-/-","-","-","-","-","-","home",8602
2024,"Cal Lutheran University","defense","Juarez,Max","1","-","1","1.0/7","1.0","1.0/7","1.0","-","0-0","-/-","-","-","-","-","-","home",8602
2024,"Cal Lutheran University","defense","Diaz,DJ","-","1","1","-/-","-","-/-","-","-","0-0","-/-","-","-","-","-","-","home",8602
2024,"Cal Lutheran University","defense","Burgos,Daniel","-","-","-","-/-","-","-/-","-","-","0-0","-/-","-","-","-","-","-","home",8602
2024,"Cal Lutheran University","defense","Cadam,Cade","-","-","-","-/-","-","-/-","-","-","0-0","-/-","-","-","-","-","-","home",8602
2024,"Cal Lutheran University","defense","Kruger,George","4","2","6","1.0/3","1.0","-/-","-","-","0-0","-/-","-","-","-","-","-","away",8602
2024,"Cal Lutheran University","defense","Johnson,Grady","4","2","6","1.0/7","1.0","1.0/7","1.0","-","0-0","-/-","-","-","-","-","-","away",8602
2024,"Cal Lutheran University","defense","Carrasquillo,Andrew","4","1","5","-/-","-","-/-","-","-","0-0","-/-","-","-","-","-","-","away",8602
2024,"Cal Lutheran University","defense","Baynes,Kirby","2","2","4","-/-","-","-/-","-","-","0-0","-/-","-","-","-","-","-","away",8602
2024,"Cal Lutheran University","defense","Reddinger,Addison","4","-","4","-/-","-","-/-","-","-","0-0","-/-","-","-","-","-","-","away",8602
2024,"Cal Lutheran University","defense","Chang,Caleb","2","2","4","-/-","-","-/-","-","-","0-0","-/-","-","-","-","-","-","away",8602
2024,"Cal Lutheran University","defense","Houk,Michael","3","1","4","2.0/6","2.0","-/-","-","-","0-0","-/-","-","-","1","1","-","away",8602
2024,"Cal Lutheran University","defense","Bright,Thanio","3","-","3","-/-","-","-/-","-","1","1-0","-/-","1-7","1","1","-","-","away",8602
2024,"Cal Lutheran University","defense","Wilde,Nick","2","-","2","-/-","-","-/-","-","-","0-0","-/-","-","-","-","-","-","away",8602
2024,"Cal Lutheran University","defense","Zhou,Harry","2","-","2","2.0/16","2.0","2.0/16","2.0","-","0-0","-/-","-","-","-","-","-","away",8602
2024,"Cal Lutheran University","defense","Navarro,Carson","2","-","2","-/-","-","-/-","-","-","0-0","-/-","-","-","-","1","-","away",8602
2024,"Cal Lutheran University","defense","White,Kevin","2","-","2","-/-","-","-/-","-","-","0-0","-/-","-","-","1","-","-","away",8602
2024,"Cal Lutheran University","defense","Skaff,George","1","1","2","-/-","-","-/-","-","-","0-0","-/-","-","-","-","-","-","away",8602
2024,"Cal Lutheran University","defense","Fernandez,Cesar","1","-","1","-/-","-","-/-","-","-","0-0","-/-","-","-","-","-","-","away",8602
2024,"Cal Lutheran University","defense","Andersen,Austin","1","-","1","-/-","-","-/-","-","-","0-0","-/-","-","-","-","-","-","away",8602
2024,"Cal Lutheran University","defense","Davis,Jack","1","-","1","-/-","-","-/-","-","-","0-0","-/-","-","-","-","-","-","away",8602
2024,"Cal Lutheran University","defense","Miller,Calvin","1","-","1","1.0/5","1.0","1.0/5","1.0","-","0-0","-/-","-","-","-","-","-","away",8602
2024,"Cal Lutheran University","defense","Cioe,Chase","-","1","1","-/-","-","-/-","-","-","0-0","-/-","-","-","3","-","-","away",8602
2024,"Cal Lutheran University","defense","Costa,Elijah","1","-","1","-/-","-","-/-","-","-","0-0","-/-","-","-","-","-","-","away",8602
2024,"Cal Lutheran University","defense","Macapulay,Noah","1","-","1","-/-","-","-/-","-","-","0-0","-/-","-","-","-","-","-","away",8602
2024,"Cal Lutheran University","defense","Asta,Joey","-","1","1","-/-","-","-/-","-","-","0-0","-/-","-","-","1","-","-","away",8602
2024,"Cal Lutheran University","defense","Hamlin,Tarius","1","-","1","1.0/7","1.0","1.0/7","1.0","-","0-0","-/-","-","-","-","-","-","away",8602
2024,"Cal Lutheran University","defense","Littlefield,Benjamin","-","1","1","-/-","-","-/-","-","-","0-0","-/-","-","-","-","-","1","away",8602
2024,"Cal Lutheran University","defense","Malley,Jason","1","-","1","-/-","-","-/-","-","-","0-0","-/-","-","-","-","-","-","away",8602
2024,"Cal Lutheran University","defense","Gerber,Evan","1","-","1","1.0/6","1.0","1.0/6","1.0","-","0-0","-/-","-","-","-","-","-","away",8602
2024,"Cal Lutheran University","defense","Gangi-Saroukhanioff,Gabe","1","-","1","-/-","-","-/-","-","-","0-0","-/-","-","-","-","-","-","away",8602
2024,"Cal Lutheran University","defense","Cotton,Mason","-","-","-","-/-","-","-/-","-","-","0-0","-/-","-","-","-","-","-","away",8602
2024,"Cal Lutheran University","defense","Boehm,Peter","-","-","-","-/-","-","-/-","-","-","0-0","-/-","-","-","-","-","-","away",8602
2024,"Cal Lutheran University","defense","Brutto,Rich","-","-","-","-/-","-","-/-","-","-","0-0","-/-","-","-","-","-","-","away",8602
2024,"Cal Lutheran University","defense","O'Connell,Jacob","-","-","-","-/-","-","-/-","-","-","0-1","1/15","-","-","-","-","-","away",8602
2024,"Cal Lutheran University","defense","Edwards,Justin","-","-","-","-/-","-","-/-","-","-","0-0","-/-","-","-","-","-","-","away",8602
2024,"Cal Lutheran University","defense","Burton,Tom","-","-","-","-/-","-","-/-","-","-","0-0","-/-","-","-","-","-","1","away",8602
2024,"Cal Lutheran University","defense","Joey Asta","2","5","7","2.5/4","2.5","2.0/4","2.0","-","0-1","1/-","-","-","-","-","-","home",8608
2024,"Cal Lutheran University","defense","Thanio Bright","4","3","7","1.0/1","1.0","-/-","-","-","0-0","-/-","1-0","1","-","-","-","home",8608
2024,"Cal Lutheran University","defense","Gabe Gangi-Saro","3","4","7","-/-","-","-/-","-","-","0-0","-/-","-","-","-","-","-","home",8608
2024,"Cal Lutheran University","defense","Kirby Baynes","5","1","6","-/-","-","-/-","-","-","0-0","-/-","-","-","2","-","-","home",8608
2024,"Cal Lutheran University","defense","Kevin White","3","1","4","-/-","-","-/-","-","-","0-0","-/-","1-0","1","2","-","-","home",8608
2024,"Cal Lutheran University","defense","George Skaff","1","3","4","0.5/3","0.5","-/-","-","-","0-0","-/-","-","-","-","-","-","home",8608
2024,"Cal Lutheran University","defense","George Kruger","3","1","4","1.0/4","1.0","1.0/4","1.0","-","0-0","-/-","-","-","-","-","-","home",8608
2024,"Cal Lutheran University","defense","Austin Andersen","2","1","3","0.5/2","0.5","-/-","-","-","0-0","-/-","-","-","-","-","-","home",8608
2024,"Cal Lutheran University","defense","Andrew Carrasqu","3","-","3","-/-","-","-/-","-","-","0-0","-/-","-","-","3","-","-","home",8608
2024,"Cal Lutheran University","defense","Michael Houk","3","-","3","1.0/1","1.0","-/-","-","-","0-0","-/-","-","-","-","-","-","home",8608
2024,"Cal Lutheran University","defense","Jacob O'Connell","2","-","2","-/-","-","-/-","-","-","0-0","-/-","-","-","1","-","-","home",8608
2024,"Cal Lutheran University","defense","Andrew Lau","1","1","2","-/-","-","-/-","-","-","0-0","-/-","-","-","-","-","-","home",8608
2024,"Cal Lutheran University","defense","Benjamin Little","-","2","2","0.5/1","0.5","-/-","-","-","0-0","-/-","-","-","-","-","-","home",8608
2024,"Cal Lutheran University","defense","Harry Zhou","-","1","1","-/-","-","-/-","-","-","0-0","-/-","-","-","-","-","-","home",8608
2024,"Cal Lutheran University","defense","Carson Navarro","1","-","1","-/-","-","-/-","-","-","0-0","-/-","-","-","-","-","-","home",8608
2024,"Cal Lutheran University","defense","Addison Redding","1","-","1","-/-","-","-/-","-","-","0-0","-/-","-","-","-","-","-","home",8608
2024,"Cal Lutheran University","defense","Jake Son","-","1","1","-/-","-","-/-","-","-","0-0","-/-","-","-","-","-","-","home",8608
2024,"Cal Lutheran University","defense","Grady Johnson","-","1","1","-/-","-","-/-","-","-","0-0","-/-","-","-","1","-","-","home",8608
2024,"Cal Lutheran University","defense","Zeke Vallez","1","-","1","-/-","-","-/-","-","-","0-0","-/-","-","-","-","-","-","home",8608
2024,"Cal Lutheran University","defense","Evan Gerber","-","1","1","-/-","-","-/-","-","-","0-0","-/-","-","-","-","-","-","home",8608
2024,"Cal Lutheran University","defense","Arthur Orta","2","7","9","-/-","-","-/-","-","-","0-0","-/-","-","-","-","-","-","away",8608
2024,"Cal Lutheran University","defense","Agenhart Ellis","5","4","9","-/-","-","-/-","-","-","0-0","-/-","-","-","3","-","-","away",8608
2024,"Cal Lutheran University","defense","Diego Serrano","2","6","8","0.5/3","0.5","-/-","-","-","0-0","-/-","-","-","-","-","-","away",8608
2024,"Cal Lutheran University","defense","Joshua Christop","3","5","8","-/-","-","-/-","-","-","0-0","-/-","-","-","1","-","-","away",8608
2024,"Cal Lutheran University","defense","Blake Hurley","1","5","6","-/-","-","-/-","-","-","0-0","-/-","-","-","-","-","-","away",8608
2024,"Cal Lutheran University","defense","AJ Townsend","4","2","6","-/-","-","-/-","-","-","0-0","-/-","-","-","-","-","-","away",8608
2024,"Cal Lutheran University","defense","Hunter Hall","2","4","6","1.0/7","1.0","1.0/7","1.0","-","0-0","-/-","-","-","-","-","-","away",8608
2024,"Cal Lutheran University","defense","Jackson White","4","1","5","1.0/12","1.0","1.0/12","1.0","-","0-0","-/-","-","-","-","-","-","away",8608
2024,"Cal Lutheran University","defense","Jake Frey","2","3","5","-/-","-","-/-","-","-","0-0","-/-","1-0","1","-","-","-","away",8608
2024,"Cal Lutheran University","defense","Max Juarez","4","1","5","-/-","-","-/-","-","-","0-0","-/-","-","-","-","-","-","away",8608
2024,"Cal Lutheran University","defense","Devon Goosby","2","-","2","-/-","-","-/-","-","-","0-0","-/-","-","-","-","-","-","away",8608
2024,"Cal Lutheran University","defense","Jayden Monick","1","-","1","-/-","-","-/-","-","-","0-0","-/-","-","-","-","-","-","away",8608
2024,"Cal Lutheran University","defense","Gannon Greenan","-","1","1","-/-","-","-/-","-","-","0-0","-/-","-","-","-","-","-","away",8608
2024,"Cal Lutheran University","defense","Chad Ortega","1","-","1","-/-","-","-/-","-","-","0-0","-/-","-","-","-","-","-","away",8608
2024,"Cal Lutheran University","defense","Kehven Portillo","1","-","1","-/-","-","-/-","-","-","0-0","-/-","-","-","-","-","-","away",8608
2024,"Cal Lutheran University","defense","Eli Dvortcsak","1","-","1","-/-","-","-/-","-","-","0-0","-/-","-","-","-","-","-","away",8608
2024,"Cal Lutheran University","defense","Anthony Gallego","-","1","1","0.5/3","0.5","-/-","-","-","0-0","-/-","-","-","-","-","-","away",8608
2024,"Cal Lutheran University","defense","Michael Langfor","1","-","1","-/-","-","-/-","-","-","0-0","-/-","-","-","-","-","-","away",8608
2024,"Cal Lutheran University","defense","Matthew Keller","1","-","1","-/-","-","-/-","-","-","0-0","-/-","-","-","-","-","-","away",8608
2024,"Chapman","defense","Joey Asta","8","5","13","1.5/5","1.5","1.0/4","1.0","-","0-0","-/-","-","-","-","-","-","home",8604
2024,"Chapman","defense","George Kruger","4","2","6","0.5/1","0.5","-/-","-","-","0-0","-/-","-","-","-","-","-","home",8604
2024,"Chapman","defense","Benjamin Little","3","3","6","-/-","-","-/-","-","-","0-0","-/-","-","-","-","-","-","home",8604
2024,"Chapman","defense","Tom Burton","2","3","5","-/-","-","-/-","-","-","0-0","-/-","-","-","-","-","-","home",8604
2024,"Chapman","defense","Jacob O'Connell","3","1","4","0.5/1","0.5","-/-","-","-","0-0","-/-","-","-","-","-","-","home",8604
2024,"Chapman","defense","Jason Malley","1","3","4","-/-","-","-/-","-","-","0-0","-/-","-","-","-","-","-","home",8604
2024,"Chapman","defense","Michael Houk","1","3","4","1.0/3","1.0","-/-","-","-","0-0","-/-","-","-","-","-","-","home",8604
2024,"Chapman","defense","Gabe Gangi-Saro","3","1","4","-/-","-","-/-","-","-","0-0","-/-","-","-","-","-","-","home",8604
2024,"Chapman","defense","Harry Zhou","-","2","2","-/-","-","-/-","-","-","0-0","-/-","-","-","-","-","-","home",8604
2024,"Chapman","defense","Andrew Carrasqu","1","1","2","-/-","-","-/-","-","-","0-0","-/-","-","-","-","-","-","home",8604
2024,"Chapman","defense","Thanio Bright","-","2","2","-/-","-","-/-","-","-","0-0","-/-","-","-","-","-","-","home",8604
2024,"Chapman","defense","George Skaff","-","2","2","-/-","-","-/-","-","-","0-0","-/-","-","-","-","-","-","home",8604
2024,"Chapman","defense","Grady Johnson","-","2","2","0.5/-","0.5","-/-","-","-","0-0","-/-","-","-","-","-","-","home",8604
2024,"Chapman","defense","Andrew Lau","1","1","2","0.5/1","0.5","-/-","-","1","1-0","-/-","-","-","-","-","-","home",8604
2024,"Chapman","defense","Nick Wilde","1","-","1","-/-","-","-/-","-","-","0-0","-/-","-","-","-","-","-","home",8604
2024,"Chapman","defense","Anderson Cynkar","1","-","1","-/-","-","-/-","-","-","0-0","-/-","-","-","-","-","-","home",8604
2024,"Chapman","defense","Kirby Baynes","1","-","1","-/-","-","-/-","-","-","0-0","-/-","-","-","1","-","-","home",8604
2024,"Chapman","defense","Carson Navarro","-","1","1","-/-","-","-/-","-","-","0-0","-/-","-","-","-","-","-","home",8604
2024,"Chapman","defense","Addison Redding","1","-","1","-/-","-","-/-","-","-","0-0","-/-","-","-","-","-","-","home",8604
2024,"Chapman","defense","Chase Cioe","-","1","1","-/-","-","-/-","-","-","0-0","-/-","-","-","-","-","-","home",8604
2024,"Chapman","defense","Dylan Sherman","1","-","1","-/-","-","-/-","-","-","0-0","-/-","-","-","-","-","-","home",8604
2024,"Chapman","defense","Drew Van Komen","1","-","1","-/-","-","-/-","-","-","0-0","-/-","-","-","-","-","-","home",8604
2024,"Chapman","defense","Tarius Hamlin","-","1","1","-/-","-","-/-","-","-","0-0","-/-","-","-","-","-","-","home",8604
2024,"Chapman","defense","Zeke Vallez","-","1","1","0.5/-","0.5","-/-","-","-","0-0","-/-","-","-","-","-","-","home",8604
2024,"Chapman","defense","Evan Gerber","-","1","1","-/-","-","-/-","-","-","0-0","-/-","-","-","-","-","-","home",8604
2024,"Chapman","defense","Caleb Addleman","-","-","-","-/-","-","-/-","-","-","0-1","1/-","-","-","-","-","-","home",8604
2024,"Chapman","defense","Alexander Terri","2","6","8","-/-","-","-/-","-","-","0-0","-/-","-","-","-","-","-","away",8604
2024,"Chapman","defense","Jacob Gaudi","3","5","8","-/-","-","-/-","-","-","0-0","-/-","1-24","1","-","-","-","away",8604
2024,"Chapman","defense","Collin Keefe","3","1","4","-/-","-","-/-","-","-","0-0","-/-","-","-","-","-","-","away",8604
2024,"Chapman","defense","Harrison Donato","1","3","4","-/-","-","-/-","-","-","0-0","-/-","-","-","-","-","-","away",8604
2024,"Chapman","defense","Luke Smith","-","4","4","0.5/-","0.5","-/-","-","-","0-0","-/-","-","-","-","-","-","away",8604
2024,"Chapman","defense","Devin Cobb","2","1","3","1.0/8","1.0","1.0/8","1.0","-","0-0","-/-","-","-","2","-","-","away",8604
2024,"Chapman","defense","Caleb Padrid","3","-","3","-/-","-","-/-","-","-","0-0","-/-","-","-","2","-","-","away",8604
2024,"Chapman","defense","Isaiah Munoz","2","1","3","-/-","-","-/-","-","-","0-0","-/-","-","-","-","-","-","away",8604
2024,"Chapman","defense","Kyle Sieben","-","2","2","-/-","-","-/-","-","-","0-0","-/-","-","-","-","-","-","away",8604
2024,"Chapman","defense","Kaulin Post","1","1","2","0.5/2","0.5","0.5/2","0.5","-","0-1","1/15","-","-","-","-","-","away",8604
2024,"Chapman","defense","JT Clarke","-","2","2","0.5/1","0.5","-/-","-","-","0-0","-/-","-","-","-","-","-","away",8604
2024,"Chapman","defense","Tate Zimmerman","2","-","2","-/-","-","-/-","-","-","0-0","-/-","-","-","1","-","1","away",8604
2024,"Chapman","defense","Hunter Wickham","1","1","2","-/-","-","-/-","-","-","0-0","-/-","-","-","-","-","1","away",8604
2024,"Chapman","defense","Tyler Boynton","-","2","2","0.5/1","0.5","0.5/1","0.5","-","0-0","-/-","-","-","-","-","-","away",8604
2024,"Chapman","defense","Zechariah Dunha","2","-","2","1.0/1","1.0","-/-","-","-","0-0","-/-","-","-","1","-","-","away",8604
2024,"Chapman","defense","Robert Crowell","1","-","1","-/-","-","-/-","-","-","0-0","-/-","-","-","-","-","-","away",8604
2024,"Chapman","defense","Alexa Padalino","1","-","1","-/-","-","-/-","-","-","0-0","-/-","-","-","-","-","-","away",8604
2024,"Chapman","defense","Cole McFarlane","1","-","1","1.0/1","1.0","-/-","-","-","0-0","-/-","-","-","-","-","-","away",8604
2024,"Chapman","defense","Carter Williams","-","1","1","-/-","-","-/-","-","-","0-0","-/-","-","-","-","-","-","away",8604
2024,"Chapman","defense","Thomas Divittor","-","1","1","-/-","-","-/-","-","-","0-0","-/-","-","-","-","-","-","away",8604
2024,"Chapman","defense","Seth Holbrook","1","-","1","-/-","-","-/-","-","-","0-0","-/-","-","-","1","-","-","away",8604
2024,"Chapman","defense","Mason Kubicheck","1","-","1","1.0/7","1.0","1.0/7","1.0","1","1-0","-/-","-","-","-","-","-","away",8604
2024,"Chapman","defense","Daniel Prado","-","1","1","-/-","-","-/-","-","-","0-0","-/-","-","-","-","-","-","away",8604
2024,"Chapman","defense","Trenton Dewar","1","-","1","-/-","-","-/-","-","-","0-0","-/-","-","-","-","-","-","away",8604
2024,"Chapman","defense","Joey Bustos","-","1","1","-/-","-","-/-","-","-","0-0","-/-","-","-","-","-","-","away",8604
2024,"Chapman","defense","Ryan King","-","1","1","-/-","-","-/-","-","-","0-0","-/-","-","-","-","-","-","away",8604
2024,"Chapman","defense","Bo Green","-","-","-","-/-","-","-/-","-","-","0-0","-/-","-","-","1","-","-","away",8604
2024,"Chapman","defense","Terriquez,Alexander","7","2","9","1.5/1","1.5","-/-","-","-","0-0","-/-","-","-","-","-","1","home",8607
2024,"Chapman","defense","Donato,Harrison","6","2","8","2.0/8","2.0","1.0/6","1.0","-","0-0","-/-","-","-","1","-","-","home",8607
2024,"Chapman","defense","Sieben,Kyle","4","2","6","-/-","-","-/-","-","-","0-0","-/-","-","-","-","-","-","home",8607
2024,"Chapman","defense","Gaudi,Jacob","3","1","4","-/-","-","-/-","-","-","0-0","-/-","-","-","-","-","-","home",8607
2024,"Chapman","defense","Keefe,Collin","3","1","4","-/-","-","-/-","-","-","0-0","-/-","-","-","-","-","-","home",8607
2024,"Chapman","defense","Zimmerman,Tate","4","-","4","1.0/8","1.0","1.0/8","1.0","-","0-0","-/-","-","-","-","-","-","home",8607
2024,"Chapman","defense","Muñoz,Isaiah","4","-","4","2.0/12","2.0","2.0/12","2.0","2","2-0","-/-","-","-","-","-","-","home",8607
2024,"Chapman","defense","Martin,Renick","2","-","2","-/-","-","-/-","-","-","0-0","-/-","1-0","1","1","-","-","home",8607
2024,"Chapman","defense","Broch,Brandon","2","-","2","-/-","-","-/-","-","-","0-0","-/-","-","-","-","-","-","home",8607
2024,"Chapman","defense","Dunham,Zechariah","-","2","2","-/-","-","-/-","-","-","0-0","-/-","-","-","-","-","-","home",8607
2024,"Chapman","defense","Cobb,Devin","1","-","1","-/-","-","-/-","-","-","0-0","-/-","-","-","-","-","-","home",8607
2024,"Chapman","defense","Padrid,Caleb","1","-","1","-/-","-","-/-","-","-","0-0","-/-","-","-","1","-","-","home",8607
2024,"Chapman","defense","Kubicheck,Mason","-","1","1","0.5/1","0.5","-/-","-","-","0-0","-/-","-","-","-","-","-","home",8607
2024,"Chapman","defense","Miyata,Eugene","-","1","1","-/-","-","-/-","-","-","0-0","-/-","-","-","-","-","-","home",8607
2024,"Chapman","defense","Post,Kaulin","1","-","1","-/-","-","-/-","-","-","0-0","-/-","-","-","-","-","-","home",8607
2024,"Chapman","defense","DiVittorio,Thomas","1","-","1","-/-","-","-/-","-","-","0-0","-/-","-","-","-","-","-","home",8607
2024,"Chapman","defense","Collins,Zachary","1","-","1","1.0/1","1.0","-/-","-","-","0-0","-/-","-","-","-","-","-","home",8607
2024,"Chapman","defense","Hill,Tyler","1","-","1","-/-","-","-/-","-","-","0-0","-/-","-","-","-","-","-","home",8607
2024,"Chapman","defense","Pacheco,Tyler","-","-","-","-/-","-","-/-","-","-","0-0","-/-","-","-","-","-","-","home",8607
2024,"Chapman","defense","Hudson,Jax","-","-","-","-/-","-","-/-","-","-","0-0","-/-","-","-","-","-","-","home",8607
2024,"Chapman","defense","Zhou,Harry","6","1","7","-/-","-","-/-","-","-","0-0","-/-","-","-","-","-","-","away",8607
2024,"Chapman","defense","Asta,Joey","3","3","6","-/-","-","-/-","-","-","0-0","-/-","-","-","-","-","-","away",8607
2024,"Chapman","defense","Andersen,Austin","5","-","5","-/-","-","-/-","-","-","0-0","-/-","-","-","-","-","-","away",8607
2024,"Chapman","defense","Bright,Thanio","4","-","4","-/-","-","-/-","-","-","0-0","-/-","-","-","-","-","-","away",8607
2024,"Chapman","defense","O'Connell,Jacob","4","-","4","2.0/5","2.0","-/-","-","-","0-0","-/-","-","-","-","-","-","away",8607
2024,"Chapman","defense","Johnson,Grady","3","1","4","1.0/1","1.0","-/-","-","-","0-0","-/-","-","-","-","-","-","away",8607
2024,"Chapman","defense","Houk,Michael","3","1","4","1.0/3","1.0","-/-","-","-","0-0","-/-","-","-","-","1","-","away",8607
2024,"Chapman","defense","Gangi-Saroukhanioff,Gabe","4","-","4","-/-","-","-/-","-","-","0-0","-/-","-","-","-","-","-","away",8607
2024,"Chapman","defense","Skaff,George","3","-","3","-/-","-","-/-","-","-","0-0","-/-","-","-","-","-","-","away",8607
2024,"Chapman","defense","Kruger,George","2","1","3","-/-","-","-/-","-","-","0-0","-/-","-","-","1","-","-","away",8607
2024,"Chapman","defense","Carrasquillo,Andrew","1","1","2","-/-","-","-/-","-","-","0-0","-/-","-","-","-","-","-","away",8607
2024,"Chapman","defense","Baynes,Kirby","2","-","2","-/-","-","-/-","-","-","0-0","-/-","-","-","1","-","-","away",8607
2024,"Chapman","defense","Littlefield,Benjamin","2","-","2","-/-","-","-/-","-","-","0-0","-/-","-","-","-","-","-","away",8607
2024,"Chapman","defense","Gerber,Evan","2","-","2","1.0/4","1.0","1.0/4","1.0","-","0-0","-/-","-","-","-","-","-","away",8607
2024,"Chapman","defense","Reddinger,Addison","1","-","1","-/-","-","-/-","-","-","0-0","-/-","-","-","-","-","-","away",8607
2024,"Chapman","defense","Lau,Andrew","1","-","1","-/-","-","-/-","-","-","0-0","-/-","-","-","-","-","-","away",8607
2024,"Chapman","defense","Lea,Gabriel","1","-","1","-/-","-","-/-","-","-","0-0","-/-","-","-","-","-","-","away",8607
2024,"Chapman","defense","Malley,Jason","1","-","1","-/-","-","-/-","-","-","0-0","-/-","-","-","-","-","-","away",8607
2024,"Chapman","defense","Kuhlenkamp,Walter","-","-","-","-/-","-","-/-","-","-","0-0","-/-","-","-","-","-","-","away",8607
2024,"Chapman","defense","Rosenberg,Daniel","-","-","-","-/-","-","-/-","-","-","0-0","-/-","-","-","-","-","-","away",8607
2024,"Chapman","defense","Boehm,Peter","-","-","-","-/-","-","-/-","-","-","0-0","-/-","-","-","-","-","-","away",8607
2024,"Chapman","defense","Brutto,Rich","-","-","-","-/-","-","-/-","-","-","0-0","-/-","-","-","-","-","-","away",8607
2024,"Chapman","defense","White,Kevin","-","-","-","-/-","-","-/-","-","-","0-0","-/-","-","-","1","-","-","away",8607
2024,"Chapman","defense","Edwards,Justin","-","-","-","-/-","-","-/-","-","-","0-0","-/-","-","-","-","-","-","away",8607
2024,"Chapman","defense","Benzan,Enzo","-","-","-","-/-","-","-/-","-","-","0-0","-/10","-","-","-","-","-","away",8607
2024,"Chapman University","defense","Joey Asta","8","5","13","1.5/5","1.5","1.0/4","1.0","-","0-0","-/-","-","-","-","-","-","home",8604
2024,"Chapman University","defense","George Kruger","4","2","6","0.5/1","0.5","-/-","-","-","0-0","-/-","-","-","-","-","-","home",8604
2024,"Chapman University","defense","Benjamin Little","3","3","6","-/-","-","-/-","-","-","0-0","-/-","-","-","-","-","-","home",8604
2024,"Chapman University","defense","Tom Burton","2","3","5","-/-","-","-/-","-","-","0-0","-/-","-","-","-","-","-","home",8604
2024,"Chapman University","defense","Jacob O'Connell","3","1","4","0.5/1","0.5","-/-","-","-","0-0","-/-","-","-","-","-","-","home",8604
2024,"Chapman University","defense","Jason Malley","1","3","4","-/-","-","-/-","-","-","0-0","-/-","-","-","-","-","-","home",8604
2024,"Chapman University","defense","Michael Houk","1","3","4","1.0/3","1.0","-/-","-","-","0-0","-/-","-","-","-","-","-","home",8604
2024,"Chapman University","defense","Gabe Gangi-Saro","3","1","4","-/-","-","-/-","-","-","0-0","-/-","-","-","-","-","-","home",8604
2024,"Chapman University","defense","Harry Zhou","-","2","2","-/-","-","-/-","-","-","0-0","-/-","-","-","-","-","-","home",8604
2024,"Chapman University","defense","Andrew Carrasqu","1","1","2","-/-","-","-/-","-","-","0-0","-/-","-","-","-","-","-","home",8604
2024,"Chapman University","defense","Thanio Bright","-","2","2","-/-","-","-/-","-","-","0-0","-/-","-","-","-","-","-","home",8604
2024,"Chapman University","defense","George Skaff","-","2","2","-/-","-","-/-","-","-","0-0","-/-","-","-","-","-","-","home",8604
2024,"Chapman University","defense","Grady Johnson","-","2","2","0.5/-","0.5","-/-","-","-","0-0","-/-","-","-","-","-","-","home",8604
2024,"Chapman University","defense","Andrew Lau","1","1","2","0.5/1","0.5","-/-","-","1","1-0","-/-","-","-","-","-","-","home",8604
2024,"Chapman University","defense","Nick Wilde","1","-","1","-/-","-","-/-","-","-","0-0","-/-","-","-","-","-","-","home",8604
2024,"Chapman University","defense","Anderson Cynkar","1","-","1","-/-","-","-/-","-","-","0-0","-/-","-","-","-","-","-","home",8604
2024,"Chapman University","defense","Kirby Baynes","1","-","1","-/-","-","-/-","-","-","0-0","-/-","-","-","1","-","-","home",8604
2024,"Chapman University","defense","Carson Navarro","-","1","1","-/-","-","-/-","-","-","0-0","-/-","-","-","-","-","-","home",8604
2024,"Chapman University","defense","Addison Redding","1","-","1","-/-","-","-/-","-","-","0-0","-/-","-","-","-","-","-","home",8604
2024,"Chapman University","defense","Chase Cioe","-","1","1","-/-","-","-/-","-","-","0-0","-/-","-","-","-","-","-","home",8604
2024,"Chapman University","defense","Dylan Sherman","1","-","1","-/-","-","-/-","-","-","0-0","-/-","-","-","-","-","-","home",8604
2024,"Chapman University","defense","Drew Van Komen","1","-","1","-/-","-","-/-","-","-","0-0","-/-","-","-","-","-","-","home",8604
2024,"Chapman University","defense","Tarius Hamlin","-","1","1","-/-","-","-/-","-","-","0-0","-/-","-","-","-","-","-","home",8604
2024,"Chapman University","defense","Zeke Vallez","-","1","1","0.5/-","0.5","-/-","-","-","0-0","-/-","-","-","-","-","-","home",8604
2024,"Chapman University","defense","Evan Gerber","-","1","1","-/-","-","-/-","-","-","0-0","-/-","-","-","-","-","-","home",8604
2024,"Chapman University","defense","Caleb Addleman","-","-","-","-/-","-","-/-","-","-","0-1","1/-","-","-","-","-","-","home",8604
2024,"Chapman University","defense","Alexander Terri","2","6","8","-/-","-","-/-","-","-","0-0","-/-","-","-","-","-","-","away",8604
2024,"Chapman University","defense","Jacob Gaudi","3","5","8","-/-","-","-/-","-","-","0-0","-/-","1-24","1","-","-","-","away",8604
2024,"Chapman University","defense","Collin Keefe","3","1","4","-/-","-","-/-","-","-","0-0","-/-","-","-","-","-","-","away",8604
2024,"Chapman University","defense","Harrison Donato","1","3","4","-/-","-","-/-","-","-","0-0","-/-","-","-","-","-","-","away",8604
2024,"Chapman University","defense","Luke Smith","-","4","4","0.5/-","0.5","-/-","-","-","0-0","-/-","-","-","-","-","-","away",8604
2024,"Chapman University","defense","Devin Cobb","2","1","3","1.0/8","1.0","1.0/8","1.0","-","0-0","-/-","-","-","2","-","-","away",8604
2024,"Chapman University","defense","Caleb Padrid","3","-","3","-/-","-","-/-","-","-","0-0","-/-","-","-","2","-","-","away",8604
2024,"Chapman University","defense","Isaiah Munoz","2","1","3","-/-","-","-/-","-","-","0-0","-/-","-","-","-","-","-","away",8604
2024,"Chapman University","defense","Kyle Sieben","-","2","2","-/-","-","-/-","-","-","0-0","-/-","-","-","-","-","-","away",8604
2024,"Chapman University","defense","Kaulin Post","1","1","2","0.5/2","0.5","0.5/2","0.5","-","0-1","1/15","-","-","-","-","-","away",8604
2024,"Chapman University","defense","JT Clarke","-","2","2","0.5/1","0.5","-/-","-","-","0-0","-/-","-","-","-","-","-","away",8604
2024,"Chapman University","defense","Tate Zimmerman","2","-","2","-/-","-","-/-","-","-","0-0","-/-","-","-","1","-","1","away",8604
2024,"Chapman University","defense","Hunter Wickham","1","1","2","-/-","-","-/-","-","-","0-0","-/-","-","-","-","-","1","away",8604
2024,"Chapman University","defense","Tyler Boynton","-","2","2","0.5/1","0.5","0.5/1","0.5","-","0-0","-/-","-","-","-","-","-","away",8604
2024,"Chapman University","defense","Zechariah Dunha","2","-","2","1.0/1","1.0","-/-","-","-","0-0","-/-","-","-","1","-","-","away",8604
2024,"Chapman University","defense","Robert Crowell","1","-","1","-/-","-","-/-","-","-","0-0","-/-","-","-","-","-","-","away",8604
2024,"Chapman University","defense","Alexa Padalino","1","-","1","-/-","-","-/-","-","-","0-0","-/-","-","-","-","-","-","away",8604
2024,"Chapman University","defense","Cole McFarlane","1","-","1","1.0/1","1.0","-/-","-","-","0-0","-/-","-","-","-","-","-","away",8604
2024,"Chapman University","defense","Carter Williams","-","1","1","-/-","-","-/-","-","-","0-0","-/-","-","-","-","-","-","away",8604
2024,"Chapman University","defense","Thomas Divittor","-","1","1","-/-","-","-/-","-","-","0-0","-/-","-","-","-","-","-","away",8604
2024,"Chapman University","defense","Seth Holbrook","1","-","1","-/-","-","-/-","-","-","0-0","-/-","-","-","1","-","-","away",8604
2024,"Chapman University","defense","Mason Kubicheck","1","-","1","1.0/7","1.0","1.0/7","1.0","1","1-0","-/-","-","-","-","-","-","away",8604
2024,"Chapman University","defense","Daniel Prado","-","1","1","-/-","-","-/-","-","-","0-0","-/-","-","-","-","-","-","away",8604
2024,"Chapman University","defense","Trenton Dewar","1","-","1","-/-","-","-/-","-","-","0-0","-/-","-","-","-","-","-","away",8604
2024,"Chapman University","defense","Joey Bustos","-","1","1","-/-","-","-/-","-","-","0-0","-/-","-","-","-","-","-","away",8604
2024,"Chapman University","defense","Ryan King","-","1","1","-/-","-","-/-","-","-","0-0","-/-","-","-","-","-","-","away",8604
2024,"Chapman University","defense","Bo Green","-","-","-","-/-","-","-/-","-","-","0-0","-/-","-","-","1","-","-","away",8604
2024,"Chapman University","defense","Terriquez,Alexander","7","2","9","1.5/1","1.5","-/-","-","-","0-0","-/-","-","-","-","-","1","home",8607
2024,"Chapman University","defense","Donato,Harrison","6","2","8","2.0/8","2.0","1.0/6","1.0","-","0-0","-/-","-","-","1","-","-","home",8607
2024,"Chapman University","defense","Sieben,Kyle","4","2","6","-/-","-","-/-","-","-","0-0","-/-","-","-","-","-","-","home",8607
2024,"Chapman University","defense","Gaudi,Jacob","3","1","4","-/-","-","-/-","-","-","0-0","-/-","-","-","-","-","-","home",8607
2024,"Chapman University","defense","Keefe,Collin","3","1","4","-/-","-","-/-","-","-","0-0","-/-","-","-","-","-","-","home",8607
2024,"Chapman University","defense","Zimmerman,Tate","4","-","4","1.0/8","1.0","1.0/8","1.0","-","0-0","-/-","-","-","-","-","-","home",8607
2024,"Chapman University","defense","Muñoz,Isaiah","4","-","4","2.0/12","2.0","2.0/12","2.0","2","2-0","-/-","-","-","-","-","-","home",8607
2024,"Chapman University","defense","Martin,Renick","2","-","2","-/-","-","-/-","-","-","0-0","-/-","1-0","1","1","-","-","home",8607
2024,"Chapman University","defense","Broch,Brandon","2","-","2","-/-","-","-/-","-","-","0-0","-/-","-","-","-","-","-","home",8607
2024,"Chapman University","defense","Dunham,Zechariah","-","2","2","-/-","-","-/-","-","-","0-0","-/-","-","-","-","-","-","home",8607
2024,"Chapman University","defense","Cobb,Devin","1","-","1","-/-","-","-/-","-","-","0-0","-/-","-","-","-","-","-","home",8607
2024,"Chapman University","defense","Padrid,Caleb","1","-","1","-/-","-","-/-","-","-","0-0","-/-","-","-","1","-","-","home",8607
2024,"Chapman University","defense","Kubicheck,Mason","-","1","1","0.5/1","0.5","-/-","-","-","0-0","-/-","-","-","-","-","-","home",8607
2024,"Chapman University","defense","Miyata,Eugene","-","1","1","-/-","-","-/-","-","-","0-0","-/-","-","-","-","-","-","home",8607
2024,"Chapman University","defense","Post,Kaulin","1","-","1","-/-","-","-/-","-","-","0-0","-/-","-","-","-","-","-","home",8607
2024,"Chapman University","defense","DiVittorio,Thomas","1","-","1","-/-","-","-/-","-","-","0-0","-/-","-","-","-","-","-","home",8607
2024,"Chapman University","defense","Collins,Zachary","1","-","1","1.0/1","1.0","-/-","-","-","0-0","-/-","-","-","-","-","-","home",8607
2024,"Chapman University","defense","Hill,Tyler","1","-","1","-/-","-","-/-","-","-","0-0","-/-","-","-","-","-","-","home",8607
2024,"Chapman University","defense","Pacheco,Tyler","-","-","-","-/-","-","-/-","-","-","0-0","-/-","-","-","-","-","-","home",8607
2024,"Chapman University","defense","Hudson,Jax","-","-","-","-/-","-","-/-","-","-","0-0","-/-","-","-","-","-","-","home",8607
2024,"Chapman University","defense","Zhou,Harry","6","1","7","-/-","-","-/-","-","-","0-0","-/-","-","-","-","-","-","away",8607
2024,"Chapman University","defense","Asta,Joey","3","3","6","-/-","-","-/-","-","-","0-0","-/-","-","-","-","-","-","away",8607
2024,"Chapman University","defense","Andersen,Austin","5","-","5","-/-","-","-/-","-","-","0-0","-/-","-","-","-","-","-","away",8607
2024,"Chapman University","defense","Bright,Thanio","4","-","4","-/-","-","-/-","-","-","0-0","-/-","-","-","-","-","-","away",8607
2024,"Chapman University","defense","O'Connell,Jacob","4","-","4","2.0/5","2.0","-/-","-","-","0-0","-/-","-","-","-","-","-","away",8607
2024,"Chapman University","defense","Johnson,Grady","3","1","4","1.0/1","1.0","-/-","-","-","0-0","-/-","-","-","-","-","-","away",8607
2024,"Chapman University","defense","Houk,Michael","3","1","4","1.0/3","1.0","-/-","-","-","0-0","-/-","-","-","-","1","-","away",8607
2024,"Chapman University","defense","Gangi-Saroukhanioff,Gabe","4","-","4","-/-","-","-/-","-","-","0-0","-/-","-","-","-","-","-","away",8607
2024,"Chapman University","defense","Skaff,George","3","-","3","-/-","-","-/-","-","-","0-0","-/-","-","-","-","-","-","away",8607
2024,"Chapman University","defense","Kruger,George","2","1","3","-/-","-","-/-","-","-","0-0","-/-","-","-","1","-","-","away",8607
2024,"Chapman University","defense","Carrasquillo,Andrew","1","1","2","-/-","-","-/-","-","-","0-0","-/-","-","-","-","-","-","away",8607
2024,"Chapman University","defense","Baynes,Kirby","2","-","2","-/-","-","-/-","-","-","0-0","-/-","-","-","1","-","-","away",8607
2024,"Chapman University","defense","Littlefield,Benjamin","2","-","2","-/-","-","-/-","-","-","0-0","-/-","-","-","-","-","-","away",8607
2024,"Chapman University","defense","Gerber,Evan","2","-","2","1.0/4","1.0","1.0/4","1.0","-","0-0","-/-","-","-","-","-","-","away",8607
2024,"Chapman University","defense","Reddinger,Addison","1","-","1","-/-","-","-/-","-","-","0-0","-/-","-","-","-","-","-","away",8607
2024,"Chapman University","defense","Lau,Andrew","1","-","1","-/-","-","-/-","-","-","0-0","-/-","-","-","-","-","-","away",8607
2024,"Chapman University","defense","Lea,Gabriel","1","-","1","-/-","-","-/-","-","-","0-0","-/-","-","-","-","-","-","away",8607
2024,"Chapman University","defense","Malley,Jason","1","-","1","-/-","-","-/-","-","-","0-0","-/-","-","-","-","-","-","away",8607
2024,"Chapman University","defense","Kuhlenkamp,Walter","-","-","-","-/-","-","-/-","-","-","0-0","-/-","-","-","-","-","-","away",8607
2024,"Chapman University","defense","Rosenberg,Daniel","-","-","-","-/-","-","-/-","-","-","0-0","-/-","-","-","-","-","-","away",8607
2024,"Chapman University","defense","Boehm,Peter","-","-","-","-/-","-","-/-","-","-","0-0","-/-","-","-","-","-","-","away",8607
2024,"Chapman University","defense","Brutto,Rich","-","-","-","-/-","-","-/-","-","-","0-0","-/-","-","-","-","-","-","away",8607
2024,"Chapman University","defense","White,Kevin","-","-","-","-/-","-","-/-","-","-","0-0","-/-","-","-","1","-","-","away",8607
2024,"Chapman University","defense","Edwards,Justin","-","-","-","-/-","-","-/-","-","-","0-0","-/-","-","-","-","-","-","away",8607
2024,"Chapman University","defense","Benzan,Enzo","-","-","-","-/-","-","-/-","-","-","0-0","-/10","-","-","-","-","-","away",8607
2024,"Chicago","defense","A Carrasquillo","4","1","5","-/-","-","-/-","-","-","0-0","-/-","-","-","-","-","-","home",8600
2024,"Chicago","defense","Kirby Baynes","2","3","5","-/-","-","-/-","-","-","0-0","-/-","1-0","1","-","-","-","home",8600
2024,"Chicago","defense","Michael Houk","1","4","5","1.0/6","1.0","1.0/6","1.0","-","0-0","-/-","-","-","-","-","-","home",8600
2024,"Chicago","defense","Joey Asta","2","1","3","2.0/2","2.0","-/-","-","-","0-0","-/-","-","-","-","-","-","home",8600
2024,"Chicago","defense","Cesar Fernandez","3","-","3","-/-","-","-/-","-","-","0-0","-/-","1-27","1","-","-","-","home",8600
2024,"Chicago","defense","Grant Foster","3","-","3","-/-","-","-/-","-","-","0-0","-/-","-","-","-","-","-","home",8600
2024,"Chicago","defense","Thanio Bright","2","1","3","-/-","-","-/-","-","-","0-0","-/-","-","-","-","-","-","home",8600
2024,"Chicago","defense","Carson Navarro","2","1","3","-/-","-","-/-","-","-","0-0","-/-","1-0","1","-","-","-","home",8600
2024,"Chicago","defense","Kevin White","2","-","2","-/-","-","-/-","-","-","0-0","-/-","-","-","-","-","-","home",8600
2024,"Chicago","defense","Chase Cioe","2","-","2","-/-","-","-/-","-","-","0-0","-/-","-","-","-","-","-","home",8600
2024,"Chicago","defense","Elijah Costa","2","-","2","2.0/7","2.0","1.0/4","1.0","-","0-0","-/-","1-23","1","-","-","-","home",8600
2024,"Chicago","defense","George Skaff","1","1","2","-/-","-","-/-","-","-","0-0","-/-","-","-","-","-","-","home",8600
2024,"Chicago","defense","Ben Littlefield","1","1","2","1.5/2","1.5","-/-","-","-","0-0","-/-","-","-","-","-","-","home",8600
2024,"Chicago","defense","Tom Burton","1","1","2","0.5/1","0.5","-/-","-","-","0-0","-/-","-","-","-","-","-","home",8600
2024,"Chicago","defense","Jason Malley","-","2","2","-/-","-","-/-","-","-","0-0","-/-","-","-","-","-","-","home",8600
2024,"Chicago","defense","Nick Wilde","1","-","1","-/-","-","-/-","-","-","0-0","-/-","-","-","1","-","-","home",8600
2024,"Chicago","defense","Daniel Rosenber","1","-","1","-/-","-","-/-","-","-","0-0","-/-","-","-","-","-","-","home",8600
2024,"Chicago","defense","Austin Andersen","1","-","1","1.0/10","1.0","1.0/10","1.0","-","0-0","-/-","-","-","-","-","-","home",8600
2024,"Chicago","defense","Harry Zhou","1","-","1","-/-","-","-/-","-","-","0-0","-/-","-","-","-","-","-","home",8600
2024,"Chicago","defense","Jacob O'Connell","-","1","1","-/-","-","-/-","-","-","0-0","-/-","-","-","1","-","-","home",8600
2024,"Chicago","defense","Addi Reddinger","1","-","1","-/-","-","-/-","-","-","0-0","-/-","-","-","1","-","-","home",8600
2024,"Chicago","defense","Drew Van Komen","1","-","1","-/-","-","-/-","-","-","0-0","-/-","-","-","-","-","-","home",8600
2024,"Chicago","defense","George Kruger","-","1","1","-/-","-","-/-","-","-","0-0","-/-","-","-","1","-","-","home",8600
2024,"Chicago","defense","Grady Johnson","-","1","1","-/-","-","-/-","-","-","0-0","-/-","-","-","-","-","-","home",8600
2024,"Chicago","defense","Caleb Chang","-","1","1","-/-","-","-/-","-","-","0-0","-/-","-","-","-","-","-","home",8600
2024,"Chicago","defense","Aengus Wilson","1","-","1","-/-","-","-/-","-","-","0-0","-/-","-","-","1","-","-","home",8600
2024,"Chicago","defense","Gabriel Lea","-","-","-","-/-","-","-/-","-","-","0-0","-/-","-","-","1","-","-","home",8600
2024,"Chicago","defense","Evan Gerber","-","-","-","-/-","-","-/-","-","-","0-0","-/-","-","-","1","-","-","home",8600
2024,"Chicago","defense","Aid Cappellino","6","6","12","0.5/1","0.5","-/-","-","-","0-0","-/-","-","-","2","-","-","away",8600
2024,"Chicago","defense","Michael D'Orazi","3","5","8","0.5/-","0.5","-/-","-","-","0-0","-/-","-","-","1","-","-","away",8600
2024,"Chicago","defense","Seamus Kelly","3","4","7","2.0/5","2.0","-/-","-","-","0-0","-/-","-","-","-","-","1","away",8600
2024,"Chicago","defense","Chri Simington","1","5","6","1.0/3","1.0","0.5/2","0.5","-","0-0","-/-","-","-","-","-","-","away",8600
2024,"Chicago","defense","Henr Partridge","5","-","5","-/-","-","-/-","-","-","0-0","-/-","-","-","-","-","-","away",8600
2024,"Chicago","defense","Josh Minton","2","2","4","-/-","-","-/-","-","-","0-0","-/-","-","-","-","-","-","away",8600
2024,"Chicago","defense","Braedon Junker","1","3","4","-/-","-","-/-","-","-","0-0","-/-","-","-","1","-","-","away",8600
2024,"Chicago","defense","Jurg Schmedlen","1","3","4","-/-","-","-/-","-","-","0-0","-/-","-","-","-","-","-","away",8600
2024,"Chicago","defense","Jake Horowitz","2","1","3","-/-","-","-/-","-","-","0-0","-/-","1-0","1","-","-","-","away",8600
2024,"Chicago","defense","Zach Meyer","1","2","3","1.5/4","1.5","-/-","-","-","0-0","-/-","-","-","-","-","-","away",8600
2024,"Chicago","defense","Kaelen Cooper","2","1","3","-/-","-","-/-","-","-","0-0","-/-","-","-","-","-","-","away",8600
2024,"Chicago","defense","Mar Gorbatenko","-","3","3","-/-","-","-/-","-","-","0-0","-/-","-","-","-","-","-","away",8600
2024,"Chicago","defense","Banks Platford","-","2","2","0.5/2","0.5","0.5/2","0.5","-","0-0","-/-","-","-","-","-","-","away",8600
2024,"Chicago","defense","Stir Sakashita","1","1","2","-/-","-","-/-","-","-","0-0","-/-","-","-","-","-","-","away",8600
2024,"Chicago","defense","Aiden Mandell","1","-","1","-/-","-","-/-","-","-","0-0","-/-","-","-","-","-","-","away",8600
2024,"Chicago","defense","Maceo Marshall","1","-","1","-/-","-","-/-","-","-","0-0","-/-","-","-","-","-","-","away",8600
2024,"Chicago","defense","Manav Domadia","-","1","1","-/-","-","-/-","-","-","0-0","-/-","-","-","-","-","-","away",8600
2024,"Chicago","defense","Jayden Lucian","1","-","1","-/-","-","-/-","-","-","0-0","-/-","-","-","-","-","-","away",8600
2024,"Chicago","defense","Mich Heiberger","-","1","1","-/-","-","-/-","-","-","0-0","-/-","-","-","-","-","-","away",8600
2024,"George Fox","defense","Martin,Nolan","7","6","13","-/-","-","-/-","-","-","0-1","1/-","-","-","-","-","-","home",8601
2024,"George Fox","defense","Tack,Noah","2","8","10","0.5/1","0.5","-/-","-","-","0-0","-/-","-","-","-","-","-","home",8601
2024,"George Fox","defense","Wylie,Nash","4","5","9","1.0/1","1.0","-/-","-","1","1-0","-/-","-","-","-","-","-","home",8601
2024,"George Fox","defense","Kincaid,Silas","-","6","6","-/-","-","-/-","-","-","0-0","-/-","-","-","-","-","-","home",8601
2024,"George Fox","defense","Palama,Dylan","-","4","4","-/-","-","-/-","-","-","0-0","-/-","-","-","-","-","-","home",8601
2024,"George Fox","defense","Borde,Ty","2","2","4","-/-","-","-/-","-","-","0-0","-/-","-","-","2","-","-","home",8601
2024,"George Fox","defense","Kunze,Dustin","1","3","4","-/-","-","-/-","-","-","0-0","-/-","-","-","1","-","-","home",8601
2024,"George Fox","defense","Harrison,Austin","1","3","4","-/-","-","-/-","-","-","0-0","-/-","-","-","-","-","-","home",8601
2024,"George Fox","defense","Schaan,Kiegan","2","2","4","1.5/1","1.5","-/-","-","-","0-0","-/-","-","-","-","-","-","home",8601
2024,"George Fox","defense","Goetz,Bryce","-","4","4","-/-","-","-/-","-","-","0-0","-/-","-","-","1","-","1","home",8601
2024,"George Fox","defense","McElfish,Caleb","1","2","3","-/-","-","-/-","-","-","0-0","-/-","-","-","-","-","-","home",8601
2024,"George Fox","defense","Holsey,Zak","1","2","3","-/-","-","-/-","-","-","0-0","-/-","1-8","1","-","-","-","home",8601
2024,"George Fox","defense","Assink,Kuyper","3","-","3","1.0/4","1.0","-/-","-","-","0-0","-/-","-","-","-","-","-","home",8601
2024,"George Fox","defense","Miller,Eli","1","1","2","-/-","-","-/-","-","-","0-0","-/-","-","-","-","-","-","home",8601
2024,"George Fox","defense","Price,Ethan","-","2","2","-/-","-","-/-","-","-","0-0","-/-","-","-","-","-","-","home",8601
2024,"George Fox","defense","deSmet,Justin","1","-","1","-/-","-","-/-","-","-","0-0","-/-","-","-","-","-","-","home",8601
2024,"George Fox","defense","Mazurowski,Blake","-","1","1","-/-","-","-/-","-","-","0-0","-/-","-","-","-","-","-","home",8601
2024,"George Fox","defense","Stesiak,Gannon","-","1","1","-/-","-","-/-","-","-","0-0","-/-","-","-","-","-","-","home",8601
2024,"George Fox","defense","Raever,Kaden","1","-","1","-/-","-","-/-","-","-","0-0","-/-","-","-","-","-","-","home",8601
2024,"George Fox","defense","Moffitt,William","-","-","-","-/-","-","-/-","-","-","0-0","-/-","-","-","-","-","-","home",8601
2024,"George Fox","defense","Thomas II,DeMontre","-","-","-","-/-","-","-/-","-","-","0-0","-/-","-","-","-","-","-","home",8601
2024,"George Fox","defense","Iokia,Kaikoa","-","-","-","-/-","-","-/-","-","-","0-1","1/-","-","-","-","-","-","home",8601
2024,"George Fox","defense","Rembisz,Ben","-","-","-","-/-","-","-/-","-","-","0-0","-/-","-","-","-","-","-","home",8601
2024,"George Fox","defense","Asta,Joey","3","6","9","1.0/3","1.0","1.0/3","1.0","1","1-0","-/-","-","-","-","-","-","away",8601
2024,"George Fox","defense","Costa,Elijah","-","6","6","-/-","-","-/-","-","-","0-0","-/-","-","-","-","-","-","away",8601
2024,"George Fox","defense","Baynes,Kirby","2","3","5","-/-","-","-/-","-","-","0-0","-/-","-","-","1","-","-","away",8601
2024,"George Fox","defense","Bright,Thanio","1","4","5","-/-","-","-/-","-","-","0-0","-/-","-","-","-","-","-","away",8601
2024,"George Fox","defense","O'Connell,Jacob","2","2","4","1.0/6","1.0","1.0/6","1.0","-","0-0","-/-","1-20","1","-","-","-","away",8601
2024,"George Fox","defense","Kruger,George","1","3","4","-/-","-","-/-","-","-","0-0","-/-","-","-","1","-","-","away",8601
2024,"George Fox","defense","Hamlin,Tarius","2","2","4","1.5/2","1.5","-/-","-","-","0-1","1/-","-","-","-","-","-","away",8601
2024,"George Fox","defense","Chang,Caleb","3","1","4","0.5/-","0.5","-/-","-","-","0-0","-/-","-","-","-","-","-","away",8601
2024,"George Fox","defense","Gerber,Evan","1","3","4","0.5/1","0.5","-/-","-","-","0-0","-/-","-","-","1","-","-","away",8601
2024,"George Fox","defense","Carrasquillo,Andrew","2","1","3","-/-","-","-/-","-","-","0-0","-/-","-","-","-","-","-","away",8601
2024,"George Fox","defense","Skaff,George","2","1","3","0.5/1","0.5","-/-","-","-","0-0","-/-","-","-","-","-","1","away",8601
2024,"George Fox","defense","Zhou,Harry","1","1","2","1.5/8","1.5","-/-","-","-","0-0","-/-","-","-","-","-","-","away",8601
2024,"George Fox","defense","Navarro,Carson","1","1","2","-/-","-","-/-","-","-","0-0","-/-","-","-","-","-","-","away",8601
2024,"George Fox","defense","Hlavaty,Spencer","-","2","2","-/-","-","-/-","-","-","0-0","-/-","-","-","-","-","-","away",8601
2024,"George Fox","defense","Littlefield,Benjamin","1","1","2","1.0/1","1.0","-/-","-","-","0-0","-/-","-","-","-","-","-","away",8601
2024,"George Fox","defense","Burton,Tom","-","2","2","0.5/1","0.5","-/-","-","-","0-0","-/-","-","-","-","-","-","away",8601
2024,"George Fox","defense","Wilde,Nick","1","-","1","-/-","-","-/-","-","-","0-0","-/-","-","-","-","-","-","away",8601
2024,"George Fox","defense","Brewer,Samuel","1","-","1","-/-","-","-/-","-","-","0-0","-/-","-","-","-","-","-","away",8601
2024,"George Fox","defense","Davis,Jack","1","-","1","-/-","-","-/-","-","-","0-0","-/-","-","-","-","-","-","away",8601
2024,"George Fox","defense","Reddinger,Addison","1","-","1","-/-","-","-/-","-","-","0-0","-/-","-","-","-","-","1","away",8601
2024,"George Fox","defense","Miller,Calvin","-","1","1","-/-","-","-/-","-","-","0-0","-/-","-","-","-","-","-","away",8601
2024,"George Fox","defense","Sherman,Dylan","-","1","1","-/-","-","-/-","-","-","0-0","-/-","-","-","-","-","-","away",8601
2024,"George Fox","defense","Johnson,Grady","1","-","1","-/-","-","-/-","-","-","0-0","-/-","-","-","-","-","-","away",8601
2024,"George Fox","defense","Massino,Andrew","-","1","1","-/-","-","-/-","-","-","0-0","-/-","-","-","-","-","-","away",8601
2024,"George Fox","defense","Mey,Bryce","1","-","1","-/-","-","-/-","-","-","0-0","-/-","-","-","-","-","-","away",8601
2024,"George Fox","defense","Houk,Michael","1","-","1","-/-","-","-/-","-","-","0-0","-/-","-","-","-","-","-","away",8601
2024,"George Fox","defense","Cotton,Mason","-","-","-","-/-","-","-/-","-","-","0-0","-/-","-","-","-","-","-","away",8601
2024,"George Fox","defense","Brutto,Rich","-","-","-","-/-","-","-/-","-","-","0-0","-/-","-","-","-","-","-","away",8601
2024,"George Fox","defense","Edwards,Justin","-","-","-","-/-","-","-/-","-","-","0-0","-/-","-","-","-","-","-","away",8601
2024,"George Fox University","defense","Martin,Nolan","7","6","13","-/-","-","-/-","-","-","0-1","1/-","-","-","-","-","-","home",8601
2024,"George Fox University","defense","Tack,Noah","2","8","10","0.5/1","0.5","-/-","-","-","0-0","-/-","-","-","-","-","-","home",8601
2024,"George Fox University","defense","Wylie,Nash","4","5","9","1.0/1","1.0","-/-","-","1","1-0","-/-","-","-","-","-","-","home",8601
2024,"George Fox University","defense","Kincaid,Silas","-","6","6","-/-","-","-/-","-","-","0-0","-/-","-","-","-","-","-","home",8601
2024,"George Fox University","defense","Palama,Dylan","-","4","4","-/-","-","-/-","-","-","0-0","-/-","-","-","-","-","-","home",8601
2024,"George Fox University","defense","Borde,Ty","2","2","4","-/-","-","-/-","-","-","0-0","-/-","-","-","2","-","-","home",8601
2024,"George Fox University","defense","Kunze,Dustin","1","3","4","-/-","-","-/-","-","-","0-0","-/-","-","-","1","-","-","home",8601
2024,"George Fox University","defense","Harrison,Austin","1","3","4","-/-","-","-/-","-","-","0-0","-/-","-","-","-","-","-","home",8601
2024,"George Fox University","defense","Schaan,Kiegan","2","2","4","1.5/1","1.5","-/-","-","-","0-0","-/-","-","-","-","-","-","home",8601
2024,"George Fox University","defense","Goetz,Bryce","-","4","4","-/-","-","-/-","-","-","0-0","-/-","-","-","1","-","1","home",8601
2024,"George Fox University","defense","McElfish,Caleb","1","2","3","-/-","-","-/-","-","-","0-0","-/-","-","-","-","-","-","home",8601
2024,"George Fox University","defense","Holsey,Zak","1","2","3","-/-","-","-/-","-","-","0-0","-/-","1-8","1","-","-","-","home",8601
2024,"George Fox University","defense","Assink,Kuyper","3","-","3","1.0/4","1.0","-/-","-","-","0-0","-/-","-","-","-","-","-","home",8601
2024,"George Fox University","defense","Miller,Eli","1","1","2","-/-","-","-/-","-","-","0-0","-/-","-","-","-","-","-","home",8601
2024,"George Fox University","defense","Price,Ethan","-","2","2","-/-","-","-/-","-","-","0-0","-/-","-","-","-","-","-","home",8601
2024,"George Fox University","defense","deSmet,Justin","1","-","1","-/-","-","-/-","-","-","0-0","-/-","-","-","-","-","-","home",8601
2024,"George Fox University","defense","Mazurowski,Blake","-","1","1","-/-","-","-/-","-","-","0-0","-/-","-","-","-","-","-","home",8601
2024,"George Fox University","defense","Stesiak,Gannon","-","1","1","-/-","-","-/-","-","-","0-0","-/-","-","-","-","-","-","home",8601
2024,"George Fox University","defense","Raever,Kaden","1","-","1","-/-","-","-/-","-","-","0-0","-/-","-","-","-","-","-","home",8601
2024,"George Fox University","defense","Moffitt,William","-","-","-","-/-","-","-/-","-","-","0-0","-/-","-","-","-","-","-","home",8601
2024,"George Fox University","defense","Thomas II,DeMontre","-","-","-","-/-","-","-/-","-","-","0-0","-/-","-","-","-","-","-","home",8601
2024,"George Fox University","defense","Iokia,Kaikoa","-","-","-","-/-","-","-/-","-","-","0-1","1/-","-","-","-","-","-","home",8601
2024,"George Fox University","defense","Rembisz,Ben","-","-","-","-/-","-","-/-","-","-","0-0","-/-","-","-","-","-","-","home",8601
2024,"George Fox University","defense","Asta,Joey","3","6","9","1.0/3","1.0","1.0/3","1.0","1","1-0","-/-","-","-","-","-","-","away",8601
2024,"George Fox University","defense","Costa,Elijah","-","6","6","-/-","-","-/-","-","-","0-0","-/-","-","-","-","-","-","away",8601
2024,"George Fox University","defense","Baynes,Kirby","2","3","5","-/-","-","-/-","-","-","0-0","-/-","-","-","1","-","-","away",8601
2024,"George Fox University","defense","Bright,Thanio","1","4","5","-/-","-","-/-","-","-","0-0","-/-","-","-","-","-","-","away",8601
2024,"George Fox University","defense","O'Connell,Jacob","2","2","4","1.0/6","1.0","1.0/6","1.0","-","0-0","-/-","1-20","1","-","-","-","away",8601
2024,"George Fox University","defense","Kruger,George","1","3","4","-/-","-","-/-","-","-","0-0","-/-","-","-","1","-","-","away",8601
2024,"George Fox University","defense","Hamlin,Tarius","2","2","4","1.5/2","1.5","-/-","-","-","0-1","1/-","-","-","-","-","-","away",8601
2024,"George Fox University","defense","Chang,Caleb","3","1","4","0.5/-","0.5","-/-","-","-","0-0","-/-","-","-","-","-","-","away",8601
2024,"George Fox University","defense","Gerber,Evan","1","3","4","0.5/1","0.5","-/-","-","-","0-0","-/-","-","-","1","-","-","away",8601
2024,"George Fox University","defense","Carrasquillo,Andrew","2","1","3","-/-","-","-/-","-","-","0-0","-/-","-","-","-","-","-","away",8601
2024,"George Fox University","defense","Skaff,George","2","1","3","0.5/1","0.5","-/-","-","-","0-0","-/-","-","-","-","-","1","away",8601
2024,"George Fox University","defense","Zhou,Harry","1","1","2","1.5/8","1.5","-/-","-","-","0-0","-/-","-","-","-","-","-","away",8601
2024,"George Fox University","defense","Navarro,Carson","1","1","2","-/-","-","-/-","-","-","0-0","-/-","-","-","-","-","-","away",8601
2024,"George Fox University","defense","Hlavaty,Spencer","-","2","2","-/-","-","-/-","-","-","0-0","-/-","-","-","-","-","-","away",8601
2024,"George Fox University","defense","Littlefield,Benjamin","1","1","2","1.0/1","1.0","-/-","-","-","0-0","-/-","-","-","-","-","-","away",8601
2024,"George Fox University","defense","Burton,Tom","-","2","2","0.5/1","0.5","-/-","-","-","0-0","-/-","-","-","-","-","-","away",8601
2024,"George Fox University","defense","Wilde,Nick","1","-","1","-/-","-","-/-","-","-","0-0","-/-","-","-","-","-","-","away",8601
2024,"George Fox University","defense","Brewer,Samuel","1","-","1","-/-","-","-/-","-","-","0-0","-/-","-","-","-","-","-","away",8601
2024,"George Fox University","defense","Davis,Jack","1","-","1","-/-","-","-/-","-","-","0-0","-/-","-","-","-","-","-","away",8601
2024,"George Fox University","defense","Reddinger,Addison","1","-","1","-/-","-","-/-","-","-","0-0","-/-","-","-","-","-","1","away",8601
2024,"George Fox University","defense","Miller,Calvin","-","1","1","-/-","-","-/-","-","-","0-0","-/-","-","-","-","-","-","away",8601
2024,"George Fox University","defense","Sherman,Dylan","-","1","1","-/-","-","-/-","-","-","0-0","-/-","-","-","-","-","-","away",8601
2024,"George Fox University","defense","Johnson,Grady","1","-","1","-/-","-","-/-","-","-","0-0","-/-","-","-","-","-","-","away",8601
2024,"George Fox University","defense","Massino,Andrew","-","1","1","-/-","-","-/-","-","-","0-0","-/-","-","-","-","-","-","away",8601
2024,"George Fox University","defense","Mey,Bryce","1","-","1","-/-","-","-/-","-","-","0-0","-/-","-","-","-","-","-","away",8601
2024,"George Fox University","defense","Houk,Michael","1","-","1","-/-","-","-/-","-","-","0-0","-/-","-","-","-","-","-","away",8601
2024,"George Fox University","defense","Cotton,Mason","-","-","-","-/-","-","-/-","-","-","0-0","-/-","-","-","-","-","-","away",8601
2024,"George Fox University","defense","Brutto,Rich","-","-","-","-/-","-","-/-","-","-","0-0","-/-","-","-","-","-","-","away",8601
2024,"George Fox University","defense","Edwards,Justin","-","-","-","-/-","-","-/-","-","-","0-0","-/-","-","-","-","-","-","away",8601
2024,"La Verne","defense","Gabe Gangi-Saro","3","3","6","-/-","-","-/-","-","-","0-0","-/-","-","-","-","-","-","home",8605
2024,"La Verne","defense","George Skaff","-","5","5","1.0/2","1.0","-/-","-","-","0-0","-/-","-","-","-","-","-","home",8605
2024,"La Verne","defense","Austin Andersen","1","3","4","0.5/1","0.5","-/-","-","-","0-1","1/-","-","-","-","-","-","home",8605
2024,"La Verne","defense","Addison Redding","-","4","4","0.5/1","0.5","-/-","-","-","0-0","-/-","-","-","-","-","-","home",8605
2024,"La Verne","defense","Carson Navarro","1","3","4","-/-","-","-/-","-","-","0-0","-/-","-","-","-","-","-","home",8605
2024,"La Verne","defense","George Kruger","-","4","4","-/-","-","-/-","-","-","0-0","-/-","-","-","-","-","-","home",8605
2024,"La Verne","defense","Joey Asta","1","3","4","-/-","-","-/-","-","-","0-0","-/-","1-12","1","-","-","1","home",8605
2024,"La Verne","defense","Tarius Hamlin","1","3","4","0.5/1","0.5","-/-","-","-","0-0","-/-","-","-","-","-","-","home",8605
2024,"La Verne","defense","Xzavier Sablan","2","1","3","-/-","-","-/-","-","-","0-0","-/-","-","-","-","-","-","home",8605
2024,"La Verne","defense","Gabriel Lea","2","1","3","-/-","-","-/-","-","-","0-0","-/-","-","-","-","-","-","home",8605
2024,"La Verne","defense","Michael Houk","1","2","3","-/-","-","-/-","-","1","1-0","-/-","-","-","-","-","-","home",8605
2024,"La Verne","defense","Nick Wilde","1","1","2","0.5/1","0.5","-/-","-","-","0-0","-/-","-","-","-","-","-","home",8605
2024,"La Verne","defense","Kirby Baynes","1","1","2","0.5/1","0.5","-/-","-","-","0-0","-/-","-","-","-","-","-","home",8605
2024,"La Verne","defense","Thanio Bright","-","2","2","-/-","-","-/-","-","-","0-0","-/-","-","-","-","-","-","home",8605
2024,"La Verne","defense","Jacob O'Connell","2","-","2","1.0/1","1.0","-/-","-","-","0-0","-/-","-","-","-","-","-","home",8605
2024,"La Verne","defense","Calvin Miller","1","1","2","-/-","-","-/-","-","-","0-0","-/-","-","-","-","-","-","home",8605
2024,"La Verne","defense","Chase Cioe","-","2","2","-/-","-","-/-","-","-","0-0","-/-","-","-","-","-","-","home",8605
2024,"La Verne","defense","Jake Son","1","1","2","-/-","-","-/-","-","-","0-0","-/-","-","-","-","-","-","home",8605
2024,"La Verne","defense","Drew Van komen","-","2","2","-/-","-","-/-","-","-","0-0","-/-","-","-","-","-","-","home",8605
2024,"La Verne","defense","Grady Johnson","-","2","2","0.5/-","0.5","-/-","-","-","0-0","-/-","-","-","-","-","-","home",8605
2024,"La Verne","defense","Zeke Vallez","1","1","2","-/-","-","-/-","-","-","0-0","-/-","-","-","-","-","-","home",8605
2024,"La Verne","defense","Dominic Vallier","-","2","2","-/-","-","-/-","-","-","0-0","-/-","-","-","-","-","-","home",8605
2024,"La Verne","defense","Benjamin Little","-","2","2","0.5/-","0.5","-/-","-","-","0-0","-/-","-","-","-","-","-","home",8605
2024,"La Verne","defense","Harry Zhou","-","1","1","-/-","-","-/-","-","-","0-0","-/-","-","-","-","-","-","home",8605
2024,"La Verne","defense","Elijah Costa","-","1","1","-/-","-","-/-","-","-","0-0","-/-","-","-","-","-","-","home",8605
2024,"La Verne","defense","Andre Nesbit","1","-","1","-/-","-","-/-","-","-","0-0","-/-","-","-","-","-","-","home",8605
2024,"La Verne","defense","Enzo Benzan","1","-","1","-/-","-","-/-","-","-","0-0","-/-","-","-","-","-","-","home",8605
2024,"La Verne","defense","Jason Malley","-","1","1","0.5/-","0.5","-/-","-","-","0-0","-/-","-","-","-","-","-","home",8605
2024,"La Verne","defense","Evan Gerber","1","-","1","-/-","-","-/-","-","-","0-0","-/-","-","-","-","-","-","home",8605
2024,"La Verne","defense","Aengus Wilson","-","-","-","-/-","-","-/-","-","-","0-1","1/-","-","-","-","-","-","home",8605
2024,"La Verne","defense","Vicente Zepeda","3","8","11","-/-","-","-/-","-","-","0-0","-/-","-","-","-","-","-","away",8605
2024,"La Verne","defense","De Lante Moore","5","4","9","1.0/1","1.0","-/-","-","-","0-0","-/-","1-5","1","-","-","-","away",8605
2024,"La Verne","defense","Nathan Tagaloa","5","4","9","1.0/3","1.0","-/-","-","1","1-0","-/-","-","-","-","-","-","away",8605
2024,"La Verne","defense","Braeden Varney","-","5","5","-/-","-","-/-","-","-","0-0","-/-","-","-","-","-","-","away",8605
2024,"La Verne","defense","Joshua Workizer","4","1","5","-/-","-","-/-","-","-","0-0","-/-","-","-","-","-","-","away",8605
2024,"La Verne","defense","Josiah Finnell","1","3","4","-/-","-","-/-","-","-","0-1","1/5","-","-","-","-","-","away",8605
2024,"La Verne","defense","Devin Martin","2","2","4","-/-","-","-/-","-","-","0-0","-/-","-","-","-","-","-","away",8605
2024,"La Verne","defense","Jomar Brown","3","-","3","-/-","-","-/-","-","-","0-0","-/-","-","-","1","-","-","away",8605
2024,"La Verne","defense","Dylan Reiner","-","3","3","-/-","-","-/-","-","-","0-0","-/-","-","-","-","-","-","away",8605
2024,"La Verne","defense","Jeremia Naylor","1","2","3","-/-","-","-/-","-","-","0-0","-/-","-","-","-","-","-","away",8605
2024,"La Verne","defense","Marcelle Logan","-","2","2","0.5/2","0.5","-/-","-","-","0-0","-/-","-","-","-","-","-","away",8605
2024,"La Verne","defense","Manuel Ortiz","-","2","2","-/-","-","-/-","-","-","0-0","-/-","-","-","-","-","-","away",8605
2024,"La Verne","defense","David Vega","-","2","2","-/-","-","-/-","-","-","0-0","-/-","-","-","-","-","-","away",8605
2024,"La Verne","defense","Manav Bhagat","2","-","2","-/-","-","-/-","-","-","0-0","-/-","-","-","-","-","-","away",8605
2024,"La Verne","defense","Chris Long","1","-","1","-/-","-","-/-","-","-","0-0","-/-","-","-","-","-","-","away",8605
2024,"La Verne","defense","Ronald Ropke","-","1","1","-/-","-","-/-","-","-","0-0","-/-","-","-","-","-","-","away",8605
2024,"La Verne","defense","Elijah Duckwort","1","-","1","-/-","-","-/-","-","-","0-0","-/-","-","-","-","-","-","away",8605
2024,"La Verne","defense","Justin Mondini","-","1","1","-/-","-","-/-","-","-","0-0","-/-","-","-","-","-","-","away",8605
2024,"La Verne","defense","Julian Martinez","-","1","1","-/-","-","-/-","-","-","0-0","-/-","-","-","-","-","-","away",8605
2024,"La Verne","defense","Kekoa Barnes","-","1","1","-/-","-","-/-","-","-","0-0","-/-","-","-","-","-","-","away",8605
2024,"La Verne","defense","Anthony Villalo","-","1","1","-/-","-","-/-","-","-","0-0","-/-","-","-","-","-","-","away",8605
2024,"La Verne","defense","Richard Blancha","-","1","1","-/-","-","-/-","-","-","0-0","-/-","-","-","-","-","-","away",8605
2024,"La Verne","defense","Hugo Mendoza","1","-","1","-/-","-","-/-","-","-","0-0","-/-","-","-","-","-","-","away",8605
2024,"La Verne","defense","Darnell Jenning","-","1","1","-/-","-","-/-","-","-","0-0","-/-","-","-","-","-","-","away",8605
2024,"La Verne","defense","Micah Espana","-","1","1","-/-","-","-/-","-","-","0-0","-/-","-","-","-","-","-","away",8605
2024,"La Verne","defense","Connor Carver","-","1","1","0.5/1","0.5","-/-","-","-","0-0","-/-","-","-","-","-","-","away",8605
2024,"La Verne","defense","Jonluke Vega","1","-","1","-/-","-","-/-","-","-","0-0","-/-","-","-","-","-","-","away",8605
2024,"La Verne","defense","Gabriel Avila","-","1","1","-/-","-","-/-","-","-","0-0","-/-","-","-","-","-","-","away",8605
2024,"La Verne","defense","Fredrick Mangan","-","-","-","-/-","-","-/-","-","-","0-0","-/-","-","-","-","1","-","away",8605
2024,"La Verne University","defense","Gabe Gangi-Saro","3","3","6","-/-","-","-/-","-","-","0-0","-/-","-","-","-","-","-","home",8605
2024,"La Verne University","defense","George Skaff","-","5","5","1.0/2","1.0","-/-","-","-","0-0","-/-","-","-","-","-","-","home",8605
2024,"La Verne University","defense","Austin Andersen","1","3","4","0.5/1","0.5","-/-","-","-","0-1","1/-","-","-","-","-","-","home",8605
2024,"La Verne University","defense","Addison Redding","-","4","4","0.5/1","0.5","-/-","-","-","0-0","-/-","-","-","-","-","-","home",8605
2024,"La Verne University","defense","Carson Navarro","1","3","4","-/-","-","-/-","-","-","0-0","-/-","-","-","-","-","-","home",8605
2024,"La Verne University","defense","George Kruger","-","4","4","-/-","-","-/-","-","-","0-0","-/-","-","-","-","-","-","home",8605
2024,"La Verne University","defense","Joey Asta","1","3","4","-/-","-","-/-","-","-","0-0","-/-","1-12","1","-","-","1","home",8605
2024,"La Verne University","defense","Tarius Hamlin","1","3","4","0.5/1","0.5","-/-","-","-","0-0","-/-","-","-","-","-","-","home",8605
2024,"La Verne University","defense","Xzavier Sablan","2","1","3","-/-","-","-/-","-","-","0-0","-/-","-","-","-","-","-","home",8605
2024,"La Verne University","defense","Gabriel Lea","2","1","3","-/-","-","-/-","-","-","0-0","-/-","-","-","-","-","-","home",8605
2024,"La Verne University","defense","Michael Houk","1","2","3","-/-","-","-/-","-","1","1-0","-/-","-","-","-","-","-","home",8605
2024,"La Verne University","defense","Nick Wilde","1","1","2","0.5/1","0.5","-/-","-","-","0-0","-/-","-","-","-","-","-","home",8605
2024,"La Verne University","defense","Kirby Baynes","1","1","2","0.5/1","0.5","-/-","-","-","0-0","-/-","-","-","-","-","-","home",8605
2024,"La Verne University","defense","Thanio Bright","-","2","2","-/-","-","-/-","-","-","0-0","-/-","-","-","-","-","-","home",8605
2024,"La Verne University","defense","Jacob O'Connell","2","-","2","1.0/1","1.0","-/-","-","-","0-0","-/-","-","-","-","-","-","home",8605
2024,"La Verne University","defense","Calvin Miller","1","1","2","-/-","-","-/-","-","-","0-0","-/-","-","-","-","-","-","home",8605
2024,"La Verne University","defense","Chase Cioe","-","2","2","-/-","-","-/-","-","-","0-0","-/-","-","-","-","-","-","home",8605
2024,"La Verne University","defense","Jake Son","1","1","2","-/-","-","-/-","-","-","0-0","-/-","-","-","-","-","-","home",8605
2024,"La Verne University","defense","Drew Van komen","-","2","2","-/-","-","-/-","-","-","0-0","-/-","-","-","-","-","-","home",8605
2024,"La Verne University","defense","Grady Johnson","-","2","2","0.5/-","0.5","-/-","-","-","0-0","-/-","-","-","-","-","-","home",8605
2024,"La Verne University","defense","Zeke Vallez","1","1","2","-/-","-","-/-","-","-","0-0","-/-","-","-","-","-","-","home",8605
2024,"La Verne University","defense","Dominic Vallier","-","2","2","-/-","-","-/-","-","-","0-0","-/-","-","-","-","-","-","home",8605
2024,"La Verne University","defense","Benjamin Little","-","2","2","0.5/-","0.5","-/-","-","-","0-0","-/-","-","-","-","-","-","home",8605
2024,"La Verne University","defense","Harry Zhou","-","1","1","-/-","-","-/-","-","-","0-0","-/-","-","-","-","-","-","home",8605
2024,"La Verne University","defense","Elijah Costa","-","1","1","-/-","-","-/-","-","-","0-0","-/-","-","-","-","-","-","home",8605
2024,"La Verne University","defense","Andre Nesbit","1","-","1","-/-","-","-/-","-","-","0-0","-/-","-","-","-","-","-","home",8605
2024,"La Verne University","defense","Enzo Benzan","1","-","1","-/-","-","-/-","-","-","0-0","-/-","-","-","-","-","-","home",8605
2024,"La Verne University","defense","Jason Malley","-","1","1","0.5/-","0.5","-/-","-","-","0-0","-/-","-","-","-","-","-","home",8605
2024,"La Verne University","defense","Evan Gerber","1","-","1","-/-","-","-/-","-","-","0-0","-/-","-","-","-","-","-","home",8605
2024,"La Verne University","defense","Aengus Wilson","-","-","-","-/-","-","-/-","-","-","0-1","1/-","-","-","-","-","-","home",8605
2024,"La Verne University","defense","Vicente Zepeda","3","8","11","-/-","-","-/-","-","-","0-0","-/-","-","-","-","-","-","away",8605
2024,"La Verne University","defense","De Lante Moore","5","4","9","1.0/1","1.0","-/-","-","-","0-0","-/-","1-5","1","-","-","-","away",8605
2024,"La Verne University","defense","Nathan Tagaloa","5","4","9","1.0/3","1.0","-/-","-","1","1-0","-/-","-","-","-","-","-","away",8605
2024,"La Verne University","defense","Braeden Varney","-","5","5","-/-","-","-/-","-","-","0-0","-/-","-","-","-","-","-","away",8605
2024,"La Verne University","defense","Joshua Workizer","4","1","5","-/-","-","-/-","-","-","0-0","-/-","-","-","-","-","-","away",8605
2024,"La Verne University","defense","Josiah Finnell","1","3","4","-/-","-","-/-","-","-","0-1","1/5","-","-","-","-","-","away",8605
2024,"La Verne University","defense","Devin Martin","2","2","4","-/-","-","-/-","-","-","0-0","-/-","-","-","-","-","-","away",8605
2024,"La Verne University","defense","Jomar Brown","3","-","3","-/-","-","-/-","-","-","0-0","-/-","-","-","1","-","-","away",8605
2024,"La Verne University","defense","Dylan Reiner","-","3","3","-/-","-","-/-","-","-","0-0","-/-","-","-","-","-","-","away",8605
2024,"La Verne University","defense","Jeremia Naylor","1","2","3","-/-","-","-/-","-","-","0-0","-/-","-","-","-","-","-","away",8605
2024,"La Verne University","defense","Marcelle Logan","-","2","2","0.5/2","0.5","-/-","-","-","0-0","-/-","-","-","-","-","-","away",8605
2024,"La Verne University","defense","Manuel Ortiz","-","2","2","-/-","-","-/-","-","-","0-0","-/-","-","-","-","-","-","away",8605
2024,"La Verne University","defense","David Vega","-","2","2","-/-","-","-/-","-","-","0-0","-/-","-","-","-","-","-","away",8605
2024,"La Verne University","defense","Manav Bhagat","2","-","2","-/-","-","-/-","-","-","0-0","-/-","-","-","-","-","-","away",8605
2024,"La Verne University","defense","Chris Long","1","-","1","-/-","-","-/-","-","-","0-0","-/-","-","-","-","-","-","away",8605
2024,"La Verne University","defense","Ronald Ropke","-","1","1","-/-","-","-/-","-","-","0-0","-/-","-","-","-","-","-","away",8605
2024,"La Verne University","defense","Elijah Duckwort","1","-","1","-/-","-","-/-","-","-","0-0","-/-","-","-","-","-","-","away",8605
2024,"La Verne University","defense","Justin Mondini","-","1","1","-/-","-","-/-","-","-","0-0","-/-","-","-","-","-","-","away",8605
2024,"La Verne University","defense","Julian Martinez","-","1","1","-/-","-","-/-","-","-","0-0","-/-","-","-","-","-","-","away",8605
2024,"La Verne University","defense","Kekoa Barnes","-","1","1","-/-","-","-/-","-","-","0-0","-/-","-","-","-","-","-","away",8605
2024,"La Verne University","defense","Anthony Villalo","-","1","1","-/-","-","-/-","-","-","0-0","-/-","-","-","-","-","-","away",8605
2024,"La Verne University","defense","Richard Blancha","-","1","1","-/-","-","-/-","-","-","0-0","-/-","-","-","-","-","-","away",8605
2024,"La Verne University","defense","Hugo Mendoza","1","-","1","-/-","-","-/-","-","-","0-0","-/-","-","-","-","-","-","away",8605
2024,"La Verne University","defense","Darnell Jenning","-","1","1","-/-","-","-/-","-","-","0-0","-/-","-","-","-","-","-","away",8605
2024,"La Verne University","defense","Micah Espana","-","1","1","-/-","-","-/-","-","-","0-0","-/-","-","-","-","-","-","away",8605
2024,"La Verne University","defense","Connor Carver","-","1","1","0.5/1","0.5","-/-","-","-","0-0","-/-","-","-","-","-","-","away",8605
2024,"La Verne University","defense","Jonluke Vega","1","-","1","-/-","-","-/-","-","-","0-0","-/-","-","-","-","-","-","away",8605
2024,"La Verne University","defense","Gabriel Avila","-","1","1","-/-","-","-/-","-","-","0-0","-/-","-","-","-","-","-","away",8605
2024,"La Verne University","defense","Fredrick Mangan","-","-","-","-/-","-","-/-","-","-","0-0","-/-","-","-","-","1","-","away",8605
2024,"Pomona-Pitzer","defense","McConnell,Thomas","12","2","14","2.0/4","2.0","-/-","-","-","0-0","-/-","-","-","-","-","-","home",8603
2024,"Pomona-Pitzer","defense","Konneh,Omaru","3","1","4","-/-","-","-/-","-","-","0-0","-/-","-","-","-","-","-","home",8603
2024,"Pomona-Pitzer","defense","Pickett,Kalani","3","-","3","-/-","-","-/-","-","-","0-0","-/-","-","-","-","-","-","home",8603
2024,"Pomona-Pitzer","defense","Gorman,David","3","-","3","-/-","-","-/-","-","-","0-0","-/-","-","-","-","-","-","home",8603
2024,"Pomona-Pitzer","defense","Butler,Andy","3","-","3","-/-","-","-/-","-","-","0-0","-/-","-","-","-","-","-","home",8603
2024,"Pomona-Pitzer","defense","Lee,Duncan","2","1","3","-/-","-","-/-","-","-","0-0","-/-","-","-","-","-","-","home",8603
2024,"Pomona-Pitzer","defense","Kaufman,Nicholas","2","-","2","-/-","-","-/-","-","-","0-0","-/-","-","-","-","-","-","home",8603
2024,"Pomona-Pitzer","defense","Cutting,George","1","1","2","-/-","-","-/-","-","-","0-0","-/-","-","-","-","-","-","home",8603
2024,"Pomona-Pitzer","defense","Russo,Charlie","-","1","1","-/-","-","-/-","-","-","0-0","-/-","-","-","-","-","-","home",8603
2024,"Pomona-Pitzer","defense","Yen,Joshua","1","-","1","-/-","-","-/-","-","-","0-0","-/-","-","-","-","-","-","home",8603
2024,"Pomona-Pitzer","defense","Glascott,Eamon","-","1","1","-/-","-","-/-","-","-","0-0","-/-","-","-","-","-","1","home",8603
2024,"Pomona-Pitzer","defense","Susank,Jack","1","-","1","-/-","-","-/-","-","-","0-0","-/-","-","-","-","-","-","home",8603
2024,"Pomona-Pitzer","defense","Molinelli,Bo","1","-","1","-/-","-","-/-","-","-","0-0","-/-","-","-","-","-","-","home",8603
2024,"Pomona-Pitzer","defense","Porter,Ben","1","-","1","-/-","-","-/-","-","-","0-0","-/-","-","-","-","-","-","home",8603
2024,"Pomona-Pitzer","defense","Graziano,Elliott","-","1","1","-/-","-","-/-","-","-","0-0","-/-","-","-","-","-","-","home",8603
2024,"Pomona-Pitzer","defense","Milano,Luca","1","-","1","-/-","-","-/-","-","-","0-0","-/-","-","-","-","-","-","home",8603
2024,"Pomona-Pitzer","defense","Norris,Ethan","1","-","1","-/-","-","-/-","-","-","0-0","-/-","-","-","-","-","1","home",8603
2024,"Pomona-Pitzer","defense","Kling,Alden","1","-","1","1.0/1","1.0","-/-","-","-","0-0","-/-","-","-","-","-","-","home",8603
2024,"Pomona-Pitzer","defense","Olson,Matthias","-","-","-","-/-","-","-/-","-","-","0-0","-/-","-","-","-","-","-","home",8603
2024,"Pomona-Pitzer","defense","Walker,Jack","-","-","-","-/-","-","-/-","-","-","0-0","-/-","-","-","-","-","-","home",8603
2024,"Pomona-Pitzer","defense","Valdez,Joaquin","-","-","-","-/-","-","-/-","-","-","0-0","-/-","-","-","-","-","-","home",8603
2024,"Pomona-Pitzer","defense","Eastman,Max","-","-","-","-/-","-","-/-","-","-","0-0","-/-","-","-","-","-","1","home",8603
2024,"Pomona-Pitzer","defense","Siddapureddy,Sathya","-","-","-","-/-","-","-/-","-","-","0-0","-/-","-","-","1","-","1","home",8603
2024,"Pomona-Pitzer","defense","TEAM","-","-","-","-/-","-","-/-","-","-","0-0","-/-","-","-","-","-","-","home",8603
2024,"Pomona-Pitzer","defense","Kruger,George","6","3","9","0.5/1","0.5","-/-","-","-","0-0","-/-","-","-","-","-","-","away",8603
2024,"Pomona-Pitzer","defense","Asta,Joey","5","2","7","0.5/1","0.5","-/-","-","-","0-0","-/-","-","-","-","-","-","away",8603
2024,"Pomona-Pitzer","defense","Baynes,Kirby","6","-","6","-/-","-","-/-","-","-","0-0","-/-","-","-","-","-","-","away",8603
2024,"Pomona-Pitzer","defense","Hamlin,Tarius","5","-","5","1.0/1","1.0","-/-","-","-","0-0","-/-","-","-","-","-","-","away",8603
2024,"Pomona-Pitzer","defense","Wilde,Nick","3","2","5","-/-","-","-/-","-","-","0-0","-/-","-","-","-","-","-","away",8603
2024,"Pomona-Pitzer","defense","Bright,Thanio","2","1","3","-/-","-","-/-","-","-","0-0","-/-","1-0","1","1","-","-","away",8603
2024,"Pomona-Pitzer","defense","Malley,Jason","3","-","3","-/-","-","-/-","-","-","0-0","-/-","-","-","-","-","-","away",8603
2024,"Pomona-Pitzer","defense","O'Connell,Jacob","2","1","3","-/-","-","-/-","-","-","0-0","-/-","1-0","1","-","-","-","away",8603
2024,"Pomona-Pitzer","defense","Skaff,George","1","2","3","-/-","-","-/-","-","-","0-0","-/-","-","-","-","-","1","away",8603
2024,"Pomona-Pitzer","defense","Carrasquillo,Andrew","2","-","2","-/-","-","-/-","-","-","0-0","-/-","-","-","-","-","-","away",8603
2024,"Pomona-Pitzer","defense","Davis,Jack","2","-","2","-/-","-","-/-","-","-","0-0","-/-","-","-","-","-","-","away",8603
2024,"Pomona-Pitzer","defense","Houk,Michael","2","-","2","2.0/7","2.0","1.0/5","1.0","-","0-0","-/-","-","-","-","-","1","away",8603
2024,"Pomona-Pitzer","defense","Johnson,Grady","1","1","2","-/-","-","-/-","-","-","0-0","-/-","-","-","1","-","1","away",8603
2024,"Pomona-Pitzer","defense","Littlefield,Benjamin","-","2","2","-/-","-","-/-","-","-","0-0","-/-","-","-","-","-","-","away",8603
2024,"Pomona-Pitzer","defense","Gerber,Evan","1","-","1","-/-","-","-/-","-","-","0-0","-/-","-","-","-","-","-","away",8603
2024,"Pomona-Pitzer","defense","Navarro,Carson","1","-","1","-/-","-","-/-","-","-","0-0","-/-","-","-","-","-","-","away",8603
2024,"Pomona-Pitzer","defense","Reddinger,Addison","1","-","1","-/-","-","-/-","-","-","0-0","-/-","-","-","-","-","-","away",8603
2024,"Pomona-Pitzer","defense","Rosenberg,Daniel","1","-","1","-/-","-","-/-","-","-","0-0","-/-","-","-","-","-","-","away",8603
2024,"Pomona-Pitzer","defense","Son,Jake","1","-","1","-/-","-","-/-","-","-","0-0","-/-","-","-","-","-","-","away",8603
2024,"Pomona-Pitzer","defense","Tabb,Jonathan","1","-","1","-/-","-","-/-","-","-","0-0","-/-","-","-","-","-","-","away",8603
2024,"Pomona-Pitzer","defense","Brutto,Rich","-","-","-","-/-","-","-/-","-","-","0-0","-/-","-","-","-","-","-","away",8603
2024,"Pomona-Pitzer","defense","Cotton,Mason","-","-","-","-/-","-","-/-","-","-","0-0","-/-","-","-","-","-","-","away",8603
2024,"Pomona-Pitzer","defense","Cynkar,Anderson","-","-","-","-/-","-","-/-","-","-","0-0","-/-","-","-","-","-","-","away",8603
2024,"Pomona-Pitzer","defense","Edwards,Justin","-","-","-","-/-","-","-/-","-","-","0-0","-/-","-","-","-","-","-","away",8603
2024,"Pomona-Pitzer","defense","Kuhlenkamp,Walter","-","-","-","-/-","-","-/-","-","-","0-0","-/-","-","-","-","-","-","away",8603
2024,"Redlands","defense","Matt Lising","5","-","5","-/-","-","-/-","-","-","0-0","-/-","-","-","-","-","-","home",8606
2024,"Redlands","defense","Jaeden Thorn","5","-","5","-/-","-","-/-","-","-","0-0","-/-","-","-","-","-","-","home",8606
2024,"Redlands","defense","Craig Hunter","4","-","4","1.0/1","1.0","1.0/1","1.0","-","0-0","-/-","-","-","-","-","-","home",8606
2024,"Redlands","defense","Laure Williams","4","-","4","-/-","-","-/-","-","-","0-0","-/-","-","-","1","-","-","home",8606
2024,"Redlands","defense","Aaron Muniz","4","-","4","1.0/3","1.0","-/-","-","-","0-0","-/-","-","-","-","-","-","home",8606
2024,"Redlands","defense","Chase Hunter","2","-","2","-/-","-","-/-","-","-","0-0","-/-","-","-","-","-","-","home",8606
2024,"Redlands","defense","Cole Smith","2","-","2","1.0/1","1.0","1.0/1","1.0","-","0-0","-/-","-","-","-","-","-","home",8606
2024,"Redlands","defense","Maximus Susi","1","1","2","-/-","-","-/-","-","-","0-0","-/-","-","-","-","-","-","home",8606
2024,"Redlands","defense","Anthony Hall","2","-","2","1.0/1","1.0","-/-","-","-","0-0","-/-","-","-","-","-","-","home",8606
2024,"Redlands","defense","Sa Abdul-Majid","1","1","2","-/-","-","-/-","-","-","0-0","-/-","-","-","-","-","-","home",8606
2024,"Redlands","defense","Connor Green","1","-","1","-/-","-","-/-","-","-","0-0","-/-","-","-","2","-","-","home",8606
2024,"Redlands","defense","Skye Taylor","1","-","1","-/-","-","-/-","-","-","0-0","-/-","-","-","-","-","-","home",8606
2024,"Redlands","defense","Evan Aguon","1","-","1","-/-","-","-/-","-","-","0-0","-/-","-","-","-","-","-","home",8606
2024,"Redlands","defense","Andrew Placido","1","-","1","-/-","-","-/-","-","-","0-0","-/-","-","-","-","-","-","home",8606
2024,"Redlands","defense","Olicia-Arambole","1","-","1","-/-","-","-/-","-","-","0-0","-/-","-","-","-","-","-","home",8606
2024,"Redlands","defense","Ethan Knight","1","-","1","-/-","-","-/-","-","1","1-0","-/-","-","-","-","-","-","home",8606
2024,"Redlands","defense","Sean Dyer","1","-","1","-/-","-","-/-","-","-","0-0","-/-","-","-","-","-","-","home",8606
2024,"Redlands","defense","Logan Sperline","-","-","-","-/-","-","-/-","-","-","0-1","1/-","-","-","-","-","-","home",8606
2024,"Redlands","defense","Joey Asta","8","2","10","3.0/15","3.0","2.0/13","2.0","-","0-0","-/-","-","-","1","-","2","away",8606
2024,"Redlands","defense","Evan Gerber","5","-","5","-/-","-","-/-","-","-","0-0","-/-","-","-","-","-","2","away",8606
2024,"Redlands","defense","Harry Zhou","4","-","4","1.0/6","1.0","1.0/6","1.0","-","0-0","-/-","-","-","-","-","-","away",8606
2024,"Redlands","defense","George Skaff","3","1","4","1.5/4","1.5","0.5/3","0.5","-","0-0","-/-","-","-","-","-","1","away",8606
2024,"Redlands","defense","Tarius Hamlin","3","1","4","-/-","-","-/-","-","-","0-0","-/-","-","-","1","-","-","away",8606
2024,"Redlands","defense","Grady Johnson","3","1","4","0.5/3","0.5","0.5/3","0.5","-","0-0","-/-","-","-","-","-","-","away",8606
2024,"Redlands","defense","Addison Redding","3","-","3","-/-","-","-/-","-","-","0-0","-/-","-","-","1","-","-","away",8606
2024,"Redlands","defense","George Kruger","1","2","3","-/-","-","-/-","-","-","0-0","-/-","-","-","-","-","-","away",8606
2024,"Redlands","defense","Michael Houk","3","-","3","-/-","-","-/-","-","1","1-1","1/-","-","-","1","-","-","away",8606
2024,"Redlands","defense","Gabe Gangi-Saro","2","1","3","-/-","-","-/-","-","-","0-0","-/-","-","-","-","-","-","away",8606
2024,"Redlands","defense","Kirby Baynes","2","-","2","-/-","-","-/-","-","-","0-0","-/-","-","-","2","-","-","away",8606
2024,"Redlands","defense","Jacob O'Connell","2","-","2","-/-","-","-/-","-","-","0-0","-/-","1-98","1","-","-","-","away",8606
2024,"Redlands","defense","Kevin White","2","-","2","-/-","-","-/-","-","-","0-0","-/-","-","-","2","-","-","away",8606
2024,"Redlands","defense","Benjamin Little","2","-","2","-/-","-","-/-","-","-","0-0","-/-","-","-","-","-","-","away",8606
2024,"Redlands","defense","Cesar Fernandez","1","-","1","-/-","-","-/-","-","-","0-0","-/-","-","-","-","-","-","away",8606
2024,"Redlands","defense","Austin Andersen","1","-","1","-/-","-","-/-","-","-","0-0","-/-","-","-","-","-","-","away",8606
2024,"Redlands","defense","Andrew Carrasqu","1","-","1","-/-","-","-/-","-","-","0-0","-/-","-","-","-","-","-","away",8606
2024,"Redlands","defense","Thanio Bright","1","-","1","-/-","-","-/-","-","-","0-0","-/-","1-2","1","-","-","-","away",8606
2024,"Redlands","defense","Jake Son","1","-","1","-/-","-","-/-","-","-","0-0","-/-","-","-","-","-","-","away",8606
2024,"Redlands","defense","Zeke Vallez","1","-","1","-/-","-","-/-","-","-","0-0","-/-","-","-","-","-","-","away",8606
2024,"Redlands","defense","Gabriel Lea","1","-","1","-/-","-","-/-","-","-","0-0","-/-","-","-","-","-","-","away",8606
2024,"Redlands","defense","Tom Burton","1","-","1","-/-","-","-/-","-","-","0-0","-/-","-","-","-","-","-","away",8606
2024,"Redlands","defense","Evan Siegel","1","-","1","-/-","-","-/-","-","-","0-0","-/-","-","-","-","-","-","away",8606
2024,"Redlands","defense","Joey Asta","8","2","10","0.5/1","0.5","-/-","-","-","0-0","-/-","-","-","-","-","-","home",8609
2024,"Redlands","defense","Thanio Bright","3","2","5","-/-","-","-/-","-","-","0-0","-/-","-","-","-","-","-","home",8609
2024,"Redlands","defense","Andrew Carrasqu","3","1","4","-/-","-","-/-","-","-","0-0","-/-","-","-","-","-","-","home",8609
2024,"Redlands","defense","Addison Redding","3","1","4","-/-","-","-/-","-","-","0-0","-/-","-","-","-","-","-","home",8609
2024,"Redlands","defense","Benjamin Little","4","-","4","3.0/14","3.0","3.0/14","3.0","-","0-0","-/-","-","-","-","-","-","home",8609
2024,"Redlands","defense","Michael Houk","3","1","4","2.5/4","2.5","-/-","-","-","0-0","-/-","-","-","-","-","-","home",8609
2024,"Redlands","defense","Austin Andersen","-","3","3","1.0/1","1.0","-/-","-","-","0-0","-/-","-","-","-","-","-","home",8609
2024,"Redlands","defense","Kirby Baynes","2","1","3","-/-","-","-/-","-","-","0-0","-/-","-","-","-","-","-","home",8609
2024,"Redlands","defense","Evan Gerber","2","1","3","1.0/5","1.0","1.0/5","1.0","-","0-0","-/-","-","-","-","-","-","home",8609
2024,"Redlands","defense","Carson Navarro","1","1","2","-/-","-","-/-","-","-","0-0","-/-","-","-","-","-","-","home",8609
2024,"Redlands","defense","Kevin White","1","1","2","-/-","-","-/-","-","-","0-0","-/-","-","-","-","-","-","home",8609
2024,"Redlands","defense","Elijah Costa","1","1","2","0.5/-","0.5","-/-","-","-","0-0","-/-","-","-","-","-","-","home",8609
2024,"Redlands","defense","George Skaff","-","2","2","0.5/1","0.5","-/-","-","-","0-0","-/-","-","-","-","-","-","home",8609
2024,"Redlands","defense","George Kruger","1","1","2","-/-","-","-/-","-","-","0-0","-/-","-","-","1","-","-","home",8609
2024,"Redlands","defense","Grady Johnson","2","-","2","1.0/2","1.0","1.0/2","1.0","-","0-0","-/-","-","-","-","-","-","home",8609
2024,"Redlands","defense","Gabe Gangi-Saro","-","2","2","-/-","-","-/-","-","-","0-0","-/-","-","-","-","-","-","home",8609
2024,"Redlands","defense","Cesar Fernandez","-","1","1","-/-","-","-/-","-","-","0-0","-/-","-","-","-","-","-","home",8609
2024,"Redlands","defense","Calvin Miller","-","1","1","-/-","-","-/-","-","-","0-0","-/-","-","-","-","-","-","home",8609
2024,"Redlands","defense","Tarius Hamlin","1","-","1","1.0/7","1.0","1.0/7","1.0","-","0-0","-/-","-","-","1","-","-","home",8609
2024,"Redlands","defense","Gabriel Lea","1","-","1","-/-","-","-/-","-","-","0-0","-/-","-","-","-","-","-","home",8609
2024,"Redlands","defense","Jacob O'Connell","-","-","-","-/-","-","-/-","-","-","0-0","-/-","-","-","1","-","-","home",8609
2024,"Redlands","defense","Team","-","-","-","-/-","-","-/-","-","-","0-0","-/-","-","-","1","-","-","home",8609
2024,"Redlands","defense","Maximus Susi","3","6","9","1.5/1","1.5","-/-","-","-","0-0","-/-","-","-","-","-","-","away",8609
2024,"Redlands","defense","Chase Hunter","6","2","8","-/-","-","-/-","-","1","1-0","-/-","1-0","1","1","-","-","away",8609
2024,"Redlands","defense","Craig Hunter","2","5","7","1.5/3","1.5","-/-","-","-","0-0","-/-","-","-","-","-","-","away",8609
2024,"Redlands","defense","Matt Lising","3","4","7","0.5/2","0.5","-/-","-","-","0-0","-/-","-","-","-","-","-","away",8609
2024,"Redlands","defense","Jaeden Thorn","2","4","6","1.0/4","1.0","-/-","-","-","0-0","-/-","-","-","-","-","1","away",8609
2024,"Redlands","defense","Cole Smith","2","4","6","1.0/3","1.0","-/-","-","-","0-0","-/-","-","-","1","-","-","away",8609
2024,"Redlands","defense","Jaylen Ephraim","4","2","6","-/-","-","-/-","-","-","0-0","-/-","-","-","-","-","-","away",8609
2024,"Redlands","defense","Kailob Haag","2","1","3","-/-","-","-/-","-","-","0-0","-/-","-","-","-","-","-","away",8609
2024,"Redlands","defense","Connor Green","1","1","2","-/-","-","-/-","-","-","0-0","-/-","-","-","1","-","-","away",8609
2024,"Redlands","defense","Dom Gallwitz","1","1","2","-/-","-","-/-","-","-","0-0","-/-","-","-","-","-","-","away",8609
2024,"Redlands","defense","Javie Sandoval","-","2","2","0.5/1","0.5","-/-","-","-","0-0","-/-","-","-","-","-","-","away",8609
2024,"Redlands","defense","Aaron Muniz","-","2","2","-/-","-","-/-","-","-","0-0","-/-","-","-","-","-","-","away",8609
2024,"Redlands","defense","Nathan Tostado","-","1","1","-/-","-","-/-","-","-","0-0","-/-","-","-","-","-","-","away",8609
2024,"Redlands","defense","Enr Ybanez iii","1","-","1","-/-","-","-/-","-","-","0-0","-/-","-","-","-","-","-","away",8609
2024,"Redlands","defense","Luke D'Anna","-","1","1","-/-","-","-/-","-","-","0-0","-/-","-","-","-","-","-","away",8609
2024,"Redlands","defense","Grant Chaney","-","1","1","-/-","-","-/-","-","-","0-0","-/-","-","-","-","-","-","away",8609
2024,"Redlands","defense","Quinn Cortes","-","1","1","-/-","-","-/-","-","-","0-0","-/-","-","-","-","-","-","away",8609
2024,"Redlands","defense","Cole Johnston","1","-","1","-/-","-","-/-","-","-","0-0","-/-","-","-","-","-","-","away",8609
2024,"Redlands","defense","Sa Abdul-Majid","-","1","1","-/-","-","-/-","-","-","0-0","-/-","-","-","1","-","-","away",8609
2024,"Redlands","defense","Scott Blankenship","-","1","1","-/-","-","-/-","-","-","0-0","-/-","-","-","-","-","-","away",8609
2024,"Redlands","defense","Anthony Hall","-","1","1","-/-","-","-/-","-","-","0-0","-/-","-","-","-","-","-","away",8609
2024,"Redlands","defense","Jax Lee","-","1","1","-/-","-","-/-","-","-","0-0","-/-","-","-","-","-","-","away",8609
2024,"Redlands","defense","Team","-","-","-","-/-","-","-/-","-","-","0-1","1/-","-","-","-","-","-","away",8609
2024,"University of Redlands","defense","Matt Lising","5","-","5","-/-","-","-/-","-","-","0-0","-/-","-","-","-","-","-","home",8606
2024,"University of Redlands","defense","Jaeden Thorn","5","-","5","-/-","-","-/-","-","-","0-0","-/-","-","-","-","-","-","home",8606
2024,"University of Redlands","defense","Craig Hunter","4","-","4","1.0/1","1.0","1.0/1","1.0","-","0-0","-/-","-","-","-","-","-","home",8606
2024,"University of Redlands","defense","Laure Williams","4","-","4","-/-","-","-/-","-","-","0-0","-/-","-","-","1","-","-","home",8606
2024,"University of Redlands","defense","Aaron Muniz","4","-","4","1.0/3","1.0","-/-","-","-","0-0","-/-","-","-","-","-","-","home",8606
2024,"University of Redlands","defense","Chase Hunter","2","-","2","-/-","-","-/-","-","-","0-0","-/-","-","-","-","-","-","home",8606
2024,"University of Redlands","defense","Cole Smith","2","-","2","1.0/1","1.0","1.0/1","1.0","-","0-0","-/-","-","-","-","-","-","home",8606
2024,"University of Redlands","defense","Maximus Susi","1","1","2","-/-","-","-/-","-","-","0-0","-/-","-","-","-","-","-","home",8606
2024,"University of Redlands","defense","Anthony Hall","2","-","2","1.0/1","1.0","-/-","-","-","0-0","-/-","-","-","-","-","-","home",8606
2024,"University of Redlands","defense","Sa Abdul-Majid","1","1","2","-/-","-","-/-","-","-","0-0","-/-","-","-","-","-","-","home",8606
2024,"University of Redlands","defense","Connor Green","1","-","1","-/-","-","-/-","-","-","0-0","-/-","-","-","2","-","-","home",8606
2024,"University of Redlands","defense","Skye Taylor","1","-","1","-/-","-","-/-","-","-","0-0","-/-","-","-","-","-","-","home",8606
2024,"University of Redlands","defense","Evan Aguon","1","-","1","-/-","-","-/-","-","-","0-0","-/-","-","-","-","-","-","home",8606
2024,"University of Redlands","defense","Andrew Placido","1","-","1","-/-","-","-/-","-","-","0-0","-/-","-","-","-","-","-","home",8606
2024,"University of Redlands","defense","Olicia-Arambole","1","-","1","-/-","-","-/-","-","-","0-0","-/-","-","-","-","-","-","home",8606
2024,"University of Redlands","defense","Ethan Knight","1","-","1","-/-","-","-/-","-","1","1-0","-/-","-","-","-","-","-","home",8606
2024,"University of Redlands","defense","Sean Dyer","1","-","1","-/-","-","-/-","-","-","0-0","-/-","-","-","-","-","-","home",8606
2024,"University of Redlands","defense","Logan Sperline","-","-","-","-/-","-","-/-","-","-","0-1","1/-","-","-","-","-","-","home",8606
2024,"University of Redlands","defense","Joey Asta","8","2","10","3.0/15","3.0","2.0/13","2.0","-","0-0","-/-","-","-","1","-","2","away",8606
2024,"University of Redlands","defense","Evan Gerber","5","-","5","-/-","-","-/-","-","-","0-0","-/-","-","-","-","-","2","away",8606
2024,"University of Redlands","defense","Harry Zhou","4","-","4","1.0/6","1.0","1.0/6","1.0","-","0-0","-/-","-","-","-","-","-","away",8606
2024,"University of Redlands","defense","George Skaff","3","1","4","1.5/4","1.5","0.5/3","0.5","-","0-0","-/-","-","-","-","-","1","away",8606
2024,"University of Redlands","defense","Tarius Hamlin","3","1","4","-/-","-","-/-","-","-","0-0","-/-","-","-","1","-","-","away",8606
2024,"University of Redlands","defense","Grady Johnson","3","1","4","0.5/3","0.5","0.5/3","0.5","-","0-0","-/-","-","-","-","-","-","away",8606
2024,"University of Redlands","defense","Addison Redding","3","-","3","-/-","-","-/-","-","-","0-0","-/-","-","-","1","-","-","away",8606
2024,"University of Redlands","defense","George Kruger","1","2","3","-/-","-","-/-","-","-","0-0","-/-","-","-","-","-","-","away",8606
2024,"University of Redlands","defense","Michael Houk","3","-","3","-/-","-","-/-","-","1","1-1","1/-","-","-","1","-","-","away",8606
2024,"University of Redlands","defense","Gabe Gangi-Saro","2","1","3","-/-","-","-/-","-","-","0-0","-/-","-","-","-","-","-","away",8606
2024,"University of Redlands","defense","Kirby Baynes","2","-","2","-/-","-","-/-","-","-","0-0","-/-","-","-","2","-","-","away",8606
2024,"University of Redlands","defense","Jacob O'Connell","2","-","2","-/-","-","-/-","-","-","0-0","-/-","1-98","1","-","-","-","away",8606
2024,"University of Redlands","defense","Kevin White","2","-","2","-/-","-","-/-","-","-","0-0","-/-","-","-","2","-","-","away",8606
2024,"University of Redlands","defense","Benjamin Little","2","-","2","-/-","-","-/-","-","-","0-0","-/-","-","-","-","-","-","away",8606
2024,"University of Redlands","defense","Cesar Fernandez","1","-","1","-/-","-","-/-","-","-","0-0","-/-","-","-","-","-","-","away",8606
2024,"University of Redlands","defense","Austin Andersen","1","-","1","-/-","-","-/-","-","-","0-0","-/-","-","-","-","-","-","away",8606
2024,"University of Redlands","defense","Andrew Carrasqu","1","-","1","-/-","-","-/-","-","-","0-0","-/-","-","-","-","-","-","away",8606
2024,"University of Redlands","defense","Thanio Bright","1","-","1","-/-","-","-/-","-","-","0-0","-/-","1-2","1","-","-","-","away",8606
2024,"University of Redlands","defense","Jake Son","1","-","1","-/-","-","-/-","-","-","0-0","-/-","-","-","-","-","-","away",8606
2024,"University of Redlands","defense","Zeke Vallez","1","-","1","-/-","-","-/-","-","-","0-0","-/-","-","-","-","-","-","away",8606
2024,"University of Redlands","defense","Gabriel Lea","1","-","1","-/-","-","-/-","-","-","0-0","-/-","-","-","-","-","-","away",8606
2024,"University of Redlands","defense","Tom Burton","1","-","1","-/-","-","-/-","-","-","0-0","-/-","-","-","-","-","-","away",8606
2024,"University of Redlands","defense","Evan Siegel","1","-","1","-/-","-","-/-","-","-","0-0","-/-","-","-","-","-","-","away",8606
2024,"University of Redlands","defense","Joey Asta","8","2","10","0.5/1","0.5","-/-","-","-","0-0","-/-","-","-","-","-","-","home",8609
2024,"University of Redlands","defense","Thanio Bright","3","2","5","-/-","-","-/-","-","-","0-0","-/-","-","-","-","-","-","home",8609
2024,"University of Redlands","defense","Andrew Carrasqu","3","1","4","-/-","-","-/-","-","-","0-0","-/-","-","-","-","-","-","home",8609
2024,"University of Redlands","defense","Addison Redding","3","1","4","-/-","-","-/-","-","-","0-0","-/-","-","-","-","-","-","home",8609
2024,"University of Redlands","defense","Benjamin Little","4","-","4","3.0/14","3.0","3.0/14","3.0","-","0-0","-/-","-","-","-","-","-","home",8609
2024,"University of Redlands","defense","Michael Houk","3","1","4","2.5/4","2.5","-/-","-","-","0-0","-/-","-","-","-","-","-","home",8609
2024,"University of Redlands","defense","Austin Andersen","-","3","3","1.0/1","1.0","-/-","-","-","0-0","-/-","-","-","-","-","-","home",8609
2024,"University of Redlands","defense","Kirby Baynes","2","1","3","-/-","-","-/-","-","-","0-0","-/-","-","-","-","-","-","home",8609
2024,"University of Redlands","defense","Evan Gerber","2","1","3","1.0/5","1.0","1.0/5","1.0","-","0-0","-/-","-","-","-","-","-","home",8609
2024,"University of Redlands","defense","Carson Navarro","1","1","2","-/-","-","-/-","-","-","0-0","-/-","-","-","-","-","-","home",8609
2024,"University of Redlands","defense","Kevin White","1","1","2","-/-","-","-/-","-","-","0-0","-/-","-","-","-","-","-","home",8609
2024,"University of Redlands","defense","Elijah Costa","1","1","2","0.5/-","0.5","-/-","-","-","0-0","-/-","-","-","-","-","-","home",8609
2024,"University of Redlands","defense","George Skaff","-","2","2","0.5/1","0.5","-/-","-","-","0-0","-/-","-","-","-","-","-","home",8609
2024,"University of Redlands","defense","George Kruger","1","1","2","-/-","-","-/-","-","-","0-0","-/-","-","-","1","-","-","home",8609
2024,"University of Redlands","defense","Grady Johnson","2","-","2","1.0/2","1.0","1.0/2","1.0","-","0-0","-/-","-","-","-","-","-","home",8609
2024,"University of Redlands","defense","Gabe Gangi-Saro","-","2","2","-/-","-","-/-","-","-","0-0","-/-","-","-","-","-","-","home",8609
2024,"University of Redlands","defense","Cesar Fernandez","-","1","1","-/-","-","-/-","-","-","0-0","-/-","-","-","-","-","-","home",8609
2024,"University of Redlands","defense","Calvin Miller","-","1","1","-/-","-","-/-","-","-","0-0","-/-","-","-","-","-","-","home",8609
2024,"University of Redlands","defense","Tarius Hamlin","1","-","1","1.0/7","1.0","1.0/7","1.0","-","0-0","-/-","-","-","1","-","-","home",8609
2024,"University of Redlands","defense","Gabriel Lea","1","-","1","-/-","-","-/-","-","-","0-0","-/-","-","-","-","-","-","home",8609
2024,"University of Redlands","defense","Jacob O'Connell","-","-","-","-/-","-","-/-","-","-","0-0","-/-","-","-","1","-","-","home",8609
2024,"University of Redlands","defense","Team","-","-","-","-/-","-","-/-","-","-","0-0","-/-","-","-","1","-","-","home",8609
2024,"University of Redlands","defense","Maximus Susi","3","6","9","1.5/1","1.5","-/-","-","-","0-0","-/-","-","-","-","-","-","away",8609
2024,"University of Redlands","defense","Chase Hunter","6","2","8","-/-","-","-/-","-","1","1-0","-/-","1-0","1","1","-","-","away",8609
2024,"University of Redlands","defense","Craig Hunter","2","5","7","1.5/3","1.5","-/-","-","-","0-0","-/-","-","-","-","-","-","away",8609
2024,"University of Redlands","defense","Matt Lising","3","4","7","0.5/2","0.5","-/-","-","-","0-0","-/-","-","-","-","-","-","away",8609
2024,"University of Redlands","defense","Jaeden Thorn","2","4","6","1.0/4","1.0","-/-","-","-","0-0","-/-","-","-","-","-","1","away",8609
2024,"University of Redlands","defense","Cole Smith","2","4","6","1.0/3","1.0","-/-","-","-","0-0","-/-","-","-","1","-","-","away",8609
2024,"University of Redlands","defense","Jaylen Ephraim","4","2","6","-/-","-","-/-","-","-","0-0","-/-","-","-","-","-","-","away",8609
2024,"University of Redlands","defense","Kailob Haag","2","1","3","-/-","-","-/-","-","-","0-0","-/-","-","-","-","-","-","away",8609
2024,"University of Redlands","defense","Connor Green","1","1","2","-/-","-","-/-","-","-","0-0","-/-","-","-","1","-","-","away",8609
2024,"University of Redlands","defense","Dom Gallwitz","1","1","2","-/-","-","-/-","-","-","0-0","-/-","-","-","-","-","-","away",8609
2024,"University of Redlands","defense","Javie Sandoval","-","2","2","0.5/1","0.5","-/-","-","-","0-0","-/-","-","-","-","-","-","away",8609
2024,"University of Redlands","defense","Aaron Muniz","-","2","2","-/-","-","-/-","-","-","0-0","-/-","-","-","-","-","-","away",8609
2024,"University of Redlands","defense","Nathan Tostado","-","1","1","-/-","-","-/-","-","-","0-0","-/-","-","-","-","-","-","away",8609
2024,"University of Redlands","defense","Enr Ybanez iii","1","-","1","-/-","-","-/-","-","-","0-0","-/-","-","-","-","-","-","away",8609
2024,"University of Redlands","defense","Luke D'Anna","-","1","1","-/-","-","-/-","-","-","0-0","-/-","-","-","-","-","-","away",8609
2024,"University of Redlands","defense","Grant Chaney","-","1","1","-/-","-","-/-","-","-","0-0","-/-","-","-","-","-","-","away",8609
2024,"University of Redlands","defense","Quinn Cortes","-","1","1","-/-","-","-/-","-","-","0-0","-/-","-","-","-","-","-","away",8609
2024,"University of Redlands","defense","Cole Johnston","1","-","1","-/-","-","-/-","-","-","0-0","-/-","-","-","-","-","-","away",8609
2024,"University of Redlands","defense","Sa Abdul-Majid","-","1","1","-/-","-","-/-","-","-","0-0","-/-","-","-","1","-","-","away",8609
2024,"University of Redlands","defense","Scott Blankenship","-","1","1","-/-","-","-/-","-","-","0-0","-/-","-","-","-","-","-","away",8609
2024,"University of Redlands","defense","Anthony Hall","-","1","1","-/-","-","-/-","-","-","0-0","-/-","-","-","-","-","-","away",8609
2024,"University of Redlands","defense","Jax Lee","-","1","1","-/-","-","-/-","-","-","0-0","-/-","-","-","-","-","-","away",8609
2024,"University of Redlands","defense","Team","-","-","-","-/-","-","-/-","-","-","0-1","1/-","-","-","-","-","-","away",8609
2009,"Chapman University","defense","Steve Downs","6","1","7","-/-","-","-/-","-","1","1-0","-/-","-","-","-","-","-","home",7492
2009,"Chapman University","defense","Peter Antone","7","-","7","1.0/6","1.0","-/-","-","-","0-0","-/-","-","-","-","-","-","home",7492
2009,"Chapman University","defense","TEAM","5","-","5","-/-","-","-/-","-","-","0-1","1/-","-","-","-","-","-","home",7492
2009,"Chapman University","defense","Collin Hoyer","3","1","4","-/-","-","-/-","-","-","0-0","-/-","-","-","1","-","-","home",7492
2009,"Chapman University","defense","Brian Kaltenecker","4","-","4","1.0/1","1.0","-/-","-","-","0-1","1/-","-","-","-","-","-","home",7492
2009,"Chapman University","defense","Kevin Anderson","3","1","4","-/-","-","-/-","-","-","0-0","-/-","-","-","-","-","-","home",7492
2009,"Chapman University","defense","Mike Arakelian","3","1","4","-/-","-","-/-","-","-","0-0","-/-","-","-","-","-","-","home",7492
2009,"Chapman University","defense","Jake Fey","2","1","3","-/-","-","-/-","-","-","0-0","-/-","-","-","-","-","-","home",7492
2009,"Chapman University","defense","Michael Mehlhaff","3","-","3","-/-","-","-/-","-","-","0-0","-/-","-","-","-","-","-","home",7492
2009,"Chapman University","defense","Kellen Matsuno","3","-","3","-/-","-","-/-","-","-","0-0","-/-","-","-","-","-","-","home",7492
2009,"Chapman University","defense","Jason Oregel","2","1","3","-/-","-","-/-","-","-","0-0","-/-","-","-","-","-","-","home",7492
2009,"Chapman University","defense","Danny Jones","2","-","2","-/-","-","-/-","-","-","0-0","-/-","-","-","-","-","-","home",7492
2009,"Chapman University","defense","Erick Mueller","1","1","2","-/-","-","-/-","-","-","0-0","-/-","-","-","-","-","-","home",7492
2009,"Chapman University","defense","Willie Robbins","2","-","2","1.0/4","1.0","-/-","-","1","1-0","-/-","-","-","-","-","-","home",7492
2009,"Chapman University","defense","Nick Nugwynne","1","-","1","-/-","-","-/-","-","-","0-0","-/-","1-4","1","-","-","-","home",7492
2009,"Chapman University","defense","Tyler Halstead","1","-","1","-/-","-","-/-","-","-","0-0","-/-","-","-","-","-","-","home",7492
2009,"Chapman University","defense","Andrew Carcova","-","1","1","-/-","-","-/-","-","-","0-1","1/-","-","-","-","-","-","home",7492
2009,"Chapman University","defense","Jordan Pavlisin","1","-","1","-/-","-","-/-","-","-","0-0","-/-","-","-","-","-","-","home",7492
2009,"Chapman University","defense","Richard Phillips","1","-","1","-/-","-","-/-","-","-","0-0","-/-","-","-","-","-","-","home",7492
2009,"Chapman University","defense","Stephen Sales","1","-","1","-/-","-","-/-","-","-","0-0","-/-","-","-","-","-","-","home",7492
2009,"Chapman University","defense","Rymer","5","1","6","-/-","-","-/-","-","-","0-0","-/-","-","-","1","-","-","away",7492
2009,"Chapman University","defense","Atwater","4","1","5","1.0/2","1.0","-/-","-","-","0-0","-/-","-","-","-","-","-","away",7492
2009,"Chapman University","defense","Morris","4","-","4","3.0/4","3.0","-/-","-","-","0-0","-/-","-","-","-","-","-","away",7492
2009,"Chapman University","defense","Laredo","3","1","4","-/-","-","-/-","-","-","0-0","-/-","-","-","-","-","-","away",7492
2009,"Chapman University","defense","Marcoot","4","-","4","-/-","-","-/-","-","-","0-0","-/-","-","-","-","-","-","away",7492
2009,"Chapman University","defense","Tognoni","3","-","3","2.0/2","2.0","-/-","-","-","0-0","-/-","2-63","2","1","-","-","away",7492
2009,"Chapman University","defense","Park","3","-","3","-/-","-","-/-","-","-","0-0","-/-","-","-","-","-","-","away",7492
2009,"Chapman University","defense","Salzman","2","1","3","-/-","-","-/-","-","-","0-0","-/-","-","-","-","-","-","away",7492
2009,"Chapman University","defense","Mills","3","-","3","2.0/3","2.0","-/-","-","-","0-0","-/-","-","-","-","-","-","away",7492
2009,"Chapman University","defense","TEAM","3","-","3","-/-","-","-/-","-","-","0-0","-/-","-","-","-","-","-","away",7492
2009,"Chapman University","defense","Weyerhauser","2","-","2","1.0/1","1.0","-/-","-","-","0-0","-/-","-","-","-","-","-","away",7492
2009,"Chapman University","defense","Olson","2","-","2","-/-","-","-/-","-","-","0-0","-/-","-","-","-","-","-","away",7492
2009,"Chapman University","defense","Chiang","2","-","2","1.0/5","1.0","-/-","-","-","0-0","-/-","-","-","1","-","-","away",7492
2009,"Chapman University","defense","Picciotto","-","1","1","-/-","-","-/-","-","-","0-0","-/-","-","-","-","-","-","away",7492
2009,"Chapman University","defense","Jiwanlal","1","-","1","-/-","-","-/-","-","-","0-0","-/-","-","-","-","-","-","away",7492
2009,"Chapman University","defense","Hansen","-","1","1","-/-","-","-/-","-","-","0-0","-/-","-","-","-","-","-","away",7492
2009,"Chapman University","defense","Patoc","1","-","1","-/-","-","-/-","-","-","0-0","-/-","-","-","1","-","-","away",7492
2009,"Chapman University","defense","Gorshteyn","1","-","1","-/-","-","-/-","-","-","0-0","-/-","-","-","-","-","-","away",7492
2009,"Chapman University","defense","Andrew","1","-","1","1.0/1","1.0","-/-","-","-","0-0","-/-","-","-","-","-","-","away",7492
2009,"Chapman University","defense","E. Yingling","1","-","1","-/-","-","-/-","-","-","0-0","-/-","-","-","-","-","-","away",7492
2009,"Occidental College","defense","Dan Picciotto","9","6","15","2.0/17","2.0","1.5/15","1.5","-","0-1","1/20","-","-","-","-","-","home",7488
2009,"Occidental College","defense","Brock Olson","4","5","9","-/-","-","-/-","-","-","0-0","-/-","1-2","1","1","-","-","home",7488
2009,"Occidental College","defense","Jake Weyerhauser","4","3","7","-/-","-","-/-","-","-","0-0","-/-","-","-","-","-","-","home",7488
2009,"Occidental College","defense","Patrick Atwater","-","5","5","-/-","-","-/-","-","-","0-0","-/-","-","-","-","-","-","home",7488
2009,"Occidental College","defense","Nate Jiwanlal","4","-","4","-/-","-","-/-","-","-","0-0","-/-","-","-","-","-","-","home",7488
2009,"Occidental College","defense","Daniel Andrew","2","2","4","-/-","-","-/-","-","-","0-0","-/-","-","-","-","-","-","home",7488
2009,"Occidental College","defense","Dane Rymer","1","2","3","0.5/2","0.5","-/-","-","-","0-0","-/-","-","-","2","-","-","home",7488
2009,"Occidental College","defense","Sae Bin Park","-","3","3","-/-","-","-/-","-","-","0-0","-/-","-","-","-","-","-","home",7488
2009,"Occidental College","defense","Rory Baird","2","1","3","1.5/1","1.5","-/-","-","-","0-0","-/-","-","-","-","-","-","home",7488
2009,"Occidental College","defense","Matt Laredo","2","-","2","1.0/1","1.0","-/-","-","-","0-0","-/-","-","-","-","-","-","home",7488
2009,"Occidental College","defense","Ben Salzman","2","-","2","-/-","-","-/-","-","-","0-0","-/-","-","-","-","-","-","home",7488
2009,"Occidental College","defense","Grigoriy Gorshteyn","-","2","2","0.5/1","0.5","-/-","-","-","0-0","-/-","-","-","-","-","-","home",7488
2009,"Occidental College","defense","Ed Mills","-","2","2","1.0/5","1.0","0.5/4","0.5","-","0-0","-/-","-","-","-","-","-","home",7488
2009,"Occidental College","defense","Alex Curtis","1","-","1","-/-","-","-/-","-","-","0-0","-/-","-","-","-","-","-","home",7488
2009,"Occidental College","defense","Adam Morris","1","-","1","-/-","-","-/-","-","-","0-0","-/-","-","-","-","-","-","home",7488
2009,"Occidental College","defense","Kyle Hansen","1","-","1","-/-","-","-/-","-","-","0-0","-/-","-","-","-","-","-","home",7488
2009,"Occidental College","defense","Charles Sarosy","1","-","1","-/-","-","-/-","-","-","0-0","-/-","-","-","-","-","-","home",7488
2009,"Occidental College","defense","Jackie Coburn","1","-","1","-/-","-","-/-","-","-","0-0","-/-","-","-","-","-","-","home",7488
2009,"Occidental College","defense","Dylan Marcoot","-","1","1","0.5/1","0.5","-/-","-","-","0-0","-/-","-","-","-","-","-","home",7488
2009,"Occidental College","defense","Peter Schock","-","1","1","-/-","-","-/-","-","-","0-0","-/-","-","-","-","-","-","home",7488
2009,"Occidental College","defense","Eric Yingling","-","1","1","-/-","-","-/-","-","-","0-0","-/-","-","-","-","-","1","home",7488
2009,"Occidental College","defense","Zac Perkins","4","4","8","-/-","-","-/-","-","-","0-0","-/-","-","-","-","-","-","away",7488
2009,"Occidental College","defense","Josh Beck","5","3","8","2.0/11","2.0","-/-","-","-","0-0","-/-","-","-","-","-","-","away",7488
2009,"Occidental College","defense","Kyle Spaulding","4","2","6","0.5/2","0.5","0.5/2","0.5","-","0-0","-/-","-","-","-","-","-","away",7488
2009,"Occidental College","defense","Greg Holsworth","2","4","6","-/-","-","-/-","-","-","0-0","-/-","-","-","-","-","-","away",7488
2009,"Occidental College","defense","Alex Wertheimer","3","2","5","1.5/6","1.5","0.5/2","0.5","-","0-1","1/-","-","-","-","-","-","away",7488
2009,"Occidental College","defense","Jesse Fischer","2","2","4","-/-","-","-/-","-","-","0-0","-/-","-","-","-","-","-","away",7488
2009,"Occidental College","defense","Jim Hildensperger","3","1","4","1.0/8","1.0","1.0/8","1.0","-","0-0","-/-","-","-","-","-","1","away",7488
2009,"Occidental College","defense","Jordan Washington","3","-","3","-/-","-","-/-","-","-","0-0","-/-","-","-","-","-","-","away",7488
2009,"Occidental College","defense","Aaron Stanton","2","1","3","-/-","-","-/-","-","-","0-0","-/-","-","-","-","-","-","away",7488
2009,"Occidental College","defense","Nate Proulx","2","-","2","-/-","-","-/-","-","-","0-0","-/-","-","-","-","-","-","away",7488
2009,"Occidental College","defense","Dillon Tucker","2","-","2","-/-","-","-/-","-","-","0-0","-/-","1-2","1","-","-","-","away",7488
2009,"Occidental College","defense","Ryan Rodriguez","-","1","1","-/-","-","-/-","-","-","0-0","-/-","-","-","-","-","-","away",7488
2009,"Occidental College","defense","Ayrton Bates","1","-","1","-/-","-","-/-","-","-","0-0","-/-","-","-","1","-","-","away",7488
2009,"Occidental College","defense","Kyle Kazarian","-","1","1","-/-","-","-/-","-","-","0-0","-/-","-","-","-","-","-","away",7488
2009,"Occidental College","defense","Trace Wallace","1","-","1","-/-","-","-/-","-","-","0-0","-/-","-","-","-","-","-","away",7488
2009,"Occidental College","defense","Adam DiBenedetto","-","1","1","-/-","-","-/-","-","-","0-0","-/-","-","-","-","-","-","away",7488
2009,"Occidental College","defense","Mike Jorgenson","1","-","1","-/-","-","-/-","-","-","0-0","-/-","-","-","-","-","-","away",7488
2009,"Occidental College","defense","Cory Suess","1","-","1","-/-","-","-/-","-","-","0-0","-/-","-","-","-","-","-","away",7488
2009,"Occidental College","defense","Schuyler Ross","1","-","1","-/-","-","-/-","-","-","0-0","-/-","-","-","-","-","-","away",7488
2009,"Occidental College","defense","Tommy Andre","1","-","1","-/-","-","-/-","-","-","0-0","-/-","-","-","-","-","-","away",7488
2009,"Occidental College","defense","Jordan Inabnit","-","-","-","-/-","-","-/-","-","-","0-0","-/-","-","-","-","1","-","away",7488
2009,"Occidental College","defense","Robert Michel","-","-","-","-/-","-","-/-","-","-","0-0","-/-","1-29","1","-","-","-","away",7488
2009,"Pomona-Pitzer","defense","Dane Rymer","4","4","8","-/-","-","-/-","-","-","0-0","-/-","-","-","-","-","1","home",7494
2009,"Pomona-Pitzer","defense","Adam Morris","3","4","7","0.5/4","0.5","-/-","-","-","0-0","-/-","-","-","1","-","1","home",7494
2009,"Pomona-Pitzer","defense","Brock Olson","6","1","7","1.5/4","1.5","-/-","-","-","0-0","-/-","2-14","2","-","-","-","home",7494
2009,"Pomona-Pitzer","defense","Patrick Atwater","4","3","7","1.0/3","1.0","-/-","-","-","0-0","-/-","-","-","-","-","-","home",7494
2009,"Pomona-Pitzer","defense","Corbin Tognoni","3","3","6","-/-","-","-/-","-","-","0-0","-/-","-","-","1","-","-","home",7494
2009,"Pomona-Pitzer","defense","Dan Picciotto","2","3","5","1.5/9","1.5","-/-","-","-","0-0","-/-","1-0","1","-","-","-","home",7494
2009,"Pomona-Pitzer","defense","Dylan Marcoot","1","3","4","1.5/6","1.5","-/-","-","-","0-0","-/-","-","-","-","-","-","home",7494
2009,"Pomona-Pitzer","defense","Kyle Hansen","2","1","3","-/-","-","-/-","-","-","0-0","-/-","-","-","-","-","-","home",7494
2009,"Pomona-Pitzer","defense","Landon Patoc","3","-","3","-/-","-","-/-","-","-","0-0","-/-","-","-","3","-","-","home",7494
2009,"Pomona-Pitzer","defense","Ed Mills","2","1","3","-/-","-","-/-","-","-","0-0","-/-","-","-","-","-","1","home",7494
2009,"Pomona-Pitzer","defense","Daniel Andrew","-","3","3","-/-","-","-/-","-","-","0-0","-/-","-","-","-","-","-","home",7494
2009,"Pomona-Pitzer","defense","David Henningsen","2","-","2","-/-","-","-/-","-","-","0-0","-/-","-","-","-","-","-","home",7494
2009,"Pomona-Pitzer","defense","D.J. Lillard","1","-","1","-/-","-","-/-","-","-","0-0","-/-","-","-","-","-","-","home",7494
2009,"Pomona-Pitzer","defense","Corey Bickler","-","1","1","-/-","-","-/-","-","-","0-0","-/-","-","-","-","-","-","home",7494
2009,"Pomona-Pitzer","defense","Charles Sarosy","1","-","1","-/-","-","-/-","-","-","0-0","-/-","-","-","-","-","-","home",7494
2009,"Pomona-Pitzer","defense","Jackie Coburn","1","-","1","1.0/4","1.0","-/-","-","-","0-0","-/-","-","-","-","-","-","home",7494
2009,"Pomona-Pitzer","defense","Sae Bin Park","-","1","1","-/-","-","-/-","-","-","0-0","-/-","-","-","-","-","-","home",7494
2009,"Pomona-Pitzer","defense","Matt Laredo","-","1","1","-/-","-","-/-","-","-","0-0","-/-","-","-","-","-","-","home",7494
2009,"Pomona-Pitzer","defense","Ben Salzman","-","1","1","-/-","-","-/-","-","-","0-0","-/-","-","-","-","-","-","home",7494
2009,"Pomona-Pitzer","defense","Eric Yingling","-","-","-","-/-","-","-/-","-","-","0-0","-/-","-","-","-","-","1","home",7494
2009,"Pomona-Pitzer","defense","Ross Tanaka","10","3","13","2.5/17","2.5","2.0/17","2.0","-","0-0","-/-","-","-","-","-","-","away",7494
2009,"Pomona-Pitzer","defense","Jacob Rollins","4","5","9","-/-","-","-/-","-","-","0-1","1/30","-","-","1","-","-","away",7494
2009,"Pomona-Pitzer","defense","Matt Jevsevar","2","7","9","1.5/10","1.5","1.0/9","1.0","-","0-0","-/-","-","-","-","-","-","away",7494
2009,"Pomona-Pitzer","defense","Max Reed","5","3","8","2.0/2","2.0","-/-","-","-","0-0","-/-","-","-","-","-","-","away",7494
2009,"Pomona-Pitzer","defense","Bryan Opritza","3","5","8","1.0/2","1.0","-/-","-","-","0-0","-/-","-","-","-","-","-","away",7494
2009,"Pomona-Pitzer","defense","Bobby Montalvo","1","3","4","-/-","-","-/-","-","-","0-0","-/-","1-50","1","1","-","-","away",7494
2009,"Pomona-Pitzer","defense","Charles Sander","3","1","4","-/-","-","-/-","-","-","0-1","1/-","-","-","-","-","-","away",7494
2009,"Pomona-Pitzer","defense","Joshua Rothman","2","1","3","-/-","-","-/-","-","-","0-0","-/-","-","-","-","-","-","away",7494
2009,"Pomona-Pitzer","defense","S. Harrison","-","3","3","-/-","-","-/-","-","-","0-0","-/-","-","-","-","-","-","away",7494
2009,"Pomona-Pitzer","defense","Alpha Anders","1","2","3","-/-","-","-/-","-","-","0-0","-/-","-","-","-","-","-","away",7494
2009,"Pomona-Pitzer","defense","Sam Littleton","2","-","2","2.0/21","2.0","1.0/8","1.0","-","0-0","-/-","-","-","-","1","-","away",7494
2009,"Pomona-Pitzer","defense","Thomas Fenster","1","1","2","-/-","-","-/-","-","-","0-0","-/-","-","-","-","-","-","away",7494
2009,"Pomona-Pitzer","defense","Jacob Kaplan","2","-","2","-/-","-","-/-","-","-","0-0","-/-","-","-","-","-","-","away",7494
2009,"Pomona-Pitzer","defense","Colin Regan","1","-","1","-/-","-","-/-","-","-","0-0","-/-","-","-","-","-","-","away",7494
2009,"Pomona-Pitzer","defense","Joseph Dixon","1","-","1","-/-","-","-/-","-","-","0-0","-/-","-","-","-","-","-","away",7494
2009,"Pomona-Pitzer","defense","Justin Meng","1","-","1","-/-","-","-/-","-","-","0-0","-/-","-","-","-","-","-","away",7494
2009,"Pomona-Pitzer","defense","Jimmy Lieber","1","-","1","-/-","-","-/-","-","-","0-0","-/-","-","-","-","-","-","away",7494
2009,"Pomona-Pitzer","defense","Donald Hamnett","1","-","1","-/-","-","-/-","-","-","0-0","-/-","-","-","-","-","-","away",7494
2009,"Pomona-Pitzer","defense","Kareem Smedley","-","-","-","-/-","-","-/-","-","-","0-0","-/-","-","-","-","1","-","away",7494
2009,"University of Puget Sound","defense","Dan Picciotto","6","7","13","2.5/15","2.5","1.0/4","1.0","-","0-0","-/-","-","-","-","-","-","home",7487
2009,"University of Puget Sound","defense","Sae Bin Park","4","3","7","-/-","-","-/-","-","-","0-0","-/-","-","-","-","-","-","home",7487
2009,"University of Puget Sound","defense","Brock Olson","4","2","6","-/-","-","-/-","-","-","0-0","-/-","-","-","1","-","-","home",7487
2009,"University of Puget Sound","defense","Patrick Atwater","2","3","5","1.0/4","1.0","-/-","-","-","0-0","-/-","-","-","-","-","-","home",7487
2009,"University of Puget Sound","defense","Jake Weyerhauser","3","1","4","-/-","-","-/-","-","-","0-0","-/-","-","-","-","-","-","home",7487
2009,"University of Puget Sound","defense","Dane Rymer","2","1","3","-/-","-","-/-","-","-","0-0","-/-","-","-","-","-","-","home",7487
2009,"University of Puget Sound","defense","Landon Patoc","2","1","3","-/-","-","-/-","-","-","0-0","-/-","-","-","2","-","-","home",7487
2009,"University of Puget Sound","defense","Ed Mills","2","1","3","1.0/16","1.0","1.0/16","1.0","-","0-0","-/-","-","-","-","-","-","home",7487
2009,"University of Puget Sound","defense","Rory Baird","1","2","3","0.5/3","0.5","-/-","-","-","0-0","-/-","-","-","-","-","-","home",7487
2009,"University of Puget Sound","defense","Daniel Andrew","1","2","3","0.5/2","0.5","-/-","-","-","0-0","-/-","-","-","-","-","-","home",7487
2009,"University of Puget Sound","defense","Corbin Tognoni","1","1","2","-/-","-","-/-","-","-","0-0","-/-","-","-","-","-","-","home",7487
2009,"University of Puget Sound","defense","Nate Jiwanlal","1","1","2","-/-","-","-/-","-","-","0-0","-/-","-","-","-","-","-","home",7487
2009,"University of Puget Sound","defense","Jackie Coburn","1","1","2","-/-","-","-/-","-","-","0-0","-/-","-","-","-","-","-","home",7487
2009,"University of Puget Sound","defense","Adam Morris","-","1","1","0.5/1","0.5","-/-","-","-","0-0","-/-","-","-","-","-","-","home",7487
2009,"University of Puget Sound","defense","Eric Yingling","-","1","1","-/-","-","-/-","-","-","0-0","-/-","-","-","-","-","-","home",7487
2009,"University of Puget Sound","defense","Vlasak, Tyler","8","12","20","1.0/1","1.0","-/-","-","-","0-0","-/-","-","-","-","-","-","away",7487
2009,"University of Puget Sound","defense","Thomas, Phillip","5","7","12","0.5/2","0.5","-/-","-","1","1-0","-/-","-","-","-","-","-","away",7487
2009,"University of Puget Sound","defense","Field-Eaton, Sean","1","7","8","0.5/1","0.5","-/-","-","-","0-0","-/-","-","-","-","-","-","away",7487
2009,"University of Puget Sound","defense","Vericella, Nick","4","4","8","0.5/1","0.5","-/-","-","-","0-0","-/-","-","-","-","-","-","away",7487
2009,"University of Puget Sound","defense","Dunn, Cory","3","4","7","0.5/2","0.5","-/-","-","-","0-1","1/-","-","-","-","-","-","away",7487
2009,"University of Puget Sound","defense","Milner, Damarkus","1","6","7","-/-","-","-/-","-","-","0-0","-/-","-","-","-","-","-","away",7487
2009,"University of Puget Sound","defense","Beck, Trevor","-","6","6","-/-","-","-/-","-","-","0-0","-/-","-","-","-","-","-","away",7487
2009,"University of Puget Sound","defense","Coberly, Casey","3","3","6","2.0/5","2.0","-/-","-","1","1-0","-/-","-","-","-","-","-","away",7487
2009,"University of Puget Sound","defense","Sobotka, James","-","3","3","-/-","-","-/-","-","-","0-0","-/-","-","-","-","-","-","away",7487
2009,"University of Puget Sound","defense","Speetjens, Frank","1","2","3","-/-","-","-/-","-","-","0-0","-/-","-","-","-","-","-","away",7487
2009,"University of Puget Sound","defense","Walker, Brian","2","1","3","-/-","-","-/-","-","-","0-0","-/-","-","-","-","-","-","away",7487
2009,"University of Puget Sound","defense","Kniffin, Adam","1","-","1","-/-","-","-/-","-","-","0-0","-/-","-","-","-","-","-","away",7487
2009,"University of Puget Sound","defense","Wacker, Niko","1","-","1","-/-","-","-/-","-","-","0-0","-/-","-","-","-","-","-","away",7487
2009,"University of Puget Sound","defense","Kyobe, Nasser","1","-","1","-/-","-","-/-","-","-","0-0","-/-","-","-","-","-","-","away",7487
2009,"University of Puget Sound","defense","Palmer, Greg","-","1","1","-/-","-","-/-","-","-","0-0","-/-","-","-","-","-","-","away",7487
2009,"University of Puget Sound","defense","Abdelrasuel, Nasser","-","-","-","-/-","-","-/-","-","-","0-0","-/-","-","-","1","-","-","away",7487
2009,"University of Puget Sound","defense","TEAM","-","-","-","-/-","-","-/-","-","-","0-1","1/-","-","-","-","-","-","away",7487
2009,"University of Redlands","defense","Brock Olson","2","6","8","-/-","-","-/-","-","-","0-0","-/-","-","-","1","1","-","home",7491
2009,"University of Redlands","defense","Matt Laredo","3","4","7","1.0/2","1.0","-/-","-","1","1-0","-/-","-","-","-","-","-","home",7491
2009,"University of Redlands","defense","Jake Weyerhauser","3","3","6","-/-","-","-/-","-","-","0-0","-/-","-","-","-","-","-","home",7491
2009,"University of Redlands","defense","Corbin Tognoni","4","2","6","1.0/1","1.0","-/-","-","-","0-0","-/-","-","-","-","-","-","home",7491
2009,"University of Redlands","defense","Nate Jiwanlal","2","4","6","-/-","-","-/-","-","-","0-0","-/-","-","-","-","-","-","home",7491
2009,"University of Redlands","defense","Patrick Atwater","1","5","6","1.0/6","1.0","1.0/6","1.0","-","0-0","-/-","-","-","-","-","-","home",7491
2009,"University of Redlands","defense","Sae Bin Park","1","5","6","-/-","-","-/-","-","-","0-0","-/-","-","-","-","-","-","home",7491
2009,"University of Redlands","defense","Adam Morris","2","3","5","-/-","-","-/-","-","-","0-0","-/-","-","-","-","-","-","home",7491
2009,"University of Redlands","defense","Dane Rymer","2","3","5","-/-","-","-/-","-","-","0-0","-/-","1-8","1","-","-","-","home",7491
2009,"University of Redlands","defense","Kyle Hansen","2","2","4","1.0/13","1.0","-/-","-","-","0-0","-/-","-","-","-","-","-","home",7491
2009,"University of Redlands","defense","Dan Picciotto","2","1","3","-/-","-","-/-","-","-","0-0","-/-","-","-","-","-","-","home",7491
2009,"University of Redlands","defense","Jackie Coburn","1","2","3","-/-","-","-/-","-","-","0-0","-/-","-","-","-","-","-","home",7491
2009,"University of Redlands","defense","David Henningsen","2","1","3","-/-","-","-/-","-","-","0-0","-/-","-","-","-","-","-","home",7491
2009,"University of Redlands","defense","Dylan Marcoot","3","-","3","1.0/2","1.0","-/-","-","-","0-0","-/-","-","-","-","-","-","home",7491
2009,"University of Redlands","defense","Grigoriy Gorshteyn","-","3","3","-/-","-","-/-","-","-","0-0","-/-","-","-","1","-","-","home",7491
2009,"University of Redlands","defense","Chet Corcos","2","-","2","-/-","-","-/-","-","-","0-0","-/-","-","-","-","-","-","home",7491
2009,"University of Redlands","defense","Daniel Andrew","1","1","2","1.0/5","1.0","1.0/5","1.0","-","0-0","-/-","-","-","-","-","-","home",7491
2009,"University of Redlands","defense","Mike Hirokawa","1","-","1","-/-","-","-/-","-","-","0-0","-/-","-","-","-","-","-","home",7491
2009,"University of Redlands","defense","Landon Patoc","-","1","1","-/-","-","-/-","-","-","0-0","-/-","1-40","1","3","-","-","home",7491
2009,"University of Redlands","defense","Ben Salzman","-","1","1","-/-","-","-/-","-","-","0-0","-/-","-","-","-","-","-","home",7491
2009,"University of Redlands","defense","Ed Mills","-","1","1","-/-","-","-/-","-","-","0-0","-/-","-","-","-","-","1","home",7491
2009,"University of Redlands","defense","Eric Yingling","-","-","-","-/-","-","-/-","-","-","0-0","-/-","-","-","-","-","1","home",7491
2009,"University of Redlands","defense","TEAM","-","-","-","-/-","-","-/-","-","-","0-1","1/-","-","-","-","-","-","home",7491
2009,"University of Redlands","defense","Josh Herrera","7","5","12","-/-","-","-/-","-","-","0-1","1/-","-","-","-","-","-","away",7491
2009,"University of Redlands","defense","Ian Sluss","4","4","8","2.5/9","2.5","2.0/8","2.0","-","0-0","-/-","-","-","-","-","-","away",7491
2009,"University of Redlands","defense","Mike Nicolini","3","3","6","2.0/15","2.0","1.0/9","1.0","-","0-0","-/-","-","-","-","-","-","away",7491
2009,"University of Redlands","defense","Mack Gordon","4","1","5","-/-","-","-/-","-","-","0-0","-/-","-","-","-","-","-","away",7491
2009,"University of Redlands","defense","Richard Dye II","1","3","4","-/-","-","-/-","-","-","0-0","-/-","1-4","1","-","-","-","away",7491
2009,"University of Redlands","defense","Josh Cunningham","2","2","4","-/-","-","-/-","-","-","0-0","-/-","-","-","-","-","-","away",7491
2009,"University of Redlands","defense","Vince DiPiero","1","2","3","-/-","-","-/-","-","-","0-0","-/-","-","-","-","-","-","away",7491
2009,"University of Redlands","defense","Scott Garner","1","2","3","-/-","-","-/-","-","-","0-1","1/-","-","-","-","-","-","away",7491
2009,"University of Redlands","defense","Mitchell Crocco","-","3","3","-/-","-","-/-","-","-","0-0","-/-","-","-","-","-","-","away",7491
2009,"University of Redlands","defense","Vince Aiello","-","2","2","-/-","-","-/-","-","-","0-0","-/-","-","-","-","-","-","away",7491
2009,"University of Redlands","defense","Steve Pope-Rolewski","1","1","2","-/-","-","-/-","-","-","0-0","-/-","-","-","-","-","-","away",7491
2009,"University of Redlands","defense","Jordan Garcia","-","2","2","1.0/2","1.0","-/-","-","-","0-0","-/-","-","-","-","-","-","away",7491
2009,"University of Redlands","defense","Spencer Minshew","1","1","2","0.5/2","0.5","-/-","-","-","0-0","-/-","-","-","-","-","-","away",7491
2009,"University of Redlands","defense","Evan Reuter","1","-","1","-/-","-","-/-","-","-","0-0","-/-","-","-","-","-","-","away",7491
2009,"University of Redlands","defense","Sean Scott","-","1","1","-/-","-","-/-","-","-","0-0","-/-","-","-","-","-","-","away",7491
2009,"University of Redlands","defense","Michael Polvere","1","-","1","-/-","-","-/-","-","1","1-1","1/-","-","-","-","-","-","away",7491
2009,"University of Redlands","defense","Jared Fink","1","-","1","1.0/1","1.0","-/-","-","-","0-0","-/-","-","-","-","-","-","away",7491
2009,"University of Redlands","defense","Matthew Collins","-","1","1","-/-","-","-/-","-","-","0-0","-/-","-","-","-","-","-","away",7491
2009,"University of Redlands","defense","Eddie Thomas","-","1","1","-/-","-","-/-","-","-","0-0","-/-","-","-","-","-","-","away",7491
2009,"University of Redlands","defense","Randall Crim","1","-","1","-/-","-","-/-","-","-","0-0","-/-","-","-","-","-","-","away",7491
2009,"University of Redlands","defense","Eric Schroeder","1","-","1","-/-","-","-/-","-","-","0-0","-/-","-","-","-","-","-","away",7491
2009,"University of Redlands","defense","Matt Mohr","1","-","1","-/-","-","-/-","-","-","0-0","-/-","-","-","-","-","-","away",7491
2009,"University of Redlands","defense","Daniel Allen","1","-","1","-/-","-","-/-","-","-","0-0","-/-","-","-","-","-","-","away",7491
2009,"Whittier College","defense","J. Cato","5","4","9","1.0/7","1.0","-/-","-","-","0-0","-/-","-","-","-","-","-","home",7493
2009,"Whittier College","defense","J. Lomeli","5","3","8","-/-","-","-/-","-","-","0-1","1/-","-","-","-","-","-","home",7493
2009,"Whittier College","defense","C. Syfers","3","5","8","-/-","-","-/-","-","1","1-0","-/-","-","-","-","-","-","home",7493
2009,"Whittier College","defense","T. Schilling","3","4","7","2.5/9","2.5","1.0/7","1.0","-","0-0","-/-","-","-","-","-","-","home",7493
2009,"Whittier College","defense","G. Salinas","3","3","6","-/-","-","-/-","-","-","0-0","-/-","-","-","-","-","-","home",7493
2009,"Whittier College","defense","A. Alonzo","5","1","6","1.0/14","1.0","1.0/14","1.0","2","2-0","-/-","-","-","-","-","-","home",7493
2009,"Whittier College","defense","R. Kirkpatrick","2","4","6","1.5/8","1.5","1.0/7","1.0","-","0-1","1/-","-","-","-","-","-","home",7493
2009,"Whittier College","defense","D. Cordova","1","3","4","-/-","-","-/-","-","-","0-0","-/-","-","-","-","-","-","home",7493
2009,"Whittier College","defense","B. Seitz","3","1","4","1.0/7","1.0","-/-","-","-","0-0","-/-","-","-","-","-","-","home",7493
2009,"Whittier College","defense","J. Porotesano","2","2","4","-/-","-","-/-","-","-","0-0","-/-","-","-","-","-","-","home",7493
2009,"Whittier College","defense","B. Johnson","2","1","3","-/-","-","-/-","-","-","0-1","1/-","-","-","-","-","-","home",7493
2009,"Whittier College","defense","J. Martinez","1","2","3","-/-","-","-/-","-","-","0-0","-/-","-","-","-","-","-","home",7493
2009,"Whittier College","defense","E. Newton","1","1","2","1.0/8","1.0","-/-","-","-","0-0","-/-","-","-","-","-","-","home",7493
2009,"Whittier College","defense","S. Sheets","-","2","2","-/-","-","-/-","-","-","0-0","-/-","-","-","-","-","-","home",7493
2009,"Whittier College","defense","R. Reynaga","1","-","1","-/-","-","-/-","-","-","0-0","-/-","-","-","-","-","-","home",7493
2009,"Whittier College","defense","C. Sears","-","1","1","-/-","-","-/-","-","-","0-0","-/-","-","-","-","-","-","home",7493
2009,"Whittier College","defense","T. Driskell","-","1","1","-/-","-","-/-","-","-","0-0","-/-","-","-","-","-","-","home",7493
2009,"Whittier College","defense","Tognoni","6","2","8","-/-","-","-/-","-","-","0-0","-/-","-","-","-","-","-","away",7493
2009,"Whittier College","defense","Picciotto","6","2","8","1.0/1","1.0","-/-","-","-","0-0","-/-","-","-","1","-","-","away",7493
2009,"Whittier College","defense","Morris","4","4","8","2.0/5","2.0","-/-","-","-","0-0","-/-","-","-","-","-","-","away",7493
2009,"Whittier College","defense","Olson","2","6","8","-/-","-","-/-","-","-","0-0","-/-","-","-","-","-","-","away",7493
2009,"Whittier College","defense","Atwater","3","4","7","1.0/1","1.0","-/-","-","-","0-0","-/-","-","-","-","-","-","away",7493
2009,"Whittier College","defense","Patoc","2","4","6","-/-","-","-/-","-","-","0-0","-/-","-","-","-","-","-","away",7493
2009,"Whittier College","defense","Mills","1","3","4","0.5/-","0.5","-/-","-","-","0-0","-/-","-","-","-","-","1","away",7493
2009,"Whittier College","defense","Rymer","-","3","3","0.5/-","0.5","-/-","-","-","0-0","-/-","-","-","-","-","-","away",7493
2009,"Whittier College","defense","Marcoot","1","1","2","-/-","-","-/-","-","-","0-0","-/-","-","-","-","-","-","away",7493
2009,"Whittier College","defense","Nottke","-","2","2","0.5/1","0.5","-/-","-","-","0-0","-/-","-","-","-","-","-","away",7493
2009,"Whittier College","defense","Gorshteyn","-","2","2","0.5/1","0.5","-/-","-","-","0-0","-/-","-","-","-","-","-","away",7493
2009,"Whittier College","defense","Hirokawa","1","-","1","-/-","-","-/-","-","-","0-0","-/-","-","-","-","-","-","away",7493
2009,"Whittier College","defense","Jiwanlal","-","1","1","-/-","-","-/-","-","-","0-0","-/-","-","-","-","1","-","away",7493
2009,"Whittier College","defense","Hansen","-","1","1","-/-","-","-/-","-","-","0-0","-/-","-","-","-","-","-","away",7493
2009,"Whittier College","defense","Henningsen","-","1","1","-/-","-","-/-","-","-","0-0","-/-","-","-","-","-","-","away",7493
2009,"Whittier College","defense","StorrieLombardi","-","1","1","-/-","-","-/-","-","-","0-0","-/-","-","-","-","-","-","away",7493
2009,"Whittier College","defense","Laredo","-","1","1","-/-","-","-/-","-","-","0-0","-/-","-","-","1","-","-","away",7493
2009,"Whittier College","defense","Salzman","-","1","1","-/-","-","-/-","-","-","0-0","-/-","-","-","-","-","-","away",7493
2009,"Whittier College","defense","E. Yingling","-","1","1","-/-","-","-/-","-","-","0-0","-/-","-","-","-","-","-","away",7493
